"","anom","date","week"
"149",1.01443960836383,1981-11-04,44
"150",0.198683493932083,1981-11-11,45
"151",0.731792837405546,1981-11-18,46
"152",0.733423986113816,1981-11-25,47
"153",0.0216110664856197,1981-12-02,48
"154",1.12308149252619,1981-12-09,49
"155",1.1583072245121,1981-12-16,50
"156",1.688097323708,1981-12-23,51
"157",0.585761378956225,1981-12-30,52
"158",-0.475986286857143,1982-01-06,1
"159",-0.166351651582221,1982-01-13,2
"160",-0.899683458571429,1982-01-20,3
"161",-0.665634112714286,1982-01-27,4
"162",-0.431807141285714,1982-02-03,5
"163",-0.331072243992233,1982-02-10,6
"164",0.309626733664632,1982-02-17,7
"165",1.2635822637006,1982-02-24,8
"166",1.7072160584586,1982-03-03,9
"167",2.03426928178459,1982-03-10,10
"168",0.694954542136396,1982-03-17,11
"169",1.33399207670741,1982-03-24,12
"170",1.97079309395381,1982-03-31,13
"171",1.29717497740473,1982-04-07,14
"172",1.76418070276822,1982-04-14,15
"173",0.872780425227666,1982-04-21,16
"174",1.76321813038417,1982-04-28,17
"175",1.65724031840052,1982-05-05,18
"176",-0.14363848653316,1982-05-12,19
"177",-0.920110528,1982-05-19,20
"178",-0.383191004951134,1982-05-26,21
"179",0.829106135027749,1982-06-02,22
"180",-0.337831137575219,1982-06-09,23
"181",1.16084556068693,1982-06-16,24
"182",1.66241984707969,1982-06-23,25
"183",0.714884411031585,1982-06-30,26
"184",-1.07049649957143,1982-07-07,27
"185",-2.04757983342857,1982-07-14,28
"186",0.0650566561031887,1982-07-21,29
"187",1.18320180688586,1982-07-28,30
"188",1.21344973359789,1982-08-04,31
"189",0.460524622883116,1982-08-11,32
"190",0.0705899595785174,1982-08-18,33
"191",1.11567472562644,1982-08-25,34
"192",0.901333749294281,1982-09-01,35
"193",1.54374352530351,1982-09-08,36
"194",2.06584049122674,1982-09-15,37
"195",1.71246901586718,1982-09-22,38
"196",1.191729085786,1982-09-29,39
"197",-0.626142431480059,1982-10-06,40
"198",-1.30867843971429,1982-10-13,41
"199",-0.916131441142857,1982-10-20,42
"200",-0.59303015465709,1982-10-27,43
"201",-0.253861112435626,1982-11-03,44
"202",-1.03226189957143,1982-11-10,45
"203",-0.356272442,1982-11-17,46
"204",-1.55043734814286,1982-11-24,47
"205",-0.803356434571429,1982-12-01,48
"206",-1.15941865942857,1982-12-08,49
"207",-2.70514937814286,1982-12-15,50
"208",-1.92768222942857,1982-12-22,51
"209",-2.27572073242857,1982-12-29,52
"210",-1.34840154642857,1983-01-05,1
"211",-1.08962993728571,1983-01-12,2
"212",-1.38457827914286,1983-01-19,3
"213",-1.15443570257143,1983-01-26,4
"214",-2.01258587842857,1983-02-02,5
"215",-2.575409276,1983-02-09,6
"216",0.111905102609103,1983-02-16,7
"217",-0.22812836500946,1983-02-23,8
"218",-0.313323265758902,1983-03-02,9
"219",0.189750785008268,1983-03-09,10
"220",0.918428267751421,1983-03-16,11
"221",0.308345349723619,1983-03-23,12
"222",-0.360055704046173,1983-03-30,13
"223",-0.266676069414479,1983-04-06,14
"224",-0.0176135983415669,1983-04-13,15
"225",0.778589468995553,1983-04-20,16
"226",0.107798476284116,1983-04-27,17
"227",-0.919061363906449,1983-05-04,18
"228",0.251366558962645,1983-05-11,19
"229",0.740352341062552,1983-05-18,20
"230",-1.46636196973718,1983-05-25,21
"231",-0.125470812782521,1983-06-01,22
"232",0.901723214558193,1983-06-08,23
"233",1.56284265006054,1983-06-15,24
"234",-2.56363354414286,1983-06-22,25
"235",-1.48125809442857,1983-06-29,26
"236",0.349729158880018,1983-07-06,27
"237",0.445854969314078,1983-07-13,28
"238",0.801963682753176,1983-07-20,29
"239",2.8987854208265,1983-07-27,30
"240",2.47012744631086,1983-08-03,31
"241",2.26364037820271,1983-08-10,32
"242",0.302732219941855,1983-08-17,33
"243",-0.590815997571429,1983-08-24,34
"244",-1.67481047771429,1983-08-31,35
"245",-0.380993324718901,1983-09-07,36
"246",-2.36732539114286,1983-09-14,37
"247",0.119912025129316,1983-09-21,38
"248",1.00396206549236,1983-09-28,39
"249",2.39206336223205,1983-10-05,40
"250",0.873668457766368,1983-10-12,41
"251",-0.930541847451577,1983-10-19,42
"252",1.82788699013846,1983-10-26,43
"253",1.92541301250458,1983-11-02,44
"254",0.300832692625445,1983-11-09,45
"255",-0.172354301250997,1983-11-16,46
"256",0.819474850442579,1983-11-23,47
"257",1.05087058884757,1983-11-30,48
"258",0.526985031153475,1983-12-07,49
"259",0.303612036938326,1983-12-14,50
"260",0.0101555852136906,1983-12-21,51
"261",0.883937598839852,1983-12-28,52
"262",-0.538640971579276,1984-01-04,1
"263",-0.235925918571429,1984-01-11,2
"264",-1.39321366357143,1984-01-18,3
"265",-1.53442592271429,1984-01-25,4
"266",-2.46893075542857,1984-02-01,5
"267",-1.21257116955529,1984-02-08,6
"268",0.546577692031001,1984-02-15,7
"269",-0.120454079353771,1984-02-22,8
"270",0.472108013975119,1984-02-29,9
"271",-0.330128624964835,1984-03-07,10
"272",0.37085399883134,1984-03-14,11
"273",0.290588236261925,1984-03-21,12
"274",0.334785572626713,1984-03-28,13
"275",-0.106008294088371,1984-04-04,14
"276",-0.703392582285714,1984-04-11,15
"277",0.374216729648882,1984-04-18,16
"278",-0.385162104999139,1984-04-25,17
"279",-0.252141488560818,1984-05-02,18
"280",-1.07537621257143,1984-05-09,19
"281",-2.79776447157143,1984-05-16,20
"282",-0.906220989504519,1984-05-23,21
"283",-0.158061342633203,1984-05-30,22
"284",0.51244818550403,1984-06-06,23
"285",0.551430642692385,1984-06-13,24
"286",0.507647320600414,1984-06-20,25
"287",0.0396841766388114,1984-06-27,26
"288",-0.805618388428571,1984-07-04,27
"289",0.312075333929073,1984-07-11,28
"290",1.49521286044882,1984-07-18,29
"291",2.31077633584802,1984-07-25,30
"292",0.0806157588680812,1984-08-01,31
"293",-0.258203923877904,1984-08-08,32
"294",0.112977768113818,1984-08-15,33
"295",-0.936847848428571,1984-08-22,34
"296",-0.849638908571429,1984-08-29,35
"297",-0.330199774428571,1984-09-05,36
"298",0.465047738396338,1984-09-12,37
"299",0.904730337006705,1984-09-19,38
"300",0.31261920531388,1984-09-26,39
"301",0.0419615059920425,1984-10-03,40
"302",0.364307942166719,1984-10-10,41
"303",0.699088258402688,1984-10-17,42
"304",-0.695440954571429,1984-10-24,43
"305",-0.606754849961924,1984-10-31,44
"306",0.174240333704524,1984-11-07,45
"307",-0.265134041507232,1984-11-14,46
"308",0.375400417500916,1984-11-21,47
"309",-0.341122900285714,1984-11-28,48
"310",-0.679067861018384,1984-12-05,49
"311",-1.71303673314286,1984-12-12,50
"312",-2.08592164514286,1984-12-19,51
"313",-1.44782490371429,1984-12-26,52
"314",-1.12623260685714,1985-01-02,1
"315",-1.493167298,1985-01-09,2
"316",-0.496294718857143,1985-01-16,3
"317",-0.352936399857143,1985-01-23,4
"318",-0.541371415571429,1985-01-30,5
"319",-0.772486597428571,1985-02-06,6
"320",1.04362676509279,1985-02-13,7
"321",0.262866486842486,1985-02-20,8
"322",0.637875455790155,1985-02-27,9
"323",0.299869175384234,1985-03-06,10
"324",0.355808060049585,1985-03-13,11
"325",-1.45200489242857,1985-03-20,12
"326",0.134517217069079,1985-03-27,13
"327",-0.0686701361704548,1985-04-03,14
"328",0.0888586641398708,1985-04-10,15
"329",0.888950990867296,1985-04-17,16
"330",-0.700108434428571,1985-04-24,17
"331",0.0587791351080001,1985-05-01,18
"332",-0.231228380593923,1985-05-08,19
"333",-0.128465929199239,1985-05-15,20
"334",-0.346954089082522,1985-05-22,21
"335",0.402373838675204,1985-05-29,22
"336",0.356305106326535,1985-06-05,23
"337",-0.870012112857143,1985-06-12,24
"338",-1.02387269028571,1985-06-19,25
"339",-0.268342602564301,1985-06-26,26
"340",2.20305269105094,1985-07-03,27
"341",1.40818019421947,1985-07-10,28
"342",2.45966131346566,1985-07-17,29
"343",1.78600026875275,1985-07-24,30
"344",0.845454809921128,1985-07-31,31
"345",0.424849469802295,1985-08-07,32
"346",0.336299554560287,1985-08-14,33
"347",0.590877874620311,1985-08-21,34
"348",0.929097746123352,1985-08-28,35
"349",0.752680914775212,1985-09-04,36
"350",1.0008513153443,1985-09-11,37
"351",2.38691919190543,1985-09-18,38
"352",2.06597868885313,1985-09-25,39
"353",0.0252954045969402,1985-10-02,40
"354",0.865786416190011,1985-10-09,41
"355",1.78189136300768,1985-10-16,42
"356",-0.197475409969606,1985-10-23,43
"357",-0.406717270429509,1985-10-30,44
"358",-0.448863564,1985-11-06,45
"359",1.57918146678756,1985-11-13,46
"360",2.02305340766907,1985-11-20,47
"361",1.26019247089114,1985-11-27,48
"362",1.12627305303301,1985-12-04,49
"363",1.51687047311238,1985-12-11,50
"364",1.33373042508725,1985-12-18,51
"365",1.25636186766706,1985-12-25,52
"366",-0.0279379694863063,1986-01-01,1
"367",-0.387071624142857,1986-01-08,2
"368",-0.316222290933261,1986-01-15,3
"369",0.667465640003956,1986-01-22,4
"370",0.933038830757141,1986-01-29,5
"371",-0.62351437361033,1986-02-05,6
"372",-1.75261613314286,1986-02-12,7
"373",-1.88712525371429,1986-02-19,8
"374",-2.24953067314286,1986-02-26,9
"375",-1.38400462685714,1986-03-05,10
"376",-1.03949234114286,1986-03-12,11
"377",-1.52430491357143,1986-03-19,12
"378",0.267740620505188,1986-03-26,13
"379",0.941992467497645,1986-04-02,14
"380",-0.787438824857143,1986-04-09,15
"381",-0.304472760139662,1986-04-16,16
"382",0.206492076659515,1986-04-23,17
"383",-0.15434771361273,1986-04-30,18
"384",-2.40537636628571,1986-05-07,19
"385",-2.76640341971429,1986-05-14,20
"386",-1.77101000714286,1986-05-21,21
"387",-0.617699594225264,1986-05-28,22
"388",1.2236986501345,1986-06-04,23
"389",-1.665573567,1986-06-11,24
"390",-1.136220153,1986-06-18,25
"391",-0.640931109,1986-06-25,26
"392",0.268403553496538,1986-07-02,27
"393",0.633619573464249,1986-07-09,28
"394",0.0848684897532305,1986-07-16,29
"395",-0.616460983971776,1986-07-23,30
"396",-0.403747324282838,1986-07-30,31
"397",0.204700326962376,1986-08-06,32
"398",-0.35866990628806,1986-08-13,33
"399",0.0558309124509975,1986-08-20,34
"400",-0.50871993387252,1986-08-27,35
"401",0.419469818396201,1986-09-03,36
"402",0.262666271125889,1986-09-10,37
"403",0.210722138394758,1986-09-17,38
"404",1.99717145303405,1986-09-24,39
"405",1.07717786938887,1986-10-01,40
"406",0.734281893287386,1986-10-08,41
"407",0.281745612666946,1986-10-15,42
"408",0.0288369628485761,1986-10-22,43
"409",-0.139608251311436,1986-10-29,44
"410",0.104515282180868,1986-11-05,45
"411",-0.971334874571429,1986-11-12,46
"412",0.119716761180983,1986-11-19,47
"413",-0.294495249212594,1986-11-26,48
"414",0.824421464796837,1986-12-03,49
"415",-0.134503351232803,1986-12-10,50
"416",0.738806233047446,1986-12-17,51
"417",1.37247696944645,1986-12-24,52
"418",1.62969078336443,1986-12-31,53
"419",1.20824237380709,1987-01-07,1
"420",-0.908936027857143,1987-01-14,2
"421",-2.62334370614286,1987-01-21,3
"422",-2.39577085614286,1987-01-28,4
"423",-2.975265026,1987-02-04,5
"424",-0.816590873564126,1987-02-11,6
"425",0.707691531093336,1987-02-18,7
"426",0.344953211290496,1987-02-25,8
"427",0.987569825989859,1987-03-04,9
"428",0.441842377152097,1987-03-11,10
"429",-0.258204136521914,1987-03-18,11
"430",-1.11205108671429,1987-03-25,12
"431",-1.33032042657143,1987-04-01,13
"432",-1.02534810985714,1987-04-08,14
"433",0.559605734744385,1987-04-15,15
"434",0.460704292632695,1987-04-22,16
"435",-0.687331736142857,1987-04-29,17
"436",0.210929088316804,1987-05-06,18
"437",-0.736046837857143,1987-05-13,19
"438",-0.379890967800354,1987-05-20,20
"439",1.12541829688208,1987-05-27,21
"440",-1.15636116488052,1987-06-03,22
"441",-0.660810990001482,1987-06-10,23
"442",0.651166515643577,1987-06-17,24
"443",-1.01470605285714,1987-06-24,25
"444",-1.59270463671429,1987-07-01,26
"445",-1.579949992,1987-07-08,27
"446",-2.21094149357143,1987-07-15,28
"447",-0.298710598428571,1987-07-22,29
"448",-1.48782422271429,1987-07-29,30
"449",1.3189271560561,1987-08-05,31
"450",1.24206477403641,1987-08-12,32
"451",1.37127770696368,1987-08-19,33
"452",1.85488380704607,1987-08-26,34
"453",1.55523590530668,1987-09-02,35
"454",-0.973952923619361,1987-09-09,36
"455",-2.467725362,1987-09-16,37
"456",-0.162283722974173,1987-09-23,38
"457",-1.20437562457143,1987-09-30,39
"458",-0.387343231293915,1987-10-07,40
"459",0.358519726620942,1987-10-14,41
"460",1.29607950150967,1987-10-21,42
"461",1.17078116110393,1987-10-28,43
"462",0.965424444035802,1987-11-04,44
"463",1.61534998246602,1987-11-11,45
"464",1.41620964668802,1987-11-18,46
"465",0.246726484472198,1987-11-25,47
"466",0.14598434753327,1987-12-02,48
"467",-0.257516371285714,1987-12-09,49
"468",0.145016938580413,1987-12-16,50
"469",0.929608385469169,1987-12-23,51
"470",0.412168311221259,1987-12-30,52
"471",-0.347711404434179,1988-01-06,1
"472",-0.429188013196921,1988-01-13,2
"473",-1.41782643957143,1988-01-20,3
"474",-0.558650733,1988-01-27,4
"475",0.622844734362194,1988-02-03,5
"476",1.32198662417276,1988-02-10,6
"477",0.528221749772084,1988-02-17,7
"478",-0.402370381714286,1988-02-24,8
"479",0.913736026201929,1988-03-02,9
"480",1.48447322845459,1988-03-09,10
"481",-0.261692187572529,1988-03-16,11
"482",-1.30154957942857,1988-03-23,12
"483",-2.18943597585714,1988-03-30,13
"484",-0.686297025142857,1988-04-06,14
"485",0.64885790584913,1988-04-13,15
"486",-0.18462596323111,1988-04-20,16
"487",0.45538486759882,1988-04-27,17
"488",0.718784491930689,1988-05-04,18
"489",-0.789254049142857,1988-05-11,19
"490",-1.981232388,1988-05-18,20
"491",-0.816151793571429,1988-05-25,21
"492",-0.401771035717864,1988-06-01,22
"493",-1.26660182642857,1988-06-08,23
"494",-0.52751079,1988-06-15,24
"495",-1.09638043814286,1988-06-22,25
"496",-1.54632763342857,1988-06-29,26
"497",0.0309301430150558,1988-07-06,27
"498",0.765367490887194,1988-07-13,28
"499",1.03687500102179,1988-07-20,29
"500",0.725293695974771,1988-07-27,30
"501",0.304954111605883,1988-08-03,31
"502",1.0489946672959,1988-08-10,32
"503",-2.15671890114286,1988-08-17,33
"504",-2.524681449,1988-08-24,34
"505",1.08547481888416,1988-08-31,35
"506",-0.323656392454293,1988-09-07,36
"507",-1.47929693971429,1988-09-14,37
"508",-0.645930782,1988-09-21,38
"509",-1.70500383214286,1988-09-28,39
"510",-1.74163980142857,1988-10-05,40
"511",-2.42345288828571,1988-10-12,41
"512",-3.14801076485714,1988-10-19,42
"513",-1.65096325542857,1988-10-26,43
"514",-1.63032017428571,1988-11-02,44
"515",0.448129305054473,1988-11-09,45
"516",1.28456145524979,1988-11-16,46
"517",0.927125215530396,1988-11-23,47
"518",0.225083036500584,1988-11-30,48
"519",1.00514388297285,1988-12-07,49
"520",0.629378823354319,1988-12-14,50
"521",1.15356900862285,1988-12-21,51
"522",1.62057195390974,1988-12-28,52
"523",1.52060199635369,1989-01-04,1
"524",0.750355737608089,1989-01-11,2
"525",-0.15413644904017,1989-01-18,3
"526",0.229978797620992,1989-01-25,4
"527",0.42852607801212,1989-02-01,5
"528",-0.34911631273029,1989-02-08,6
"529",0.900570520251792,1989-02-15,7
"530",1.44132817643029,1989-02-22,8
"531",2.23450452940805,1989-03-01,9
"532",0.823336035001288,1989-03-08,10
"533",0.0164992808989258,1989-03-15,11
"534",0.908284779105868,1989-03-22,12
"535",-0.406385231285714,1989-03-29,13
"536",-1.48279114285714,1989-04-05,14
"537",-1.008072125,1989-04-12,15
"538",-0.383629999,1989-04-19,16
"539",0.569716829303685,1989-04-26,17
"540",1.76611984634544,1989-05-03,18
"541",2.07735163824899,1989-05-10,19
"542",3.22773930004665,1989-05-17,20
"543",3.05242698526793,1989-05-24,21
"544",2.1403090272631,1989-05-31,22
"545",1.27385872176715,1989-06-07,23
"546",1.9435247523444,1989-06-14,24
"547",2.36644160747528,1989-06-21,25
"548",2.35336092540196,1989-06-28,26
"549",1.79502950395857,1989-07-05,27
"550",2.47085446970803,1989-07-12,28
"551",0.355171160950167,1989-07-19,29
"552",1.19315077630537,1989-07-26,30
"553",1.50342498393693,1989-08-02,31
"554",-0.18216285555831,1989-08-09,32
"555",-0.357221861885873,1989-08-16,33
"556",1.175517306085,1989-08-23,34
"557",-3.71027197171429,1989-08-30,35
"558",-1.41419381757143,1989-09-06,36
"559",1.06129195858657,1989-09-13,37
"560",-1.07833539385714,1989-09-20,38
"561",1.98740445290293,1989-09-27,39
"562",0.265314819464238,1989-10-04,40
"563",-0.813610408857143,1989-10-11,41
"564",-0.571592061978029,1989-10-18,42
"565",0.477786938064671,1989-10-25,43
"566",2.6691679614288,1989-11-01,44
"567",1.14180051425162,1989-11-08,45
"568",-0.231432381563633,1989-11-15,46
"569",0.297578702227022,1989-11-22,47
"570",-0.327415775995367,1989-11-29,48
"571",-0.652897694126495,1989-12-06,49
"572",-0.729218197857143,1989-12-13,50
"573",-0.111141474,1989-12-20,51
"574",-0.437021287428571,1989-12-27,52
"575",0.304327876328432,1990-01-03,1
"576",0.0240532223674567,1990-01-10,2
"577",-1.681054592,1990-01-17,3
"578",-0.648094810075642,1990-01-24,4
"579",1.45989436769045,1990-01-31,5
"580",1.87710738182068,1990-02-07,6
"581",0.57694259924362,1990-02-14,7
"582",0.632044073697935,1990-02-21,8
"583",0.0965368449019274,1990-02-28,9
"584",0.193512550463366,1990-03-07,10
"585",0.775355845689774,1990-03-14,11
"586",0.28371198908534,1990-03-21,12
"587",0.80957193672657,1990-03-28,13
"588",-1.04695775885714,1990-04-04,14
"589",-1.52548088342857,1990-04-11,15
"590",-0.900384647540386,1990-04-18,16
"591",-2.84463197742857,1990-04-25,17
"592",-4.66489802071429,1990-05-02,18
"593",-3.88522328642857,1990-05-09,19
"594",-1.16721030699614,1990-05-16,20
"595",0.499422251142349,1990-05-23,21
"596",-0.231289819552216,1990-05-30,22
"597",-0.540889394029929,1990-06-06,23
"598",0.378883939810418,1990-06-13,24
"599",0.660591318134057,1990-06-20,25
"600",0.156913882916186,1990-06-27,26
"601",-0.456576828409245,1990-07-04,27
"602",-2.013666962,1990-07-11,28
"603",-2.21601729742857,1990-07-18,29
"604",-0.620536987285714,1990-07-25,30
"605",0.784549210752402,1990-08-01,31
"606",1.16459803070341,1990-08-08,32
"607",0.810871593920248,1990-08-15,33
"608",0.278838833478825,1990-08-22,34
"609",-1.08903123657143,1990-08-29,35
"610",0.708306803814773,1990-09-05,36
"611",2.10823481423514,1990-09-12,37
"612",1.22537248475211,1990-09-19,38
"613",1.92364883422852,1990-09-26,39
"614",1.24084046057292,1990-10-03,40
"615",0.286661075595448,1990-10-10,41
"616",-0.90177732054923,1990-10-17,42
"617",0.504057313734475,1990-10-24,43
"618",-0.966785486285714,1990-10-31,44
"619",-0.261473798332966,1990-11-07,45
"620",0.452219920407861,1990-11-14,46
"621",-0.801738553714286,1990-11-21,47
"622",-0.284422371221056,1990-11-28,48
"623",0.536242212640871,1990-12-05,49
"624",0.246185175137338,1990-12-12,50
"625",-1.19434063771429,1990-12-19,51
"626",-0.598292772142857,1990-12-26,52
"627",0.148861459988887,1991-01-02,1
"628",0.869367177997317,1991-01-09,2
"629",1.52854726995741,1991-01-16,3
"630",0.865965778350965,1991-01-23,4
"631",-0.0764365888462394,1991-01-30,5
"632",-0.737582113,1991-02-06,6
"633",-0.606897427714286,1991-02-13,7
"634",-1.68576049785714,1991-02-20,8
"635",-0.0308033388847765,1991-02-27,9
"636",0.689444111896447,1991-03-06,10
"637",1.47994496138483,1991-03-13,11
"638",0.278260670621504,1991-03-20,12
"639",-0.144421166694113,1991-03-27,13
"640",-0.774472918,1991-04-03,14
"641",-0.76559851855195,1991-04-10,15
"642",-0.319541984317881,1991-04-17,16
"643",-0.616540369,1991-04-24,17
"644",-0.795928299571429,1991-05-01,18
"645",0.23133633504255,1991-05-08,19
"646",0.721511904678094,1991-05-15,20
"647",-1.60460117244796,1991-05-22,21
"648",-1.33504817314286,1991-05-29,22
"649",-0.742395158142857,1991-06-05,23
"650",-1.63268354114286,1991-06-12,24
"651",-1.22020703542857,1991-06-19,25
"652",-1.09833652842857,1991-06-26,26
"653",0.773102085505213,1991-07-03,27
"654",-0.866827921105109,1991-07-10,28
"655",-0.608072761857143,1991-07-17,29
"656",-2.89787455971429,1991-07-24,30
"657",-2.15851703714286,1991-07-31,31
"658",-0.11702588214975,1991-08-07,32
"659",0.0122454751416386,1991-08-14,33
"660",0.233417598907353,1991-08-21,34
"661",0.572208440671017,1991-08-28,35
"662",0.203185732891434,1991-09-04,36
"663",1.61780709875822,1991-09-11,37
"664",-0.856645213539629,1991-09-18,38
"665",-2.217853427,1991-09-25,39
"666",-2.91857320928571,1991-10-02,40
"667",-2.48105900614286,1991-10-09,41
"668",-0.429411815669952,1991-10-16,42
"669",0.917781659534999,1991-10-23,43
"670",1.95175376960209,1991-10-30,44
"671",0.394258648256134,1991-11-06,45
"672",-1.76485281328571,1991-11-13,46
"673",-1.39881693442857,1991-11-20,47
"674",-1.15384667242857,1991-11-27,48
"675",-2.152578933,1991-12-04,49
"676",-1.46068329471429,1991-12-11,50
"677",-2.29556979457143,1991-12-18,51
"678",-2.45742024671429,1991-12-25,52
"679",-1.17087969614286,1992-01-01,1
"680",0.362102916875019,1992-01-08,2
"681",0.175658892250629,1992-01-15,3
"682",0.0397887918288247,1992-01-22,4
"683",0.372871627706521,1992-01-29,5
"684",-0.878431039428571,1992-02-05,6
"685",-1.78821121785714,1992-02-12,7
"686",-2.277617182,1992-02-19,8
"687",-1.51755122642857,1992-02-26,9
"688",-0.689034513,1992-03-04,10
"689",-0.578844917857143,1992-03-11,11
"690",-2.11486858971429,1992-03-18,12
"691",-0.634835000428571,1992-03-25,13
"692",-0.907151494714286,1992-04-01,14
"693",-0.161804114049615,1992-04-08,15
"694",0.584729442184861,1992-04-15,16
"695",-0.666623266857143,1992-04-22,17
"696",-1.87456220819808,1992-04-29,18
"697",-2.53137999771429,1992-05-06,19
"698",-1.19075292342857,1992-05-13,20
"699",-1.936198754,1992-05-20,21
"700",-2.08022545914286,1992-05-27,22
"701",-0.0678253690742667,1992-06-03,23
"702",-0.10990021490865,1992-06-10,24
"703",-3.79987577028571,1992-06-17,25
"704",-3.33579138342857,1992-06-24,26
"705",-3.68466639514286,1992-07-01,27
"706",-2.388816612,1992-07-08,28
"707",0.503364320362599,1992-07-15,29
"708",1.26475388665017,1992-07-22,30
"709",0.249269021383569,1992-07-29,31
"710",-0.806595925733119,1992-08-05,32
"711",-0.210151960321289,1992-08-12,33
"712",-0.0451404261551655,1992-08-19,34
"713",-0.952465586755335,1992-08-26,35
"714",0.827833756712234,1992-09-02,36
"715",-0.487522214518624,1992-09-09,37
"716",2.01416603156499,1992-09-16,38
"717",-0.337603228434348,1992-09-23,39
"718",-0.196096844051238,1992-09-30,40
"719",1.16120309913412,1992-10-07,41
"720",-0.281221337637044,1992-10-14,42
"721",-0.577057397571429,1992-10-21,43
"722",-1.39086335042857,1992-10-28,44
"723",-0.943948524285714,1992-11-04,45
"724",1.04546755131185,1992-11-11,46
"725",0.587193277864153,1992-11-18,47
"726",-0.134721892455602,1992-11-25,48
"727",0.0738720982867835,1992-12-02,49
"728",0.745001733279999,1992-12-09,50
"729",0.550274742646415,1992-12-16,51
"730",-0.0947154484859074,1992-12-23,52
"731",-0.725550361091406,1992-12-30,53
"732",-1.630591614,1993-01-06,1
"733",-1.99553137157143,1993-01-13,2
"734",-2.86411588528571,1993-01-20,3
"735",-1.40919551685714,1993-01-27,4
"736",-1.50518076342857,1993-02-03,5
"737",1.1942161832537,1993-02-10,6
"738",1.00703888280399,1993-02-17,7
"739",0.627504820199602,1993-02-24,8
"740",0.518160064819127,1993-03-03,9
"741",0.424415933113759,1993-03-10,10
"742",0.331892443630273,1993-03-17,11
"743",-1.43498261485714,1993-03-24,12
"744",-1.47326208223818,1993-03-31,13
"745",0.170956442963431,1993-04-07,14
"746",-0.44765052564233,1993-04-14,15
"747",0.153287975381781,1993-04-21,16
"748",0.761213247265135,1993-04-28,17
"749",1.14588621674885,1993-05-05,18
"750",0.905552855521997,1993-05-12,19
"751",1.92051414081029,1993-05-19,20
"752",1.23241547601564,1993-05-26,21
"753",0.0725226615191345,1993-06-02,22
"754",-0.257862942608771,1993-06-09,23
"755",2.17838929380689,1993-06-16,24
"756",1.98857213778965,1993-06-23,25
"757",1.28767730508407,1993-06-30,26
"758",1.47048018659864,1993-07-07,27
"759",2.58443408352988,1993-07-14,28
"760",3.1434896503176,1993-07-21,29
"761",0.818774227623099,1993-07-28,30
"762",1.07651705614158,1993-08-04,31
"763",0.715525933246833,1993-08-11,32
"764",0.678805466209139,1993-08-18,33
"765",1.47047604832884,1993-08-25,34
"766",1.51376436437879,1993-09-01,35
"767",2.20808233533587,1993-09-08,36
"768",-0.323577135270273,1993-09-15,37
"769",1.41485391131469,1993-09-22,38
"770",0.473090923239756,1993-09-29,39
"771",1.50086343288422,1993-10-06,40
"772",0.623494978015002,1993-10-13,41
"773",0.537507371444787,1993-10-20,42
"774",0.380533241780282,1993-10-27,43
"775",-0.0684679724345632,1993-11-03,44
"776",0.359883689454624,1993-11-10,45
"777",-0.15894064290724,1993-11-17,46
"778",0.734657325911708,1993-11-24,47
"779",0.548185128718615,1993-12-01,48
"780",0.88808587622695,1993-12-08,49
"781",1.374447950362,1993-12-15,50
"782",0.683343815000702,1993-12-22,51
"783",1.31422287651471,1993-12-29,52
"784",-0.115062411245747,1994-01-05,1
"785",0.699454490679027,1994-01-12,2
"786",0.86508338366236,1994-01-19,3
"787",1.31395254816328,1994-01-26,4
"788",0.61414197087907,1994-02-02,5
"789",1.58463200501033,1994-02-09,6
"790",1.27693922179086,1994-02-16,7
"791",0.875892754111971,1994-02-23,8
"792",0.65809897014073,1994-03-02,9
"793",0.508967046226774,1994-03-09,10
"794",0.587148296046735,1994-03-16,11
"795",1.05484467744827,1994-03-23,12
"796",0.628933196123282,1994-03-30,13
"797",-0.126582805659731,1994-04-06,14
"798",0.585896343718957,1994-04-13,15
"799",-2.04646717657143,1994-04-20,16
"800",1.21370595693588,1994-04-27,17
"801",2.19072212491616,1994-05-04,18
"802",1.36719484843263,1994-05-11,19
"803",-1.23990761385714,1994-05-18,20
"804",-1.89997838228571,1994-05-25,21
"805",-1.538885686,1994-06-01,22
"806",0.240660243754308,1994-06-08,23
"807",-2.21963178257143,1994-06-15,24
"808",-2.67203620514286,1994-06-22,25
"809",-2.458073582,1994-06-29,26
"810",-0.112283534194935,1994-07-06,27
"811",-1.22011430357143,1994-07-13,28
"812",-0.794430615496819,1994-07-20,29
"813",0.404240047304993,1994-07-27,30
"814",1.70968217509133,1994-08-03,31
"815",2.36130806377956,1994-08-10,32
"816",2.61375399998256,1994-08-17,33
"817",1.33035113130297,1994-08-24,34
"818",0.355909642336261,1994-08-31,35
"819",0.86756571488721,1994-09-07,36
"820",-0.303748286764994,1994-09-14,37
"821",-2.13077163685714,1994-09-21,38
"822",-2.71704554557143,1994-09-28,39
"823",-1.01664428614286,1994-10-05,40
"824",0.253420440478745,1994-10-12,41
"825",-0.849873120175976,1994-10-19,42
"826",-0.293534908109617,1994-10-26,43
"827",-0.595441528857143,1994-11-02,44
"828",-1.16467132742857,1994-11-09,45
"829",-1.36790873328571,1994-11-16,46
"830",-0.653323054285714,1994-11-23,47
"831",0.0913249039983455,1994-11-30,48
"832",0.598743652654364,1994-12-07,49
"833",1.6464535679136,1994-12-14,50
"834",0.932401231420541,1994-12-21,51
"835",0.976192346640996,1994-12-28,52
"836",1.12509710448129,1995-01-04,1
"837",1.87039832557951,1995-01-11,2
"838",1.93644692216601,1995-01-18,3
"839",1.61788531712123,1995-01-25,4
"840",-0.228391204494509,1995-02-01,5
"841",0.99825519323349,1995-02-08,6
"842",0.592593985418128,1995-02-15,7
"843",0.0217497965204991,1995-02-22,8
"844",0.597149369907858,1995-03-01,9
"845",0.772888021873326,1995-03-08,10
"846",-0.372566351818644,1995-03-15,11
"847",-0.524534402139938,1995-03-22,12
"848",-1.00453054028571,1995-03-29,13
"849",-0.846992839142857,1995-04-05,14
"850",1.03602291856493,1995-04-12,15
"851",1.90797589506422,1995-04-19,16
"852",0.795444937688317,1995-04-26,17
"853",0.587556432270544,1995-05-03,18
"854",0.646532888923373,1995-05-10,19
"855",1.25940937655313,1995-05-17,20
"856",2.22639169011797,1995-05-24,21
"857",2.00493768290097,1995-05-31,22
"858",-1.25121525350377,1995-06-07,23
"859",-0.854805937857143,1995-06-14,24
"860",-0.815922856428571,1995-06-21,25
"861",-1.44108142171429,1995-06-28,26
"862",-2.34869720257143,1995-07-05,27
"863",-2.59821357042857,1995-07-12,28
"864",-3.45477724071429,1995-07-19,29
"865",-3.437595129,1995-07-26,30
"866",-2.964228119,1995-08-02,31
"867",-1.86125700828571,1995-08-09,32
"868",0.793394620915573,1995-08-16,33
"869",-0.304499962464512,1995-08-23,34
"870",0.465052658978699,1995-08-30,35
"871",-0.762884821142857,1995-09-06,36
"872",1.43090584868983,1995-09-13,37
"873",2.15267029824331,1995-09-20,38
"874",2.07138594558764,1995-09-27,39
"875",0.633769801640843,1995-10-04,40
"876",-0.496339342629255,1995-10-11,41
"877",0.531077523374359,1995-10-18,42
"878",-0.982883036285714,1995-10-25,43
"879",0.381290220754615,1995-11-01,44
"880",-0.184787215846081,1995-11-08,45
"881",0.499560450852979,1995-11-15,46
"882",0.203122192132719,1995-11-22,47
"883",-0.223566560080746,1995-11-29,48
"884",1.43494646889823,1995-12-06,49
"885",1.91213141168867,1995-12-13,50
"886",1.33486776692527,1995-12-20,51
"887",1.3320004769734,1995-12-27,52
"888",1.41303159509386,1996-01-03,1
"889",0.277388993146944,1996-01-10,2
"890",1.50229256493705,1996-01-17,3
"891",0.112417997129264,1996-01-24,4
"892",-2.86616526328571,1996-01-31,5
"893",-2.02544433728571,1996-02-07,6
"894",0.363756414058546,1996-02-14,7
"895",0.177598317819196,1996-02-21,8
"896",0.816915026732853,1996-02-28,9
"897",0.931454922420633,1996-03-06,10
"898",0.18157995236368,1996-03-13,11
"899",0.68283663051469,1996-03-20,12
"900",0.253627542981284,1996-03-27,13
"901",-0.318473989385829,1996-04-03,14
"902",0.712040079271689,1996-04-10,15
"903",-0.140269482618455,1996-04-17,16
"904",-0.212466631621822,1996-04-24,17
"905",0.789817941989953,1996-05-01,18
"906",1.25584389482226,1996-05-08,19
"907",1.39414358986802,1996-05-15,20
"908",0.540249526523544,1996-05-22,21
"909",0.685128171545603,1996-05-29,22
"910",1.04390048501623,1996-06-05,23
"911",-0.745688055285714,1996-06-12,24
"912",0.568139646854572,1996-06-19,25
"913",-1.773823985,1996-06-26,26
"914",0.200585820671988,1996-07-03,27
"915",1.33283109324319,1996-07-10,28
"916",-0.398514585854086,1996-07-17,29
"917",-0.761237540571429,1996-07-24,30
"918",-1.03943453957143,1996-07-31,31
"919",-0.184324922366062,1996-08-07,32
"920",-1.31368792057143,1996-08-14,33
"921",-0.859614125402945,1996-08-21,34
"922",-3.51854937428571,1996-08-28,35
"923",-3.49845358285714,1996-09-04,36
"924",-2.720140968,1996-09-11,37
"925",-0.687735619285714,1996-09-18,38
"926",1.29721326035048,1996-09-25,39
"927",0.252503545168733,1996-10-02,40
"928",0.509172575922021,1996-10-09,41
"929",0.480524361146478,1996-10-16,42
"930",3.01249415533883,1996-10-23,43
"931",-0.244300940096976,1996-10-30,44
"932",-0.789022822714286,1996-11-06,45
"933",-2.50129113871429,1996-11-13,46
"934",-2.17601028514286,1996-11-20,47
"935",-1.16323095571429,1996-11-27,48
"936",-0.739455890714286,1996-12-04,49
"937",-0.620667487445817,1996-12-11,50
"938",0.248651525775552,1996-12-18,51
"939",0.551023796236485,1996-12-25,52
"940",1.04703524279702,1997-01-01,1
"941",1.06776002471745,1997-01-08,2
"942",0.638390468784217,1997-01-15,3
"943",-0.23402621361314,1997-01-22,4
"944",-0.808111410101221,1997-01-29,5
"945",-0.993746931616129,1997-02-05,6
"946",0.19147250268106,1997-02-12,7
"947",-0.0574013755507856,1997-02-19,8
"948",0.357482657907043,1997-02-26,9
"949",0.677004690681185,1997-03-05,10
"950",1.23399290868214,1997-03-12,11
"951",0.450039182390486,1997-03-19,12
"952",0.252563958674181,1997-03-26,13
"953",-0.0251583670335105,1997-04-02,14
"954",0.322495805388896,1997-04-09,15
"955",-0.774298068595646,1997-04-16,16
"956",-0.892177931,1997-04-23,17
"957",-0.0828027006674238,1997-04-30,18
"958",1.68666047706002,1997-05-07,19
"959",0.64063377887469,1997-05-14,20
"960",0.664201745026903,1997-05-21,21
"961",1.16115928118381,1997-05-28,22
"962",-0.117146238583015,1997-06-04,23
"963",1.04871386289597,1997-06-11,24
"964",-0.981226585285714,1997-06-18,25
"965",-1.82580033371429,1997-06-25,26
"966",0.25164950566169,1997-07-02,27
"967",1.18375587889126,1997-07-09,28
"968",0.758846116783007,1997-07-16,29
"969",0.666331260505732,1997-07-23,30
"970",0.490888524340829,1997-07-30,31
"971",1.89942990030561,1997-08-06,32
"972",-0.126252391654053,1997-08-13,33
"973",0.0654732527743414,1997-08-20,34
"974",1.28933508907046,1997-08-27,35
"975",-0.0697152595321154,1997-09-03,36
"976",0.608366955603872,1997-09-10,37
"977",0.643913232854434,1997-09-17,38
"978",-0.393641914857143,1997-09-24,39
"979",-0.713727410428571,1997-10-01,40
"980",-1.87536280485714,1997-10-08,41
"981",-0.580147535704357,1997-10-15,42
"982",-0.0259871333205926,1997-10-22,43
"983",0.543701922279029,1997-10-29,44
"984",-0.00579578524698313,1997-11-05,45
"985",-2.38125394057143,1997-11-12,46
"986",-2.39878226385714,1997-11-19,47
"987",-2.98353692471429,1997-11-26,48
"988",-1.66954267014286,1997-12-03,49
"989",-0.427567060477249,1997-12-10,50
"990",-0.239711589423723,1997-12-17,51
"991",-1.202132157,1997-12-24,52
"992",-0.0568795650220642,1997-12-31,53
"993",0.134840471429066,1998-01-07,1
"994",0.262777911824768,1998-01-14,2
"995",0.427957759360425,1998-01-21,3
"996",0.719443368152834,1998-01-28,4
"997",0.49946248315278,1998-02-04,5
"998",1.41468054907663,1998-02-11,6
"999",-0.0383025273832812,1998-02-18,7
"1000",-0.383360517857143,1998-02-25,8
"1001",-0.238261838026097,1998-03-04,9
"1002",1.00163803781782,1998-03-11,10
"1003",1.02649082882064,1998-03-18,11
"1004",1.4958653364984,1998-03-25,12
"1005",0.389919930259992,1998-04-01,13
"1006",1.21960689766475,1998-04-08,14
"1007",1.9447967835835,1998-04-15,15
"1008",2.8583265372685,1998-04-22,16
"1009",1.41050384523579,1998-04-29,17
"1010",-0.897313245714286,1998-05-06,18
"1011",-0.107582849462218,1998-05-13,19
"1012",0.199009294984567,1998-05-20,20
"1013",0.468488906111036,1998-05-27,21
"1014",0.22443332684471,1998-06-03,22
"1015",1.0263479395058,1998-06-10,23
"1016",1.47419047355652,1998-06-17,24
"1017",1.20727812392371,1998-06-24,25
"1018",1.48629202161516,1998-07-01,26
"1019",2.20488124234336,1998-07-08,27
"1020",1.46479133188633,1998-07-15,28
"1021",1.42181535703795,1998-07-22,29
"1022",0.273130655224378,1998-07-29,30
"1023",1.13877926555091,1998-08-05,31
"1024",1.32630990445614,1998-08-12,32
"1025",-0.852040197285714,1998-08-19,33
"1026",1.39208411185869,1998-08-26,34
"1027",1.66189538581031,1998-09-02,35
"1028",-1.10216912,1998-09-09,36
"1029",-0.78931111533323,1998-09-16,37
"1030",0.105977254370925,1998-09-23,38
"1031",0.365500475679125,1998-09-30,39
"1032",0.894444406260746,1998-10-07,40
"1033",-0.388528761986872,1998-10-14,41
"1034",-0.0147996027656381,1998-10-21,42
"1035",1.07596520015172,1998-10-28,43
"1036",0.81811365059975,1998-11-04,44
"1037",1.40270766194955,1998-11-11,45
"1038",1.00715732789022,1998-11-18,46
"1039",-0.0579909739380363,1998-11-25,47
"1040",1.06145305292947,1998-12-02,48
"1041",2.0994405576161,1998-12-09,49
"1042",1.84629557813917,1998-12-16,50
"1043",1.12069409234183,1998-12-23,51
"1044",0.362013765443207,1998-12-30,52
"1045",1.22674540962492,1999-01-06,1
"1046",1.45762690476009,1999-01-13,2
"1047",0.537159129807325,1999-01-20,3
"1048",0.80582473102723,1999-01-27,4
"1049",0.790470744882311,1999-02-03,5
"1050",0.839310526847839,1999-02-10,6
"1051",0.470171316098022,1999-02-17,7
"1052",-0.224660346547675,1999-02-24,8
"1053",-0.784006378468855,1999-03-03,9
"1054",1.28143543856485,1999-03-10,10
"1055",0.203968217322878,1999-03-17,11
"1056",-0.147595279411934,1999-03-24,12
"1057",0.605420802287892,1999-03-31,13
"1058",1.03161932740893,1999-04-07,14
"1059",0.508052042429786,1999-04-14,15
"1060",0.481743164298719,1999-04-21,16
"1061",1.53470454897199,1999-04-28,17
"1062",1.22140989987909,1999-05-05,18
"1063",1.53342555245428,1999-05-12,19
"1064",2.39810228347778,1999-05-19,20
"1065",1.51284498827798,1999-05-26,21
"1066",0.635097835862178,1999-06-02,22
"1067",-0.516101302571429,1999-06-09,23
"1068",-2.96047025057143,1999-06-16,24
"1069",-1.80691085557143,1999-06-23,25
"1070",-0.401277508064715,1999-06-30,26
"1071",1.90918850898743,1999-07-07,27
"1072",0.753326241461258,1999-07-14,28
"1073",-1.21953505285714,1999-07-21,29
"1074",-0.339365133066742,1999-07-28,30
"1075",0.0482850373509881,1999-08-04,31
"1076",-0.0569751128324539,1999-08-11,32
"1077",0.769116136644568,1999-08-18,33
"1078",-0.475975268713593,1999-08-25,34
"1079",0.0667912470916312,1999-09-01,35
"1080",0.22290745051795,1999-09-08,36
"1081",-0.439835095454884,1999-09-15,37
"1082",0.0232631924758573,1999-09-22,38
"1083",0.163239536492167,1999-09-29,39
"1084",2.22429723396541,1999-10-06,40
"1085",1.03476769157818,1999-10-13,41
"1086",1.55617745433535,1999-10-20,42
"1087",1.72522151470184,1999-10-27,43
"1088",1.60441485474374,1999-11-03,44
"1089",-0.591056829,1999-11-10,45
"1090",1.23154456700597,1999-11-17,46
"1091",1.08401387077144,1999-11-24,47
"1092",1.64480968884059,1999-12-01,48
"1093",2.61129120420033,1999-12-08,49
"1094",1.19551655863013,1999-12-15,50
"1095",1.31177185262953,1999-12-22,51
"1096",1.76032291139875,1999-12-29,52
"1097",1.7318312184743,2000-01-05,1
"1098",1.145607543806,2000-01-12,2
"1099",1.26966477296602,2000-01-19,3
"1100",1.22421486034094,2000-01-26,4
"1101",-1.03500775357143,2000-02-02,5
"1102",0.545082356304977,2000-02-09,6
"1103",1.69407369409289,2000-02-16,7
"1104",0.638592606118899,2000-02-23,8
"1105",1.1797107543103,2000-03-01,9
"1106",0.406978703017662,2000-03-08,10
"1107",-0.457848272714286,2000-03-15,11
"1108",-0.310643074654657,2000-03-22,12
"1109",0.156323611818067,2000-03-29,13
"1110",1.16183507016314,2000-04-05,14
"1111",0.858731437645748,2000-04-12,15
"1112",-0.777888713142857,2000-04-19,16
"1113",-0.540305163325535,2000-04-26,17
"1114",1.47029859679086,2000-05-03,18
"1115",2.49588751792908,2000-05-10,19
"1116",2.0358567237854,2000-05-17,20
"1117",0.473827613126709,2000-05-24,21
"1118",-1.75957137785714,2000-05-31,22
"1119",-0.307452261491172,2000-06-07,23
"1120",0.683366798970102,2000-06-14,24
"1121",0.108103518546709,2000-06-21,25
"1122",0.514016282355677,2000-06-28,26
"1123",1.03242680004665,2000-07-05,27
"1124",0.610549681677813,2000-07-12,28
"1125",-0.55735468226642,2000-07-19,29
"1126",-0.679117757285714,2000-07-26,30
"1127",-1.24406291757143,2000-08-02,31
"1128",0.216818358172782,2000-08-09,32
"1129",-0.310461132569321,2000-08-16,33
"1130",-1.12905284328571,2000-08-23,34
"1131",-1.88425231300085,2000-08-30,35
"1132",-4.35511350642857,2000-09-06,36
"1133",-2.062597475,2000-09-13,37
"1134",-0.0980089299285562,2000-09-20,38
"1135",-0.025954808399656,2000-09-27,39
"1136",0.792633346170733,2000-10-04,40
"1137",-0.0543720529996785,2000-10-11,41
"1138",-0.161434496982012,2000-10-18,42
"1139",0.486397825183997,2000-10-25,43
"1140",0.0260457993163496,2000-11-01,44
"1141",-1.37127057142857,2000-11-08,45
"1142",-1.55302380657143,2000-11-15,46
"1143",-1.61918178628571,2000-11-22,47
"1144",-1.82031159742857,2000-11-29,48
"1145",-0.730433055285714,2000-12-06,49
"1146",-1.34451125357143,2000-12-13,50
"1147",-0.593233618285714,2000-12-20,51
"1148",-2.289512992,2000-12-27,52
"1149",-1.646242891,2001-01-03,1
"1150",-0.812900781714286,2001-01-10,2
"1151",0.241075054880585,2001-01-17,3
"1152",0.306619315286179,2001-01-24,4
"1153",-0.569212481302517,2001-01-31,5
"1154",-0.198338586723493,2001-02-07,6
"1155",1.05125215223857,2001-02-14,7
"1156",-0.891541730065575,2001-02-21,8
"1157",-1.05033359128571,2001-02-28,9
"1158",-1.1763218087523,2001-03-07,10
"1159",0.823469005570266,2001-03-14,11
"1160",-1.30607557728571,2001-03-21,12
"1161",-0.384666623792009,2001-03-28,13
"1162",-0.349870207236806,2001-04-04,14
"1163",0.467370165130838,2001-04-11,15
"1164",1.15446248224803,2001-04-18,16
"1165",0.423192405241899,2001-04-25,17
"1166",1.46321365662983,2001-05-02,18
"1167",-0.35074041680731,2001-05-09,19
"1168",0.366727990722408,2001-05-16,20
"1169",-2.32750463471429,2001-05-23,21
"1170",-0.0024894379788099,2001-05-30,22
"1171",0.944883836119768,2001-06-06,23
"1172",-0.238281077735526,2001-06-13,24
"1173",0.0580155104671598,2001-06-20,25
"1174",0.962803127455235,2001-06-27,26
"1175",0.649249179102463,2001-07-04,27
"1176",-1.15507055598991,2001-07-11,28
"1177",-3.27158771228571,2001-07-18,29
"1178",-0.0378916009040549,2001-07-25,30
"1179",1.0715923607469,2001-08-01,31
"1180",1.44230245692389,2001-08-08,32
"1181",1.57288089826439,2001-08-15,33
"1182",-0.49164634512499,2001-08-22,34
"1183",0.0232674695339443,2001-08-29,35
"1184",0.532351785329581,2001-09-05,36
"1185",0.560057852914488,2001-09-12,37
"1186",1.43225456987109,2001-09-19,38
"1187",1.92081228324345,2001-09-26,39
"1188",3.20558023452759,2001-10-03,40
"1189",1.58889179575666,2001-10-10,41
"1190",0.513752378117527,2001-10-17,42
"1191",0.246946897869003,2001-10-24,43
"1192",0.241640446566384,2001-10-31,44
"1193",1.34856810740062,2001-11-07,45
"1194",0.937817228691919,2001-11-14,46
"1195",0.697683870803676,2001-11-21,47
"1196",1.50135903699554,2001-11-28,48
"1197",2.53211450576782,2001-12-05,49
"1198",2.48341022218977,2001-12-12,50
"1199",1.49380910396576,2001-12-19,51
"1200",-0.103092089472564,2001-12-26,52
"1201",-0.410558322504543,2002-01-02,1
"1202",-0.283841767297753,2002-01-09,2
"1203",0.546003654479366,2002-01-16,3
"1204",1.58450055122375,2002-01-23,4
"1205",1.77848969187055,2002-01-30,5
"1206",2.05285831860134,2002-02-06,6
"1207",1.40473052859306,2002-02-13,7
"1208",0.870144665241241,2002-02-20,8
"1209",0.120360419074062,2002-02-27,9
"1210",-0.991401025285714,2002-03-06,10
"1211",-1.93079394971429,2002-03-13,11
"1212",-2.78680828657143,2002-03-20,12
"1213",-1.71225304257143,2002-03-27,13
"1214",0.027243052151474,2002-04-03,14
"1215",0.480260257239051,2002-04-10,15
"1216",0.19797721722579,2002-04-17,16
"1217",0.060713755290705,2002-04-24,17
"1218",-1.35569684857143,2002-05-01,18
"1219",-2.83287276542857,2002-05-08,19
"1220",-2.22090794371429,2002-05-15,20
"1221",-2.29864713128571,2002-05-22,21
"1222",-3.90755680628571,2002-05-29,22
"1223",-2.14742199014286,2002-06-05,23
"1224",-2.46462397914286,2002-06-12,24
"1225",-0.476430931444497,2002-06-19,25
"1226",0.849113718735358,2002-06-26,26
"1227",-0.0743894832773023,2002-07-03,27
"1228",-2.228204029,2002-07-10,28
"1229",-0.864206024593964,2002-07-17,29
"1230",-0.0378827101210785,2002-07-24,30
"1231",1.28530348198754,2002-07-31,31
"1232",0.115127014201055,2002-08-07,32
"1233",-0.291126833886065,2002-08-14,33
"1234",-0.45903678472694,2002-08-21,34
"1235",-0.366231766142857,2002-08-28,35
"1236",-0.26685826692535,2002-09-04,36
"1237",-0.966181891285714,2002-09-11,37
"1238",-0.526361120579049,2002-09-18,38
"1239",-1.621020232,2002-09-25,39
"1240",-1.44883562828571,2002-10-02,40
"1241",-2.431313634,2002-10-09,41
"1242",-2.88614487642857,2002-10-16,42
"1243",-2.62445456628571,2002-10-23,43
"1244",-2.69459581371429,2002-10-30,44
"1245",-1.94822871671429,2002-11-06,45
"1246",-1.85959119442857,2002-11-13,46
"1247",-0.240228045719947,2002-11-20,47
"1248",1.14501069273267,2002-11-27,48
"1249",1.81026383808681,2002-12-04,49
"1250",1.92273715564183,2002-12-11,50
"1251",1.17266109160015,2002-12-18,51
"1252",0.370393468309804,2002-12-25,52
"1253",0.296812397060481,2003-01-01,1
"1254",-0.448165195428571,2003-01-08,2
"1255",-1.28883773085714,2003-01-15,3
"1256",-1.95805917457143,2003-01-22,4
"1257",-0.40467093551821,2003-01-29,5
"1258",0.315921016375838,2003-02-05,6
"1259",-0.203791865368835,2003-02-12,7
"1260",-0.945624585571429,2003-02-19,8
"1261",-0.894482638285714,2003-02-26,9
"1262",-1.19023886114286,2003-03-05,10
"1263",-0.700782934,2003-03-12,11
"1264",0.320035866448896,2003-03-19,12
"1265",0.887629245008741,2003-03-26,13
"1266",0.361327079812798,2003-04-02,14
"1267",-0.333887988788696,2003-04-09,15
"1268",0.90410039467471,2003-04-16,16
"1269",0.32015578227377,2003-04-23,17
"1270",-0.528207461156362,2003-04-30,18
"1271",0.0322550300576771,2003-05-07,19
"1272",1.76326084988458,2003-05-14,20
"1273",0.450507383196733,2003-05-21,21
"1274",-0.520844367952373,2003-05-28,22
"1275",-0.880858804714286,2003-06-04,23
"1276",-0.559146272142857,2003-06-11,24
"1277",-1.31405236885714,2003-06-18,25
"1278",-0.530121501,2003-06-25,26
"1279",-0.534674393285352,2003-07-02,27
"1280",-0.640280660107474,2003-07-09,28
"1281",1.69154642309461,2003-07-16,29
"1282",2.29947403499058,2003-07-23,30
"1283",0.652294405869075,2003-07-30,31
"1284",1.58453206072006,2003-08-06,32
"1285",1.14027203192477,2003-08-13,33
"1286",-0.235602608100341,2003-08-20,34
"1287",-0.0112206281014718,2003-08-27,35
"1288",0.222441743453541,2003-09-03,36
"1289",-0.553216895857143,2003-09-10,37
"1290",0.16707202243452,2003-09-17,38
"1291",-0.704048032285714,2003-09-24,39
"1292",-1.572027896,2003-10-01,40
"1293",-0.570114531736333,2003-10-08,41
"1294",1.1300373673439,2003-10-15,42
"1295",1.27415577854429,2003-10-22,43
"1296",-0.845280328062079,2003-10-29,44
"1297",-0.853984653857143,2003-11-05,45
"1298",-1.06243261271429,2003-11-12,46
"1299",0.664659329815369,2003-11-19,47
"1300",-1.40447870485714,2003-11-26,48
"1301",-0.875874621571429,2003-12-03,49
"1302",-1.611551208,2003-12-10,50
"1303",-1.88047772642857,2003-12-17,51
"1304",-1.02652594457143,2003-12-24,52
"1305",-0.256749797786891,2003-12-31,53
"1306",0.835510160241808,2004-01-07,1
"1307",0.922270280974252,2004-01-14,2
"1308",1.29282597984586,2004-01-21,3
"1309",0.172875419875804,2004-01-28,4
"1310",-0.766349230571429,2004-02-04,5
"1311",-0.588177402131175,2004-02-11,6
"1312",-1.54501089042857,2004-02-18,7
"1313",-1.72883982314286,2004-02-25,8
"1314",0.495644331055481,2004-03-03,9
"1315",2.38338814462934,2004-03-10,10
"1316",0.402331473602719,2004-03-17,11
"1317",-1.75994798142857,2004-03-24,12
"1318",0.491976574666032,2004-03-31,13
"1319",0.205875128568915,2004-04-07,14
"1320",0.323012328585536,2004-04-14,15
"1321",-0.717852626558995,2004-04-21,16
"1322",0.56836564096268,2004-04-28,17
"1323",0.981909155845642,2004-05-05,18
"1324",-0.154764812890073,2004-05-12,19
"1325",-0.180569782899321,2004-05-19,20
"1326",0.792629186596189,2004-05-26,21
"1327",1.7844523361751,2004-06-02,22
"1328",1.49683695180076,2004-06-09,23
"1329",0.288297292542498,2004-06-16,24
"1330",0.974901023791133,2004-06-23,25
"1331",0.621622877474867,2004-06-30,26
"1332",0.295424143451989,2004-07-07,27
"1333",1.0403102060963,2004-07-14,28
"1334",2.95144901956831,2004-07-21,29
"1335",2.22238332884652,2004-07-28,30
"1336",0.722253496121833,2004-08-04,31
"1337",-0.548789794857143,2004-08-11,32
"1338",0.295252762578077,2004-08-18,33
"1339",-1.20841886228571,2004-08-25,34
"1340",0.611902192264381,2004-09-01,35
"1341",1.53045271975654,2004-09-08,36
"1342",1.08964139642737,2004-09-15,37
"1343",-1.238019492,2004-09-22,38
"1344",-0.729144777571429,2004-09-29,39
"1345",-0.382598730535288,2004-10-06,40
"1346",-0.875343965714286,2004-10-13,41
"1347",1.09482768177986,2004-10-20,42
"1348",0.173665793746639,2004-10-27,43
"1349",1.17893807481846,2004-11-03,44
"1350",0.3715388433559,2004-11-10,45
"1351",-0.403584938115914,2004-11-17,46
"1352",-0.992914329597264,2004-11-24,47
"1353",-1.66398633814626,2004-12-01,48
"1354",-0.47770747011591,2004-12-08,49
"1355",-2.16154098514286,2004-12-15,50
"1356",-1.331531465,2004-12-22,51
"1357",0.41049169644703,2004-12-29,52
"1358",-0.0601430652700043,2005-01-05,1
"1359",-0.34936924489716,2005-01-12,2
"1360",-0.202021090015525,2005-01-19,3
"1361",-0.277691219142857,2005-01-26,4
"1362",1.57613397496087,2005-02-02,5
"1363",0.809418901801109,2005-02-09,6
"1364",2.04703266280038,2005-02-16,7
"1365",0.723787231108041,2005-02-23,8
"1366",-0.160943024940676,2005-03-02,9
"1367",-0.878725441703508,2005-03-09,10
"1368",0.865795803872203,2005-03-16,11
"1369",0.741079964659899,2005-03-23,12
"1370",0.0668719919951128,2005-03-30,13
"1371",0.91028247986521,2005-04-06,14
"1372",1.15683487476304,2005-04-13,15
"1373",-0.429763574661696,2005-04-20,16
"1374",-0.434329867416925,2005-04-27,17
"1375",0.224051205683429,2005-05-04,18
"1376",-1.17148570085714,2005-05-11,19
"1377",-0.686691720445087,2005-05-18,20
"1378",0.416457738258589,2005-05-25,21
"1379",-0.678367302013019,2005-06-01,22
"1380",-0.543979360571429,2005-06-08,23
"1381",-1.39245169514286,2005-06-15,24
"1382",-1.79182403442857,2005-06-22,25
"1383",-1.68579033014286,2005-06-29,26
"1384",1.29495529617582,2005-07-06,27
"1385",-0.264539514210414,2005-07-13,28
"1386",-0.299225892370902,2005-07-20,29
"1387",-1.75137115814286,2005-07-27,30
"1388",0.370116708346194,2005-08-03,31
"1389",0.885962622447854,2005-08-10,32
"1390",-0.717006798285714,2005-08-17,33
"1391",0.148195795827056,2005-08-24,34
"1392",0.815175295666526,2005-08-31,35
"1393",-0.361659897102474,2005-09-07,36
"1394",-0.506193938,2005-09-14,37
"1395",0.442732094424056,2005-09-21,38
"1396",0.995736335005079,2005-09-28,39
"1397",1.28405737451145,2005-10-05,40
"1398",-0.395671056839026,2005-10-12,41
"1399",-0.873645927447637,2005-10-19,42
"1400",-0.421541822786346,2005-10-26,43
"1401",0.798763019244526,2005-11-02,44
"1402",0.619372636028098,2005-11-09,45
"1403",-1.14522721085714,2005-11-16,46
"1404",-1.64448746628571,2005-11-23,47
"1405",-1.25232280142857,2005-11-30,48
"1406",-2.08597525528571,2005-12-07,49
"1407",-1.31446420285714,2005-12-14,50
"1408",-2.74116863514286,2005-12-21,51
"1409",-1.48229209028571,2005-12-28,52
"1410",-0.0741511540431279,2006-01-04,1
"1411",0.44725050557998,2006-01-11,2
"1412",0.0154751969650032,2006-01-18,3
"1413",0.819893445287432,2006-01-25,4
"1414",-0.0298925765967058,2006-02-01,5
"1415",0.714056611087322,2006-02-08,6
"1416",0.109727891430921,2006-02-15,7
"1417",-0.721105479714286,2006-02-22,8
"1418",-1.27181290716174,2006-03-01,9
"1419",-0.730077151571429,2006-03-08,10
"1420",0.307284089114954,2006-03-15,11
"1421",1.33641896077565,2006-03-22,12
"1422",1.61008266040257,2006-03-29,13
"1423",-0.336231138137294,2006-04-05,14
"1424",-1.30792351005402,2006-04-12,15
"1425",0.7711527092549,2006-04-19,16
"1426",-0.149367425059749,2006-04-26,17
"1427",1.03457587105887,2006-05-03,18
"1428",1.84000975745065,2006-05-10,19
"1429",1.51168525224321,2006-05-17,20
"1430",2.46736780234746,2006-05-24,21
"1431",0.673180716339687,2006-05-31,22
"1432",0.950995318567195,2006-06-07,23
"1433",-1.38696533014286,2006-06-14,24
"1434",-0.138247325915741,2006-06-21,25
"1435",2.58369556495122,2006-06-28,26
"1436",1.30196261622,2006-07-05,27
"1437",1.15295165352176,2006-07-12,28
"1438",1.48441339816366,2006-07-19,29
"1439",0.0184097267067435,2006-07-26,30
"1440",-1.96392542985714,2006-08-02,31
"1441",-2.87019154,2006-08-09,32
"1442",-2.65182530885714,2006-08-16,33
"1443",-1.03363514271429,2006-08-23,34
"1444",1.2801830087946,2006-08-30,35
"1445",2.32608274055636,2006-09-06,36
"1446",0.545763169017648,2006-09-13,37
"1447",-3.21160546385714,2006-09-20,38
"1448",-1.59484097771429,2006-09-27,39
"1449",-1.048248606,2006-10-04,40
"1450",0.68123900893658,2006-10-11,41
"1451",1.42900793892997,2006-10-18,42
"1452",2.20146598134722,2006-10-25,43
"1453",0.97396010163177,2006-11-01,44
"1454",0.215416563418474,2006-11-08,45
"1455",0.175845089768417,2006-11-15,46
"1456",-0.0165848072333091,2006-11-22,47
"1457",-0.393957039411776,2006-11-29,48
"1458",0.305226361177208,2006-12-06,49
"1459",0.882423290184566,2006-12-13,50
"1460",0.528579792869928,2006-12-20,51
"1461",0.808482015757782,2006-12-27,52
"1462",1.25601885999952,2007-01-03,1
"1463",0.300073309641216,2007-01-10,2
"1464",-0.768874165571429,2007-01-17,3
"1465",-0.536802768571429,2007-01-24,4
"1466",-0.721215878285714,2007-01-31,5
"1467",0.0627640370958306,2007-02-07,6
"1468",-0.398758064416731,2007-02-14,7
"1469",0.643043190189414,2007-02-21,8
"1470",-0.346262950354588,2007-02-28,9
"1471",-0.279879596844921,2007-03-07,10
"1472",-1.67224545985714,2007-03-14,11
"1473",-0.071897700231102,2007-03-21,12
"1474",0.141685666880844,2007-03-28,13
"1475",-0.635784506714286,2007-04-04,14
"1476",-0.899638838846284,2007-04-11,15
"1477",-0.676742726714286,2007-04-18,16
"1478",-1.18012568982501,2007-04-25,17
"1479",-2.40413282614286,2007-05-02,18
"1480",-0.651567303804365,2007-05-09,19
"1481",0.012665049837338,2007-05-16,20
"1482",0.0965611976539764,2007-05-23,21
"1483",-0.375966582842303,2007-05-30,22
"1484",-0.451252681786264,2007-06-06,23
"1485",-0.690358687714286,2007-06-13,24
"1486",-1.79235466885714,2007-06-20,25
"1487",-2.22429667214286,2007-06-27,26
"1488",-2.830064416,2007-07-04,27
"1489",-1.45124255757143,2007-07-11,28
"1490",-1.69382104685714,2007-07-18,29
"1491",-3.86848327071429,2007-07-25,30
"1492",-2.42456764842857,2007-08-01,31
"1493",-0.553639502481549,2007-08-08,32
"1494",1.36505234667233,2007-08-15,33
"1495",0.298035976084997,2007-08-22,34
"1496",-0.617326966285714,2007-08-29,35
"1497",0.284511833872652,2007-09-05,36
"1498",-0.441277186857143,2007-09-12,37
"1499",-0.326949974191928,2007-09-19,38
"1500",0.442743255615539,2007-09-26,39
"1501",0.768152019745032,2007-10-03,40
"1502",-0.151147376196437,2007-10-10,41
"1503",-0.615306895791829,2007-10-17,42
"1504",-1.04156818557143,2007-10-24,43
"1505",-1.05288814671429,2007-10-31,44
"1506",-2.66420960414286,2007-11-07,45
"1507",-1.967631255,2007-11-14,46
"1508",0.148266117626108,2007-11-21,47
"1509",1.07403551680701,2007-11-28,48
"1510",1.30213017974581,2007-12-05,49
"1511",2.60469451970361,2007-12-12,50
"1512",2.01749266896929,2007-12-19,51
"1513",1.70955683503832,2007-12-26,52
"1514",1.20225385257176,2008-01-02,1
"1515",-0.115105758021204,2008-01-09,2
"1516",1.61908340454102,2008-01-16,3
"1517",1.88959961278098,2008-01-23,4
"1518",1.24348933356149,2008-01-30,5
"1519",0.930033398526055,2008-02-06,6
"1520",1.41174855402538,2008-02-13,7
"1521",1.58029194385845,2008-02-20,8
"1522",0.0399604321218349,2008-02-27,9
"1523",1.03163425832531,2008-03-05,10
"1524",0.542767239552617,2008-03-12,11
"1525",0.909602974205353,2008-03-19,12
"1526",0.408933929042463,2008-03-26,13
"1527",0.394524246383253,2008-04-02,14
"1528",-1.87135580585714,2008-04-09,15
"1529",-0.000485030478588638,2008-04-16,16
"1530",-1.15843279006235,2008-04-23,17
"1531",-1.88266411857143,2008-04-30,18
"1532",-2.187996268,2008-05-07,19
"1533",-1.02138002442857,2008-05-14,20
"1534",0.362789549165768,2008-05-21,21
"1535",1.32193390812193,2008-05-28,22
"1536",0.843702281122447,2008-06-04,23
"1537",0.693204901048115,2008-06-11,24
"1538",2.67502420289176,2008-06-18,25
"1539",0.930000351975523,2008-06-25,26
"1540",0.279846494884059,2008-07-02,27
"1541",1.58819775170367,2008-07-09,28
"1542",0.257429986175391,2008-07-16,29
"1543",0.0744488473543396,2008-07-23,30
"1544",-0.471003898428571,2008-07-30,31
"1545",-0.916133867857143,2008-08-06,32
"1546",-0.836070969652018,2008-08-13,33
"1547",1.53288619858878,2008-08-20,34
"1548",0.639614946643075,2008-08-27,35
"1549",1.26869663929939,2008-09-03,36
"1550",1.39275535515377,2008-09-10,37
"1551",0.887347587449245,2008-09-17,38
"1552",1.91181366784232,2008-09-24,39
"1553",0.405555013583438,2008-10-01,40
"1554",1.51462888291904,2008-10-08,41
"1555",1.55131674665953,2008-10-15,42
"1556",0.805861231471811,2008-10-22,43
"1557",1.21006566711834,2008-10-29,44
"1558",-0.549269765612501,2008-11-05,45
"1559",1.13886097499302,2008-11-12,46
"1560",1.11040349091802,2008-11-19,47
"1561",1.69932431834085,2008-11-26,48
"1562",2.04967096875006,2008-12-03,49
"1563",1.8997118132455,2008-12-10,50
"1564",1.10065951511387,2008-12-17,51
"1565",0.469205969713797,2008-12-24,52
"1566",-0.0713573588729194,2008-12-31,53
"1567",0.798302748373577,2009-01-07,1
"1568",1.48268365859985,2009-01-14,2
"1569",0.990241344452044,2009-01-21,3
"1570",0.786860757771275,2009-01-28,4
"1571",-0.000160448185965399,2009-02-04,5
"1572",0.100996299555579,2009-02-11,6
"1573",0.408198739541601,2009-02-18,7
"1574",1.23906692862511,2009-02-25,8
"1575",1.18775284503187,2009-03-04,9
"1576",0.674814211912033,2009-03-11,10
"1577",0.751756425506768,2009-03-18,11
"1578",-0.364232448571429,2009-03-25,12
"1579",0.365949534936199,2009-04-01,13
"1580",0.133973010839366,2009-04-08,14
"1581",0.015126032649576,2009-04-15,15
"1582",-0.140169809904198,2009-04-22,16
"1583",-0.0901848615914882,2009-04-29,17
"1584",-1.23836719135108,2009-05-06,18
"1585",-0.766037740823601,2009-05-13,19
"1586",-0.510204229279584,2009-05-20,20
"1587",-0.392343499714286,2009-05-27,21
"1588",-0.256074579703756,2009-06-03,22
"1589",1.20749226638249,2009-06-10,23
"1590",-0.223938099811547,2009-06-17,24
"1591",-1.58406041985714,2009-06-24,25
"1592",-2.49624289785714,2009-07-01,26
"1593",-2.04886780471429,2009-07-08,27
"1594",-0.422231736022609,2009-07-15,28
"1595",-0.191975878703981,2009-07-22,29
"1596",-1.50890512985714,2009-07-29,30
"1597",-0.839870405857143,2009-08-05,31
"1598",-0.749982880596412,2009-08-12,32
"1599",-0.657782430140294,2009-08-19,33
"1600",-0.201229078857143,2009-08-26,34
"1601",-1.15464440471429,2009-09-02,35
"1602",1.07227597919339,2009-09-09,36
"1603",-0.131905688808587,2009-09-16,37
"1604",-1.39622578228571,2009-09-23,38
"1605",1.263544464996,2009-09-30,39
"1606",1.13070765989167,2009-10-07,40
"1607",-0.378572338835633,2009-10-14,41
"1608",-0.587935425428571,2009-10-21,42
"1609",0.0897224034655849,2009-10-28,43
"1610",-1.14517313456677,2009-11-04,44
"1611",-3.77230978014286,2009-11-11,45
"1612",-2.47878443771429,2009-11-18,46
"1613",-0.23391034665048,2009-11-25,47
"1614",-0.237271502583409,2009-12-02,48
"1615",0.405224906341887,2009-12-09,49
"1616",1.32765303341286,2009-12-16,50
"1617",0.888785992349897,2009-12-23,51
"1618",-0.531966806046967,2009-12-30,52
"1619",-1.652926939,2010-01-06,1
"1620",-0.366994849344528,2010-01-13,2
"1621",-0.0933497317927399,2010-01-20,3
"1622",-0.563272659285714,2010-01-27,4
"1623",-1.17598783971429,2010-02-03,5
"1624",-1.61029298814286,2010-02-10,6
"1625",-1.18383854628571,2010-02-17,7
"1626",0.674999460577965,2010-02-24,8
"1627",0.59700845620871,2010-03-03,9
"1628",0.882872798552045,2010-03-10,10
"1629",-1.47229232228571,2010-03-17,11
"1630",0.237518571808962,2010-03-24,12
"1631",0.552843863404645,2010-03-31,13
"1632",0.651789961272354,2010-04-07,14
"1633",0.651688563015756,2010-04-14,15
"1634",-0.636186876436127,2010-04-21,16
"1635",0.652175596780773,2010-04-28,17
"1636",-0.889925795,2010-05-05,18
"1637",-0.266501505481358,2010-05-12,19
"1638",2.62816861697606,2010-05-19,20
"1639",2.05081113747188,2010-05-26,21
"1640",3.02339799063546,2010-06-02,22
"1641",1.97702966417585,2010-06-09,23
"1642",0.958708818469729,2010-06-16,24
"1643",2.26308403696333,2010-06-23,25
"1644",2.21915638446808,2010-06-30,26
"1645",2.18009558745793,2010-07-07,27
"1646",1.97507813998631,2010-07-14,28
"1647",3.70012501311914,2010-07-21,29
"1648",1.44957057918821,2010-07-28,30
"1649",1.97059037004198,2010-08-04,31
"1650",2.38219964509498,2010-08-11,32
"1651",1.8569742951638,2010-08-18,33
"1652",-0.250699375348003,2010-08-25,34
"1653",1.15284764060636,2010-09-01,35
"1654",1.58758303528918,2010-09-08,36
"1655",0.19755334721731,2010-09-15,37
"1656",-0.840665749079097,2010-09-22,38
"1657",0.455370340965676,2010-09-29,39
"1658",0.385170029808838,2010-10-06,40
"1659",1.62066503933498,2010-10-13,41
"1660",1.25277453660965,2010-10-20,42
"1661",1.65562338488443,2010-10-27,43
"1662",0.760201039129133,2010-11-03,44
"1663",0.718490928478431,2010-11-10,45
"1664",2.07048766953605,2010-11-17,46
"1665",2.08276053837367,2010-11-24,47
"1666",1.78920255388532,2010-12-01,48
"1667",-0.776046077705636,2010-12-08,49
"1668",-0.242091681270166,2010-12-15,50
"1669",0.861727161100933,2010-12-22,51
"1670",0.267183841944558,2010-12-29,52
"1671",0.68806237408093,2011-01-05,1
"1672",-0.163745903453368,2011-01-12,2
"1673",-0.833333149484467,2011-01-19,3
"1674",0.390354786600385,2011-01-26,4
"1675",0.550645841019494,2011-02-02,5
"1676",1.16148177215031,2011-02-09,6
"1677",1.03861606546811,2011-02-16,7
"1678",1.18460801673664,2011-02-23,8
"1679",0.800727946476009,2011-03-02,9
"1680",0.452926041072093,2011-03-09,10
"1681",0.39899192170704,2011-03-16,11
"1682",-1.33403686528571,2011-03-23,12
"1683",-1.50448433,2011-03-30,13
"1684",-1.36813802471429,2011-04-06,14
"1685",-1.14954335342857,2011-04-13,15
"1686",-0.431185564890573,2011-04-20,16
"1687",-0.231424365856694,2011-04-27,17
"1688",0.655459495545914,2011-05-04,18
"1689",1.07755048785891,2011-05-11,19
"1690",0.94476676736635,2011-05-18,20
"1691",2.4989752770011,2011-05-25,21
"1692",0.382114155442766,2011-06-01,22
"1693",0.857836978776114,2011-06-08,23
"1694",-0.950406951690966,2011-06-15,24
"1695",-0.658090968693353,2011-06-22,25
"1696",0.264100552636048,2011-06-29,26
"1697",0.454054155404092,2011-07-06,27
"1698",-1.40364978985714,2011-07-13,28
"1699",-1.23521406314286,2011-07-20,29
"1700",-3.254167744,2011-07-27,30
"1701",-3.28255871371429,2011-08-03,31
"1702",-1.70986982742857,2011-08-10,32
"1703",-1.64399150242857,2011-08-17,33
"1704",1.2026707146849,2011-08-24,34
"1705",-0.849671121311353,2011-08-31,35
"1706",-0.909515909,2011-09-07,36
"1707",-1.99964773642857,2011-09-14,37
"1708",-0.894471921763972,2011-09-21,38
"1709",-1.0189220122884,2011-09-28,39
"1710",-1.264678657,2011-10-05,40
"1711",0.548937700162598,2011-10-12,41
"1712",1.41277641909463,2011-10-19,42
"1713",1.15723129681179,2011-10-26,43
"1714",-1.8577644036921,2011-11-02,44
"1715",-1.08183071231178,2011-11-09,45
"1716",-1.44248244171429,2011-11-16,46
"1717",-0.214286891490339,2011-11-23,47
"1718",2.0454375850713,2011-11-30,48
"1719",3.42629899297442,2011-12-07,49
"1720",2.70334834711892,2011-12-14,50
"1721",1.52648021923987,2011-12-21,51
"1722",2.10974739279066,2011-12-28,52
"1723",1.49513137340546,2012-01-04,1
"1724",1.71594161646707,2012-01-11,2
"1725",1.80587353025164,2012-01-18,3
"1726",1.2114613055491,2012-01-25,4
"1727",1.63953787939889,2012-02-01,5
"1728",0.666118311067535,2012-02-08,6
"1729",-1.30807558985714,2012-02-15,7
"1730",-1.30406935728571,2012-02-22,8
"1731",-0.536169453428571,2012-02-29,9
"1732",0.351256582052878,2012-03-07,10
"1733",0.30136972483665,2012-03-14,11
"1734",0.143584379142275,2012-03-21,12
"1735",0.628347311736088,2012-03-28,13
"1736",-0.735180175571429,2012-04-04,14
"1737",1.10868920067085,2012-04-11,15
"1738",1.13346455778394,2012-04-18,16
"1739",1.42147525716783,2012-04-25,17
"1740",0.326618850250632,2012-05-02,18
"1741",-0.407561655602068,2012-05-09,19
"1742",-0.744565857285714,2012-05-16,20
"1743",0.821025768637399,2012-05-23,21
"1744",0.941913894261727,2012-05-30,22
"1745",-0.065783004644649,2012-06-06,23
"1746",-1.45166856883512,2012-06-13,24
"1747",1.79557290247508,2012-06-20,25
"1748",-1.5881932048579,2012-06-27,26
"1749",-1.03420673933551,2012-07-04,27
"1750",1.60400021927697,2012-07-11,28
"1751",2.7981116260801,2012-07-18,29
"1752",1.59190269878932,2012-07-25,30
"1753",0.981708449976785,2012-08-01,31
"1754",0.019599659561336,2012-08-08,32
"1755",0.976139737049421,2012-08-15,33
"1756",0.930328989667552,2012-08-22,34
"1757",-0.39120504893604,2012-08-29,35
"1758",0.491374692761729,2012-09-05,36
"1759",0.381415174364282,2012-09-12,37
"1760",0.853431118522304,2012-09-19,38
"1761",0.363536553254648,2012-09-26,39
"1762",0.25152845954228,2012-10-03,40
"1763",0.478272898904817,2012-10-10,41
"1764",-0.953526295735931,2012-10-17,42
"1765",-1.29684159185714,2012-10-24,43
"1766",-1.015760806,2012-10-31,44
"1767",-2.28461492057143,2012-11-07,45
"1768",-1.04810770928571,2012-11-14,46
"1769",-1.83118951314286,2012-11-21,47
"1770",-1.14536941028571,2012-11-28,48
"1771",-0.725318057142857,2012-12-05,49
"1772",0.0733571309060157,2012-12-12,50
"1773",-1.51621692528571,2012-12-19,51
"1774",-0.940322484142857,2012-12-26,52
"1775",-0.930520304912378,2013-01-02,1
"1776",0.124722378460231,2013-01-09,2
"1777",-0.0504345276605018,2013-01-16,3
"1778",0.199875928484778,2013-01-23,4
"1779",1.30511554643968,2013-01-30,5
"1780",1.595049398286,2013-02-06,6
"1781",0.170281863747965,2013-02-13,7
"1782",0.271993133030764,2013-02-20,8
"1783",1.42300043787275,2013-02-27,9
"1784",0.596291963543211,2013-03-06,10
"1785",0.973615258932114,2013-03-13,11
"1786",1.75869233267648,2013-03-20,12
"1787",2.01380671773638,2013-03-27,13
"1788",1.43493569750654,2013-04-03,14
"1789",1.02405435272626,2013-04-10,15
"1790",0.219499974184522,2013-04-17,16
"1791",6.21529682780692e-05,2013-04-24,17
"1792",0.385598247648618,2013-05-01,18
"1793",0.941511264869145,2013-05-08,19
"1794",0.653307435235807,2013-05-15,20
"1795",0.244230192184466,2013-05-22,21
"1796",-0.598950754446607,2013-05-29,22
"1797",0.952678484576089,2013-06-05,23
"1798",0.920338268803816,2013-06-12,24
"1799",-1.20661299985714,2013-06-19,25
"1800",-1.89682683771429,2013-06-26,26
"1801",0.381504141856667,2013-07-03,27
"1802",0.639424341065543,2013-07-10,28
"1803",0.972565968121801,2013-07-17,29
"1804",1.74862243447985,2013-07-24,30
"1805",0.208626063882239,2013-07-31,31
"1806",-0.681045821636955,2013-08-07,32
"1807",-3.529472351,2013-08-14,33
"1808",-2.13917389085714,2013-08-21,34
"1809",-0.241195851174724,2013-08-28,35
"1810",-0.746338289714286,2013-09-04,36
"1811",-1.01043678185714,2013-09-11,37
"1812",-1.65936672685714,2013-09-18,38
"1813",-2.72478617942857,2013-09-25,39
"1814",-1.27170463971429,2013-10-02,40
"1815",-1.21816733914286,2013-10-09,41
"1816",0.069970533142625,2013-10-16,42
"1817",-0.141700565276158,2013-10-23,43
"1818",-0.0561571722857143,2013-10-30,44
"1819",0.791051694325038,2013-11-06,45
"1820",0.341731143922426,2013-11-13,46
"1821",-0.377012369919892,2013-11-20,47
"1822",-0.0554735016405716,2013-11-27,48
"1823",1.07238267149244,2013-12-04,49
"1824",0.378490984484804,2013-12-11,50
"1825",0.220764725985932,2013-12-18,51
"1826",-0.741623665571429,2013-12-25,52
"1827",-1.073067731,2014-01-01,1
"1828",-0.799557736857143,2014-01-08,2
"1829",-0.852450438714286,2014-01-15,3
"1830",-0.764768272714286,2014-01-22,4
"1831",-0.225884861191213,2014-01-29,5
"1832",-0.00383259990802002,2014-02-05,6
"1833",-0.869835664142857,2014-02-12,7
"1834",1.03435096567846,2014-02-19,8
"1835",1.27610278981073,2014-02-26,9
"1836",0.134145256010533,2014-03-05,10
"1837",-0.0388791295074125,2014-03-12,11
"1838",0.210052213391972,2014-03-19,12
"1839",1.25714488966124,2014-03-26,13
"1840",1.13326848404748,2014-04-02,14
"1841",1.08190069875749,2014-04-09,15
"1842",0.839849005905198,2014-04-16,16
"1843",-0.811924561915635,2014-04-23,17
"1844",0.932267593485968,2014-04-30,18
"1845",-0.457152068683769,2014-05-07,19
"1846",-0.623942547703709,2014-05-14,20
"1847",-0.46819125758582,2014-05-21,21
"1848",-0.758501819142857,2014-05-28,22
"1849",-0.0727501979946747,2014-06-04,23
"1850",1.69405621290207,2014-06-11,24
"1851",0.765860634184252,2014-06-18,25
"1852",1.02992625747792,2014-06-25,26
"1853",0.215651637258562,2014-07-02,27
"1854",1.74169135093689,2014-07-09,28
"1855",0.863393838373594,2014-07-16,29
"1856",-1.23983025542857,2014-07-23,30
"1857",-0.521661458260882,2014-07-30,31
"1858",1.0507151229041,2014-08-06,32
"1859",0.175042769564976,2014-08-13,33
"1860",0.0426369389809483,2014-08-20,34
"1861",-1.34612200114286,2014-08-27,35
"1862",-0.555016980703884,2014-09-03,36
"1863",-0.798904304,2014-09-10,37
"1864",-1.46201760428571,2014-09-17,38
"1865",-1.33942610885714,2014-09-24,39
"1866",-0.949975609714286,2014-10-01,40
"1867",0.221978301415409,2014-10-08,41
"1868",1.01760037881987,2014-10-15,42
"1869",0.555416977864998,2014-10-22,43
"1870",-1.81887130242857,2014-10-29,44
"1871",-0.373967741857143,2014-11-05,45
"1872",-0.887602616748496,2014-11-12,46
"1873",-0.315285890428571,2014-11-19,47
"1874",-0.389568171428571,2014-11-26,48
"1875",1.58446655955939,2014-12-03,49
"1876",1.60723696119763,2014-12-10,50
"1877",0.486884942283236,2014-12-17,51
"1878",1.23432846580233,2014-12-24,52
"1879",0.976266963219177,2014-12-31,53
"1880",0.767559660332544,2015-01-07,1
"1881",-0.162794286646484,2015-01-14,2
"1882",1.07102448122537,2015-01-21,3
"1883",0.915155168060165,2015-01-28,4
"1884",0.443926196109147,2015-02-04,5
"1885",1.5334534900529,2015-02-11,6
"1886",1.4994923046657,2015-02-18,7
"1887",1.20495791733806,2015-02-25,8
"1888",0.275746340721414,2015-03-04,9
"1889",-0.135972723323856,2015-03-11,10
"1890",0.480399655501249,2015-03-18,11
"1891",2.17233729362488,2015-03-25,12
"1892",0.921282632010324,2015-04-01,13
"1893",0.47285769242075,2015-04-08,14
"1894",0.955859782443946,2015-04-15,15
"1895",1.63111027649471,2015-04-22,16
"1896",0.915331806426819,2015-04-29,17
"1897",0.46105758106913,2015-05-06,18
"1898",0.660974257770621,2015-05-13,19
"1899",0.662051776604309,2015-05-20,20
"1900",-0.302426947285714,2015-05-27,21
"1901",0.0252843084571664,2015-06-03,22
"1902",1.0138283882197,2015-06-10,23
"1903",-0.236996591125227,2015-06-17,24
"1904",2.02028867176601,2015-06-24,25
"1905",-0.125212019978333,2015-07-01,26
"1906",1.74927208681108,2015-07-08,27
"1907",2.48388992888587,2015-07-15,28
"1908",1.99396687746048,2015-07-22,29
"1909",1.14503825993204,2015-07-29,30
"1910",-0.316711481019651,2015-08-05,31
"1911",1.48769983223506,2015-08-12,32
"1912",1.40694407054356,2015-08-19,33
"1913",1.5046021427427,2015-08-26,34
"1914",0.911300066498757,2015-09-02,35
"1915",0.778682530948805,2015-09-09,36
"1916",0.322001710875478,2015-09-16,37
"1917",0.475292550945657,2015-09-23,38
"1918",-0.0362385033125349,2015-09-30,39
"1919",-0.511313004268027,2015-10-07,40
"1920",0.0153231654282979,2015-10-14,41
"1921",-0.507103398483106,2015-10-21,42
"1922",0.5496713966473,2015-10-28,43
"1923",0.470615340111716,2015-11-04,44
"1924",0.421840706105959,2015-11-11,45
"1925",-0.0120814804413888,2015-11-18,46
"1926",1.33372248496328,2015-11-25,47
"1927",1.78068596974333,2015-12-02,48
"1928",-0.991948229785801,2015-12-09,49
"1929",-0.360297507453686,2015-12-16,50
"1930",-0.754946998133791,2015-12-23,51
"1931",1.10332411948853,2015-12-30,52
"1932",1.3764839896134,2016-01-06,1
"1933",0.235066891807504,2016-01-13,2
"1934",1.82139444351196,2016-01-20,3
"1935",1.67383997780936,2016-01-27,4
"1936",1.8563095331192,2016-02-03,5
"1937",1.29212134644141,2016-02-10,6
"1938",1.57609987471785,2016-02-17,7
"1939",-0.0141346214626809,2016-02-24,8
"1940",1.28086748285111,2016-03-02,9
"1941",1.86204006842205,2016-03-09,10
"1942",1.67324023587363,2016-03-16,11
"1943",3.04403281211853,2016-03-23,12
"1944",0.708469178959355,2016-03-30,13
"1945",1.35869789123535,2016-04-06,14
"1946",0.662890705098574,2016-04-13,15
"1947",-1.10802994457143,2016-04-20,16
"1948",-0.49000998525741,2016-04-27,17
"1949",-0.610484296999969,2016-05-04,18
"1950",-0.196920224594853,2016-05-11,19
"1951",-0.474030637838277,2016-05-18,20
"1952",0.855517689738667,2016-05-25,21
"1953",1.70911112001964,2016-06-01,22
"1954",2.06506715502058,2016-06-08,23
"1955",3.22951306614066,2016-06-15,24
"1956",2.22815937655313,2016-06-22,25
"1957",2.46829109532493,2016-06-29,26
"1958",1.39819696965098,2016-07-06,27
"1959",-0.160900101114082,2016-07-13,28
"1960",0.880799089159284,2016-07-20,29
"1961",-0.800685346072151,2016-07-27,30
"1962",-1.35652627257143,2016-08-03,31
"1963",-1.11515267828571,2016-08-10,32
"1964",-1.76342492428571,2016-08-17,33
"1965",0.339079633431352,2016-08-24,34
"1966",1.67758634473596,2016-08-31,35
"1967",3.20682842389943,2016-09-07,36
"1968",3.6321115494097,2016-09-14,37
"1969",1.720894243036,2016-09-21,38
"1970",-0.153274687242474,2016-09-28,39
"1971",-0.673680386285714,2016-10-05,40
"1972",-1.58733550142857,2016-10-12,41
"1973",0.375700699963006,2016-10-19,42
"1974",1.16917525870459,2016-10-26,43
"1975",-1.32187831826245,2016-11-02,44
"1976",-2.06095124985714,2016-11-09,45
"1977",-2.03689851071429,2016-11-16,46
"1978",-0.451615243714286,2016-11-23,47
"1979",-0.760223060714286,2016-11-30,48
"1980",-0.302319614,2016-12-07,49
"1981",-0.501416189982729,2016-12-14,50
"1982",-1.424983263,2016-12-21,51
"1983",-0.437317252,2016-12-28,52
"1984",-0.524110772714286,2017-01-04,1
"1985",-1.58971069542857,2017-01-11,2
"1986",-1.21749882185714,2017-01-18,3
"1987",-0.854353921714286,2017-01-25,4
"1988",-0.230777750857143,2017-02-01,5
"1989",-0.00876071823249271,2017-02-08,6
"1990",0.0678410744921657,2017-02-15,7
"1991",0.171514623267683,2017-02-22,8
"1992",-1.35570306277757,2017-03-01,9
"1993",-0.669414247678179,2017-03-08,10
"1994",0.640407546290329,2017-03-15,11
"1995",0.645484502733479,2017-03-22,12
"1996",1.05333367415837,2017-03-29,13
"1997",0.666343654905047,2017-04-05,14
"1998",1.24626825535364,2017-04-12,15
"1999",0.508675577385085,2017-04-19,16
"2000",0.0949409327531956,2017-04-26,17
"2001",0.433137791459117,2017-05-03,18
"2002",2.27231915507998,2017-05-10,19
"2003",0.845390664669615,2017-05-17,20
"2004",0.0538963187197636,2017-05-24,21
"2005",1.0212185553142,2017-05-31,22
"2006",0.575486896293504,2017-06-07,23
"2007",-0.382386367695829,2017-06-14,24
"2008",0.785703599452972,2017-06-21,25
"2009",1.38627403123038,2017-06-28,26
"2010",2.51477857998439,2017-07-05,27
"2011",0.527383117220196,2017-07-12,28
"2012",0.29455502174498,2017-07-19,29
"2013",-0.977708181098192,2017-07-26,30
"2014",1.3445215458907,2017-08-02,31
"2015",0.0907617222968837,2017-08-09,32
"2016",0.0797427444246935,2017-08-16,33
"2017",0.593101899516474,2017-08-23,34
"2018",2.12717633587973,2017-08-30,35
"2019",0.86283553495828,2017-09-06,36
"2020",0.188033244353925,2017-09-13,37
"2021",1.60555383137294,2017-09-20,38
"2022",2.09389278718403,2017-09-27,39
"2023",-0.106621489932994,2017-10-04,40
"2024",-0.191517178471052,2017-10-11,41
"2025",-0.846174643428571,2017-10-18,42
"2026",-1.05264139185714,2017-10-25,43
"2027",-0.631912329571429,2017-11-01,44
"2028",-0.116645336167457,2017-11-08,45
"2029",0.882844017031952,2017-11-15,46
"2030",1.24209989191996,2017-11-22,47
"2031",2.10164681502751,2017-11-29,48
"2032",1.74326000894819,2017-12-06,49
"2033",0.434035572575413,2017-12-13,50
"2034",0.703689143061638,2017-12-20,51
"2035",0.715236727632863,2017-12-27,52
"2036",0.580215939383109,2018-01-03,1
"2037",0.307686394998968,2018-01-10,2
"2038",2.83966898918152,2018-01-17,3
"2039",1.26607467872756,2018-01-24,4
"2040",0.635847966585841,2018-01-31,5
"2041",0.928553000092506,2018-02-07,6
"2042",1.30517180156305,2018-02-14,7
"2043",0.662002054232893,2018-02-21,8
"2044",1.52819189852438,2018-02-28,9
"2045",0.970465200266392,2018-03-07,10
"2046",-0.210296303039412,2018-03-14,11
"2047",0.442384530436962,2018-03-21,12
"2048",-0.709454725919007,2018-03-28,13
"2049",-1.60589759685714,2018-04-04,14
"2050",-1.27071165828571,2018-04-11,15
"2051",-1.236672827,2018-04-18,16
"2052",-0.967027374814279,2018-04-25,17
"2053",0.635198197194508,2018-05-02,18
"2054",0.493083029954684,2018-05-09,19
"2055",-0.275587439611128,2018-05-16,20
"2056",-0.453063221875142,2018-05-23,21
"2057",-0.556936197285714,2018-05-30,22
"2058",1.11100791181837,2018-06-06,23
"2059",0.210787696474915,2018-06-13,24
"2060",-0.747820219857143,2018-06-20,25
"2061",-0.564129088571429,2018-06-27,26
"2062",0.297971760635533,2018-07-04,27
"2063",1.15689439428672,2018-07-11,28
"2064",0.759600758552551,2018-07-18,29
"2065",0.165352625441759,2018-07-25,30
"2066",-1.49537400685714,2018-08-01,31
"2067",-0.721161041857143,2018-08-08,32
"2068",-1.44991586042857,2018-08-15,33
"2069",-0.115831646939138,2018-08-22,34
"2070",1.81978805150305,2018-08-29,35
"2071",3.21855001790183,2018-09-05,36
"2072",0.894203992895103,2018-09-12,37
"2073",1.03320177963802,2018-09-19,38
"2074",0.36030399687933,2018-09-26,39
"2075",1.96259188652039,2018-10-03,40
"2076",0.283912508633227,2018-10-10,41
"2077",-0.697289735142857,2018-10-17,42
"2078",0.53551627367217,2018-10-24,43
"2079",0.407885544561111,2018-10-31,44
"2080",0.103818212838475,2018-11-07,45
"2081",1.64742086614881,2018-11-14,46
"2082",1.43498701708657,2018-11-21,47
"2083",0.998139185564859,2018-11-28,48
"2084",0.877807346884238,2018-12-05,49
"2085",1.42469849754107,2018-12-12,50
"2086",0.658570143728504,2018-12-19,51
"2087",0.759547599724361,2018-12-26,52
"2088",1.31279464278902,2019-01-02,1
"2089",0.116928130466104,2019-01-09,2
"2090",0.222947045586264,2019-01-16,3
"2091",0.78856108756333,2019-01-23,4
"2092",0.766073682478496,2019-01-30,5
"2093",1.60384443828038,2019-02-06,6
"2094",-0.569040533892413,2019-02-13,7
"2095",-2.24031083928571,2019-02-20,8
"2096",-1.30839707171429,2019-02-27,9
"2097",-0.150802024714743,2019-03-06,10
"2098",0.766561210187974,2019-03-13,11
"2099",1.14873784780502,2019-03-20,12
"2100",1.12426177096406,2019-03-27,13
"2101",1.31440683347838,2019-04-03,14
"2102",0.232226561496148,2019-04-10,15
"2103",-0.502005314241869,2019-04-17,16
"2104",0.712074164876657,2019-04-24,17
"2105",0.319014985066057,2019-05-01,18
"2106",1.66598911796297,2019-05-08,19
"2107",1.487339794654,2019-05-15,20
"2108",-0.713073070464619,2019-05-22,21
"2109",-1.64083899771429,2019-05-29,22
"2110",0.883583443507217,2019-06-05,23
"2111",1.92888763121196,2019-06-12,24
"2112",1.74663204811001,2019-06-19,25
"2113",1.42338704211371,2019-06-26,26
"2114",0.769843531506402,2019-07-03,27
"2115",-1.06257425028571,2019-07-10,28
"2116",-1.26312045085714,2019-07-17,29
"2117",-0.228516779845588,2019-07-24,30
"2118",0.0592554999258216,2019-07-31,31
"2119",-2.01639902585714,2019-08-07,32
"2120",-1.169338601,2019-08-14,33
"2121",-0.608914739285714,2019-08-21,34
"2122",-0.584611298276576,2019-08-28,35
"2123",-0.27248867705092,2019-09-04,36
"2124",0.580743538481849,2019-09-11,37
"2125",1.51863488980702,2019-09-18,38
"2126",0.598935539083618,2019-09-25,39
"2127",0.0615560145135651,2019-10-02,40
"2128",-0.077478666372745,2019-10-09,41
"2129",-0.107286029093798,2019-10-16,42
"2130",-2.34659663271429,2019-10-23,43
"2131",-2.24449617514286,2019-10-30,44
"2132",-2.45200014114286,2019-11-06,45
"2133",-0.979594741714286,2019-11-13,46
"2134",-1.81677290371429,2019-11-20,47
"2135",-1.721745576,2019-11-27,48
"2136",-2.64835059628571,2019-12-04,49
"2137",-1.575936394,2019-12-11,50
"2138",-1.50579199628571,2019-12-18,51
"2139",0.151679482924017,2019-12-25,52
"2140",-0.371263525142857,2020-01-01,1
"2141",-0.855742782428571,2020-01-08,2
"2142",0.521934106894535,2020-01-15,3
"2143",-0.429043224825017,2020-01-22,4
"2144",-0.188407399829312,2020-01-29,5
"2145",0.44865674423401,2020-02-05,6
"2146",-0.0101191422411107,2020-02-12,7
"2147",0.209275118624652,2020-02-19,8
"2148",0.606240774168553,2020-02-26,9
"2149",0.821224171178829,2020-03-04,10
"2150",1.7976838690894,2020-03-11,11
"2151",1.45499852725438,2020-03-18,12
"2152",1.58121454712452,2020-03-25,13
"2153",0.316988817269414,2020-04-01,14
"2154",0.161654163750694,2020-04-08,15
"2155",-0.624718793714286,2020-04-15,16
"2156",-0.778468357857143,2020-04-22,17
"2157",-1.00871140628571,2020-04-29,18
"2158",-0.459504373859978,2020-05-06,19
"2159",-0.108600148113212,2020-05-13,20
"2160",1.4613818099925,2020-05-20,21
"2161",1.68258229323796,2020-05-27,22
"2162",2.18388109547751,2020-06-03,23
"2163",1.67008808680943,2020-06-10,24
"2164",1.82244183338512,2020-06-17,25
"2165",-0.0924182767923235,2020-06-24,26
"2166",-1.83584679885714,2020-07-01,27
"2167",-0.679550392197347,2020-07-08,28
"2168",-0.878999523838521,2020-07-15,29
"2169",-0.392561263094618,2020-07-22,30
"2170",0.697361539582836,2020-07-29,31
"2171",1.60353644196712,2020-08-05,32
"2172",-1.98803433357143,2020-08-12,33
"2173",-1.431525622,2020-08-19,34
"2174",-1.25452496857143,2020-08-26,35
"2175",-0.94705528,2020-09-02,36
"2176",0.923196742843304,2020-09-09,37
"2177",1.27455617274557,2020-09-16,38
"2178",0.215561500642835,2020-09-23,39
"2179",-0.591769908111725,2020-09-30,40
"2180",1.75061297416687,2020-10-07,41
"2181",2.16672924586705,2020-10-14,42
"2182",0.774701548474176,2020-10-21,43
"2183",0.427948313128959,2020-10-28,44
"2184",2.78309925965819,2020-11-04,45
"2185",1.26687944360571,2020-11-11,46
"2186",-0.937082443714286,2020-11-18,47
"2187",0.121187244153078,2020-11-25,48
"2188",0.429086412634465,2020-12-02,49
"2189",1.46187277351107,2020-12-09,50
"2190",1.52571700300489,2020-12-16,51
"2191",1.50822033200945,2020-12-23,52
"2192",2.40341585023063,2020-12-30,53
"2193",2.85933111395155,2021-01-06,1
"2194",1.20182479276553,2021-01-13,2
"2195",-0.468826163889667,2021-01-20,3
"2196",-0.260144302508088,2021-01-27,4
"2197",1.69326177665165,2021-02-03,5
"2198",1.73590634550367,2021-02-10,6
"2199",0.978079376477116,2021-02-17,7
"2200",0.767134147030967,2021-02-24,8
"2201",0.123966307469962,2021-03-03,9
"2202",-0.0100273660733032,2021-03-10,10
"2203",0.738827147654125,2021-03-17,11
"2204",-0.0308152512214737,2021-03-24,12
"2205",0.244066868570853,2021-03-31,13
"2206",1.36882677248546,2021-04-07,14
