"time","x_co","anomaly_co","x_co climatology","num_obs"
20010103,76.1588,5.05381,71.105,1349
20010110,78.2408,9.39506,68.8457,885
20010117,85.7171,18.73,66.9871,1285
20010124,76.4173,10.8904,65.5269,788
20010131,72.3192,7.87813,64.441,976
20010207,66.9396,3.25011,63.6895,-9999
20010214,60.81,-2.41382,63.2238,-9999
20010221,59.197,-3.79587,62.9929,1169
20010228,64.0943,1.14625,62.9481,626
20010307,62.0662,-0.980045,63.0462,1231
20010314,63.1992,-0.0518412,63.251,1348
20010321,66.2274,2.6948,63.5326,786
20010328,62.9,-0.965962,63.866,1329
20010404,59.9217,-4.30693,64.2287,861
20010411,62.1435,-2.45508,64.5986,1969
20010418,62.0558,-2.89668,64.9525,2073
20010425,62.5755,-2.69004,65.2655,2182
20010502,71.4845,5.97205,65.5124,1386
20010509,68.2775,2.60775,65.6697,512
20010516,65.8973,0.177494,65.7198,-9999
20010523,66.3538,0.699004,65.6548,-9999
20010530,67.9036,2.42257,65.4811,-9999
20010606,69.8748,4.65233,65.2225,-9999
20010613,72.022,7.09975,64.9223,-9999
20010620,74.2177,9.57497,64.6427,-9999
20010627,76.4359,11.9737,64.4622,-9999
20010704,78.6595,14.1894,64.47,-9999
20010711,80.8768,16.1181,64.7587,-9999
20010718,83.0701,17.6553,65.4148,-9999
20010725,85.1977,18.6885,66.5093,-9999
20010801,87.154,19.0662,68.0878,-9999
20010808,88.6651,18.5021,70.1631,-9999
20010815,89.0169,16.3076,72.7093,-9999
20010822,86.3466,10.6866,75.66,38
20010829,86.8326,7.9226,78.91,2167
20010905,109.264,26.9433,82.3203,2374
20010912,98.8738,13.1461,85.7277,1734
20010919,98.414,9.45811,88.9559,2345
20010926,99.6724,7.84316,91.8292,2567
20011003,98.4253,4.23884,94.1865,1966
20011010,106.395,10.5017,95.8934,1119
20011017,88.7977,-8.05596,96.8537,1584
20011024,101.041,4.02504,97.0161,1133
20011031,106.967,10.5888,96.3784,1700
20011107,120.62,25.6337,94.9861,1161
20011114,90.3336,-2.5947,92.9283,719
20011121,93.7246,3.39568,90.3289,1637
20011128,83.8018,-3.5344,87.3362,939
20011205,101.539,17.4291,84.1099,1173
20011212,91.2671,10.4575,80.8096,771
20011219,77.1242,-0.458144,77.5823,1322
20011226,83.959,9.4053,74.5537,1673
20020102,84.3862,12.9268,71.4594,663
20020109,70.4774,1.33311,69.1443,654
20020116,69.1287,1.90081,67.2279,1297
20020123,69.4865,3.77468,65.7119,1404
20020130,72.2483,7.67365,64.5746,1465
20020206,75.0656,11.2874,63.7782,1354
20020213,71.4809,8.20611,63.2748,948
20020220,66.7328,3.71944,63.0134,679
20020227,64.0419,1.09711,62.9448,1479
20020306,68.9059,5.88098,63.0249,1270
20020313,69.9639,6.74747,63.2164,2013
20020320,67.7542,4.26552,63.4887,801
20020327,61.7355,-2.08054,63.8161,742
20020403,66.9583,2.78239,64.1759,2462
20020410,64.0896,-0.456545,64.5462,2125
20020417,65.0807,0.176833,64.9038,1665
20020424,68.7429,3.51861,65.2243,2703
20020501,66.8233,1.34115,65.4821,2369
20020508,66.1296,0.476064,65.6535,2854
20020515,67.1311,1.41146,65.7197,3195
20020522,68.4402,2.76916,65.6711,2548
20020529,68.371,2.8591,65.5118,2945
20020605,67.8994,2.63625,65.2632,2686
20020612,67.5564,2.59087,64.9655,2926
20020619,65.3908,0.712205,64.6786,3160
20020626,65.2066,0.728022,64.4786,3073
20020703,67.5415,3.08761,64.4538,3087
20020710,67.3978,2.70089,64.6969,3104
20020717,71.8704,6.57474,65.2957,2802
20020724,72.1174,5.7934,66.324,3032
20020731,73.671,5.83925,67.8318,2341
20020807,72.5771,2.74042,69.8367,3270
20020814,70.61,-1.70876,72.3188,2913
20020821,77.5261,2.30877,75.2173,1903
20020828,85.7273,7.29494,78.4324,2895
20020904,92.7324,10.9031,81.8293,2813
20020911,96.3797,11.132,85.2477,2507
20020918,98.6138,10.1014,88.5124,2550
20020925,109.983,18.5359,91.4468,2292
20021002,116.187,22.3001,93.8868,2365
20021009,119.971,24.2772,95.6935,2444
20021016,120.99,24.225,96.7647,2553
20021023,116.756,19.7132,97.0424,2462
20021030,116.307,19.7902,96.5172,1912
20021106,121.719,26.4911,95.2282,2140
20021113,118.283,25.0247,93.2586,2074
20021120,97.625,6.89695,90.728,1832
20021127,89.9385,2.15677,87.7818,1431
20021204,89.1234,4.54445,84.579,-9999
20021211,89.5821,8.30224,81.2798,-9999
20021218,89.2978,11.264,78.0339,-9999
20021225,85.5259,10.5557,74.9702,1690
20030101,77.2476,5.42634,71.8213,1352
20030108,73.1977,3.74673,69.4509,441
20030115,71.4766,3.99971,67.4769,415
20030122,85.4293,19.5247,65.9045,862
20030129,77.2078,12.4926,64.7152,1834
20030205,68.9203,5.04743,63.8728,1447
20030212,71.1849,7.85422,63.3307,1120
20030219,65.8497,2.81189,63.0378,629
20030226,60.8708,-2.07375,62.9445,292
20030305,69.4761,6.47027,63.0059,1349
20030312,66.2295,3.04605,63.1835,1527
20030319,67.7521,4.30626,63.4459,2221
20030326,66.7214,2.95461,63.7668,1815
20030402,66.5876,2.4643,64.1233,1882
20030409,67.5185,3.02506,64.4935,1986
20030416,63.7258,-1.12863,64.8544,1986
20030423,64.1846,-0.997105,65.1817,2760
20030430,67.9067,2.45667,65.4501,2092
20030507,66.431,0.795865,65.6351,2287
20030514,67.2507,1.53357,65.7171,2339
20030521,68.0147,2.32966,65.6851,3153
20030528,67.7126,2.17181,65.5408,2707
20030604,70.5472,5.24437,65.3029,2423
20030611,68.5521,3.54311,65.009,2802
20030618,68.6867,3.97054,64.7162,1935
20030625,72.5445,8.04589,64.4986,2297
20030702,71.865,7.42186,64.4432,2744
20030709,70.839,6.19669,64.6423,2704
20030716,67.9808,2.79547,65.1853,3305
20030723,70.9172,4.76854,66.1486,2808
20030730,72.4106,4.82468,67.586,3178
20030806,71.6956,2.17538,69.5202,3208
20030813,70.7476,-1.18921,71.9368,2431
20030820,76.9738,2.19263,74.7811,2797
20030827,78.969,1.01051,77.9585,2191
20030903,79.0482,-2.29056,81.3388,2938
20030910,82.6298,-2.1348,84.7646,2918
20030917,86.5358,-1.52637,88.0622,2277
20030924,90.6297,-0.424542,91.0543,2525
20031001,89.915,-3.65905,93.5741,2222
20031008,93.936,-1.54255,95.4785,1864
20031015,91.5618,-5.09762,96.6594,2021
20031022,92.3071,-4.74508,97.0522,2491
20031029,109.981,13.3404,96.6404,1167
20031105,98.4635,3.00702,95.4564,1812
20031112,89.8499,-3.72759,93.5775,1401
20031119,89.3851,-1.73342,91.1186,2198
20031126,85.2399,-2.9822,88.2221,2290
20031203,78.8966,-6.14954,85.0461,915
20031210,80.5111,-1.24013,81.7512,1003
20031217,80.9364,2.44729,78.4891,-9999
20031224,79.2582,3.86566,75.3925,-9999
20031231,76.7493,4.18197,72.5673,-9999
20040107,73.8736,4.10781,69.7658,-9999
20040114,70.6607,2.92648,67.7342,-9999
20040121,66.8825,0.777405,66.105,165
20040128,62.8523,-2.01055,64.8629,855
20040204,61.1372,-2.83642,63.9736,524
20040211,60.257,-3.13467,63.3917,1029
20040218,61.6732,-1.39311,63.0663,840
20040225,61.7284,-1.21899,62.9474,1195
20040303,60.5924,-2.39675,62.9891,1513
20040310,61.602,-1.55029,63.1523,1885
20040317,62.9157,-0.488562,63.4042,946
20040324,64.9868,1.26851,63.7183,2024
20040331,64.7331,0.662084,64.071,2502
20040407,63.7223,-0.718281,64.4406,2643
20040414,64.2749,-0.529376,64.8043,2494
20040421,65.212,0.074003,65.138,2595
20040428,63.075,-2.34125,65.4163,1540
20040505,63.8736,-1.74096,65.6146,1244
20040512,65.5946,-0.11763,65.7123,2134
20040519,67.9415,2.24478,65.6967,1599
20040526,65.3165,-0.251283,65.5677,1246
20040602,62.6685,-2.67286,65.3414,1223
20040609,65.1447,0.0922569,65.0525,2230
20040616,67.0413,2.28604,64.7553,3314
20040623,64.762,0.240107,64.5219,3451
20040630,66.1325,1.69486,64.4377,3027
20040707,66.7277,2.13292,64.5948,3045
20040714,68.4678,3.38422,65.0836,3176
20040721,71.1002,5.11724,65.9829,3196
20040728,67.2325,-0.117829,67.3503,2961
20040804,67.054,-2.15956,69.2136,2612
20040811,71.1921,-0.371614,71.5637,3044
20040818,71.429,-2.92277,74.3518,3098
20040825,82.115,4.62626,77.4888,2801
20040901,78.797,-2.05214,80.8492,1647
20040908,82.839,-1.43995,84.2789,1829
20040915,84.708,-2.89771,87.6057,2733
20040922,91.7564,1.10433,90.6521,2743
20040929,95.7499,2.5011,93.2488,2662
20041006,103.425,8.17651,95.2487,2402
20041013,120.818,24.2798,96.5379,2514
20041020,113.068,16.0222,97.0455,1959
20041027,128.367,31.6191,96.7478,1837
20041103,114.049,18.3785,95.6704,1162
20041110,112.922,19.0371,93.8844,1389
20041117,104.561,13.0609,91.5002,1611
20041124,86.2845,-2.3723,88.6568,1263
20041201,86.7338,1.22304,85.5108,2229
20041208,81.1499,-1.07333,82.2233,1319
20041215,83.2697,4.32184,78.9479,1710
20041222,78.5456,2.72517,75.8204,795
20041229,68.0939,-4.85717,72.9511,565
20050105,70.3504,-0.0691429,70.4196,676
20050112,68.3575,0.0840146,68.2734,1473
20050119,63.0499,-3.48009,66.5299,968
20050126,65.731,0.55099,65.18,1134
20050202,66.9965,2.80228,64.1942,1586
20050209,65.9215,2.39202,63.5295,1442
20050216,64.7105,1.57439,63.1361,2387
20050223,67.3532,4.39009,62.9631,1718
20050302,63.6208,0.657572,62.9633,1353
20050309,67.0292,3.93395,63.0953,1675
20050316,63.1836,-0.141263,63.3248,1058
20050323,69.053,5.42936,63.6236,2052
20050330,64.116,0.148432,63.9676,2454
20050406,64.9994,0.664755,64.3346,2233
20050413,64.5902,-0.112216,64.7024,1926
20050420,67.5876,2.54041,65.0472,2871
20050427,64.9769,-0.366953,65.3439,394
20050504,70.0878,4.52039,65.5674,602
20050511,68.0774,2.38188,65.6956,1885
20050518,69.0904,3.37744,65.713,3047
20050525,69.1996,3.58405,65.6156,2178
20050601,66.1385,0.724171,65.4143,3149
20050608,68.3508,3.21223,65.1386,3142
20050615,68.9054,4.06828,64.8371,1971
20050622,66.7347,2.15747,64.5773,1766
20050629,66.3723,1.9311,64.4412,2839
20050706,63.7391,-0.780766,64.5199,2447
20050713,65.4933,0.588152,64.9052,3026
20050720,63.4071,-2.27311,65.6802,1809
20050727,66.2519,-0.657778,66.9096,2777
20050803,65.7333,-2.89707,68.6304,1713
20050810,69.8762,-0.968477,70.8446,2648
20050817,74.3507,0.835726,73.515,2939
20050824,77.4407,0.877108,76.5636,2914
20050831,79.6626,-0.212189,79.8748,1883
20050907,86.9703,3.6686,83.3017,2425
20050914,89.4548,2.77874,86.6761,1814
20050921,95.9213,6.10079,89.8205,2042
20050928,96.1149,3.55307,92.5619,2435
20051005,102.36,7.61396,94.7455,1868
20051012,98.4272,2.18011,96.2471,1112
20051019,97.8266,0.844111,96.9825,1074
20051026,93.0564,-3.85808,96.9144,1793
20051102,91.1229,-4.93152,96.0544,1795
20051109,92.9667,-1.49456,94.4612,1317
20051116,89.4103,-2.82448,92.2348,1467
20051123,85.9753,-3.53182,89.5071,990
20051130,83.4245,-3.00663,86.4311,1448
20051207,80.0657,-3.10207,83.1678,1008
20051214,85.2268,5.35274,79.8741,1108
20051221,78.188,1.49608,76.6919,2290
20051228,73.1592,-0.580144,73.7393,1133
20060104,72.8688,2.11041,70.7584,1400
20060111,70.1114,1.55588,68.5555,966
20060118,59.9334,-6.8211,66.7545,600
20060125,60.8113,-4.53844,65.3497,740
20060201,59.4129,-4.90133,64.3143,1127
20060208,66.6114,3.00469,63.6067,1465
20060215,63.0918,-0.085862,63.1776,1668
20060222,63.1246,0.148397,62.9762,1250
20060301,60.9487,-2.00555,62.9543,1723
20060308,62.4121,-0.6576,63.0697,153
20060315,61.0193,-2.26793,63.2872,1147
20060322,60.8369,-2.74076,63.5776,521
20060329,62.2717,-1.64486,63.9165,1960
20060405,62.9576,-1.32397,64.2816,917
20060412,60.9939,-3.65682,64.6507,1432
20060419,61.3257,-3.67456,65.0003,1716
20060426,62.4122,-2.89323,65.3054,1386
20060503,63.2943,-2.24659,65.5409,2147
20060510,66.2097,0.525944,65.6838,1978
20060517,65.5773,-0.140318,65.7176,2969
20060524,64.9174,-0.718885,65.6363,2117
20060531,67.3954,1.94685,65.4485,3078
20060607,64.7122,-0.468738,65.1809,2577
20060614,62.0313,-2.84807,64.8794,2714
20060621,64.6947,0.0858691,64.6088,2797
20060628,64.549,0.0993694,64.4496,2752
20060705,63.4051,-1.08684,64.4919,3454
20060712,64.0074,-0.820663,64.8281,1831
20060719,65.1174,-0.425594,65.543,2471
20060726,65.6676,-1.03687,66.7044,2949
20060802,69.4571,1.10314,68.354,3282
20060809,70.8408,0.341771,70.4991,3248
20060816,75.6131,2.50498,73.1081,3065
20060823,79.1255,3.01655,76.1089,3188
20060830,81.7563,2.36531,79.391,2631
20060906,83.6142,0.802892,82.8113,2377
20060913,85.466,-0.737934,86.204,2990
20060920,95.4207,6.02866,89.392,2848
20060927,98.2548,6.0537,92.2011,2036
20061004,97.1877,2.71488,94.4728,16
20061011,101.995,5.91721,96.078,-9999
20061018,103.015,6.0885,96.9263,2109
20061025,96.5667,-0.406708,96.9734,2359
20061101,107.108,10.8845,96.224,857
20061108,96.5057,1.77538,94.7303,2125
20061115,104.359,11.7726,92.5869,2291
20061122,101.39,11.468,89.9218,2282
20061129,107.926,21.0406,86.8858,2174
20061206,105.47,21.8306,83.6394,1143
20061213,82.3109,1.97,80.3409,2013
20061220,86.3815,9.2466,77.1349,1461
20061227,73.0697,-1.07365,74.1434,751
20070103,73.6235,2.51844,71.105,1024
20070110,70.6403,1.79455,68.8457,568
20070117,66.7544,-0.232696,66.9871,85
20070124,70.8357,5.30878,65.5269,741
20070131,69.849,5.408,64.441,990
20070207,70.7761,7.08656,63.6895,1318
20070214,67.8035,4.57968,63.2238,1879
20070221,66.142,3.14916,62.9929,1364
20070228,67.9779,5.0298,62.9481,1765
20070307,66.7439,3.69766,63.0462,1455
20070314,69.1627,5.91169,63.251,1205
20070321,62.2148,-1.31787,63.5326,1189
20070328,61.2075,-2.6585,63.866,1792
20070404,65.8314,1.60272,64.2287,2177
20070411,63.5842,-1.01441,64.5986,2166
20070418,67.219,2.26651,64.9525,2960
20070425,68.1686,2.90304,65.2655,2566
20070502,67.0865,1.57414,65.5124,2712
20070509,67.1111,1.44134,65.6697,1765
20070516,68.1544,2.43462,65.7198,1891
20070523,69.1314,3.47663,65.6548,1767
20070530,67.5396,2.05851,65.4811,1363
20070606,66.14,0.917495,65.2225,1648
20070613,68.8306,3.90833,64.9223,1674
20070620,66.0635,1.42082,64.6427,446
20070627,64.0036,-0.458549,64.4622,2258
20070704,65.5698,1.09974,64.47,3398
20070711,66.0432,1.28445,64.7587,3497
20070718,68.9515,3.53667,65.4148,2425
20070725,68.4052,1.89596,66.5093,2665
20070801,67.2418,-0.845994,68.0878,3259
20070808,69.197,-0.96604,70.1631,2899
20070815,70.9279,-1.78142,72.7093,1617
20070822,73.2692,-2.39088,75.66,2584
20070829,72.2362,-6.67377,78.91,2437
20070905,78.91,-3.41034,82.3203,2059
20070912,85.6324,-0.0952767,85.7277,2618
20070919,110.256,21.3003,88.9559,2869
20070926,100.331,8.50154,91.8292,2256
20071003,101.642,7.45558,94.1865,1924
20071010,108.259,12.3652,95.8934,1830
20071017,117.198,20.3448,96.8537,2358
20071024,99.9163,2.90016,97.0161,1974
20071031,99.246,2.86761,96.3784,1070
20071107,94.6202,-0.365851,94.9861,1460
20071114,88.8448,-4.0835,92.9283,1058
20071121,84.8423,-5.48659,90.3289,1980
20071128,81.2811,-6.05505,87.3362,1673
20071205,88.0067,3.89672,84.1099,1870
20071212,85.323,4.51341,80.8096,1064
20071219,74.8751,-2.7072,77.5823,566
20071226,65.9027,-8.651,74.5537,1031
20080102,64.5355,-6.92393,71.4594,1445
20080109,68.5768,-0.567475,69.1443,866
20080116,68.3678,1.13987,67.2279,1113
20080123,68.4126,2.70077,65.7119,1745
20080130,63.4196,-1.15507,64.5746,308
20080206,66.3394,2.56122,63.7782,-9999
20080213,69.2238,5.94898,63.2748,530
20080220,64.6138,1.60039,63.0134,1566
20080227,66.2934,3.34864,62.9448,919
20080305,64.3534,1.32853,63.0249,1976
20080312,64.0706,0.854158,63.2164,2221
20080319,61.6481,-1.84058,63.4887,2068
20080326,62.4366,-1.37944,63.8161,1218
20080402,63.4944,-0.681453,64.1759,2599
20080409,63.6691,-0.877101,64.5462,2997
20080416,63.7275,-1.17635,64.9038,2401
20080423,64.5048,-0.71946,65.2243,2745
20080430,65.3747,-0.10737,65.4821,2831
20080507,66.8414,1.18795,65.6535,2754
20080514,66.9401,1.2204,65.7197,2634
20080521,64.7308,-0.940297,65.6711,2943
20080528,64.9661,-0.545725,65.5118,1985
20080604,65.3845,0.121325,65.2632,1177
20080611,67.062,2.09644,64.9655,1896
20080618,64.319,-0.359513,64.6786,2388
20080625,64.5953,0.116678,64.4786,3318
20080702,66.2153,1.76147,64.4538,3252
20080709,67.2628,2.5659,64.6969,3016
20080716,69.3918,4.09612,65.2957,2435
20080723,65.254,-1.07002,66.324,2163
20080730,66.0534,-1.77835,67.8318,3303
20080806,70.8968,1.06007,69.8367,3261
20080813,69.031,-3.2878,72.3188,2323
20080820,72.3577,-2.8596,75.2173,2324
20080827,70.5848,-7.84755,78.4324,1612
20080903,71.3243,-10.505,81.8293,1379
20080910,77.9205,-7.3272,85.2477,1928
20080917,80.2494,-8.26301,88.5124,1970
20080924,82.976,-8.47087,91.4468,2382
20081001,79.6802,-14.2066,93.8868,2683
20081008,78.7031,-16.9904,95.6935,1310
20081015,85.8643,-10.9004,96.7647,2243
20081022,91.8649,-5.17745,97.0424,2396
20081029,92.5239,-3.99331,96.5172,2507
20081105,89.1354,-6.0928,95.2282,1659
20081112,82.0075,-11.2512,93.2586,1803
20081119,83.2011,-7.52689,90.728,970
20081126,78.1327,-9.64909,87.7818,1064
20081203,74.3273,-10.2517,84.579,1744
20081210,71.2641,-10.0158,81.2798,1264
20081217,66.64,-11.3939,78.0339,1076
20081224,72.6132,-2.35703,74.9702,688
20081231,66.4222,-5.76846,72.1907,408
20090107,64.1461,-5.6197,69.7658,472
20090114,63.7004,-4.03377,67.7342,511
20090121,66.9402,0.835122,66.105,418
20090128,63.1113,-1.75158,64.8629,242
20090204,61.9725,-2.00118,63.9736,-9999
20090211,64.8849,1.49326,63.3917,215
20090218,67.9425,4.87621,63.0663,2184
20090225,62.148,-0.799439,62.9474,1493
20090304,65.2843,2.29514,62.9891,2315
20090311,63.6375,0.485251,63.1523,1606
20090318,60.4085,-2.99578,63.4042,2291
20090325,62.0284,-1.68989,63.7183,2374
20090401,58.8986,-5.17243,64.071,3030
20090408,60.5481,-3.89247,64.4406,1419
20090415,63.8226,-0.981757,64.8043,1569
20090422,63.813,-1.32496,65.138,2366
20090429,63.3186,-2.09769,65.4163,2729
20090506,64.4765,-1.1381,65.6146,1683
20090513,68.0459,2.33364,65.7123,1161
20090520,63.6056,-2.09108,65.6967,2116
20090527,65.7221,0.154316,65.5677,2059
20090603,63.658,-1.68334,65.3414,2017
20090610,64.0331,-1.01932,65.0525,3135
20090617,66.2718,1.5165,64.7553,3154
20090624,68.991,4.46915,64.5219,2692
20090701,66.0279,1.59027,64.4377,3116
20090708,65.3982,0.803368,64.5948,2857
20090715,64.6891,-0.394508,65.0836,2844
20090722,64.2863,-1.69661,65.9829,2882
20090729,65.1182,-2.23212,67.3503,931
20090805,66.2441,-2.96949,69.2136,-9999
20090812,67.3827,-4.181,71.5637,-9999
20090819,68.5327,-5.81912,74.3518,-9999
20090826,69.7037,-7.7851,77.4888,-9999
20090902,70.934,-9.91521,80.8492,-9999
20090909,72.2892,-11.9897,84.2789,-9999
20090916,73.9876,-13.6181,87.6057,-9999
20090923,76.5765,-14.0756,90.6521,-9999
20090930,81.4754,-11.7734,93.2488,987
20091007,88.0387,-7.20996,95.2487,2421
20091014,90.5254,-6.01251,96.5379,2726
20091021,100.264,3.21869,97.0455,2321
20091028,87.8521,-8.89575,96.7478,2234
20091104,88.5008,-7.16962,95.6704,2010
20091111,81.2977,-12.5868,93.8844,2110
20091118,92.5022,1.00201,91.5002,2298
20091125,78.9881,-9.66866,88.6568,1163
20091202,79.9932,-5.51758,85.5108,2353
20091209,84.1943,1.971,82.2233,1654
20091216,84.7962,5.84835,78.9479,832
20091223,72.9054,-2.91507,75.8204,1057
20091230,64.721,-8.23009,72.9511,649
20100106,56.3904,-13.6983,70.0887,295
20100113,61.6457,-6.35396,67.9997,1628
20100120,63.5738,-2.73972,66.3135,1106
20100127,68.316,3.2982,65.0178,509
20100203,61.1846,-2.89607,64.0807,1788
20100210,59.6892,-3.76868,63.4579,1026
20100217,64.1332,1.03417,63.099,1002
20100224,59.8015,-3.15202,62.9536,347
20100303,61.8177,-1.15723,62.9749,1077
20100310,60.0069,-3.11594,63.1228,1938
20100317,57.0741,-6.28978,63.3639,2158
20100324,57.408,-6.26249,63.6705,1453
20100331,59.2435,-4.77559,64.0191,670
20100407,62.2136,-2.17399,64.3876,1332
20100414,61.5395,-3.21411,64.7536,1548
20100421,57.7235,-7.36962,65.0931,1894
20100428,64.307,-1.07386,65.3809,1867
20100505,63.6421,-1.94994,65.592,2709
20100512,63.8252,-1.8799,65.7051,2349
20100519,63.2268,-2.47928,65.706,1606
20100526,63.1246,-2.46806,65.5927,2067
20100602,63.4297,-1.94889,65.3786,3171
20100609,64.2114,-0.884278,65.0957,2440
20100616,65.7916,0.995925,64.7957,2898
20100623,63.7868,-0.761375,64.5482,2286
20100630,63.5841,-0.852985,64.4371,1638
20100707,58.7482,-5.80583,64.5541,925
20100714,61.5758,-3.41446,64.9903,2625
20100721,63.9918,-1.83509,65.8269,2511
20100728,64.8238,-2.30117,67.1249,1363
20100804,64.1765,-4.74047,68.9169,2498
20100811,66.1221,-5.0775,71.1996,2641
20100818,63.2753,-10.6544,73.9296,2631
20100825,65.6933,-11.3304,77.0237,1730
20100901,67.7357,-12.6253,80.361,1626
20100908,70.0046,-13.7865,83.7911,2108
20100915,70.3202,-16.8233,87.1435,1678
20100922,74.8781,-15.3626,90.2406,839
20100929,87.3747,-5.53656,92.9113,2005
20101006,86.2781,-8.72611,95.0042,1501
20101013,93.3489,-3.05159,96.4005,1380
20101020,92.3364,-4.68587,97.0223,1872
20101027,98.9498,2.11057,96.8392,1779
20101103,91.9157,-3.95408,95.8698,1055
20101110,90.6652,-3.51396,94.1791,1178
20101117,82.9454,-8.92698,91.8724,1004
20101124,79.2716,-9.81373,89.0853,1162
20101201,73.8376,-12.135,85.9726,1063
20101208,74.5155,-8.18009,82.6956,769
20101215,68.3471,-11.0626,79.4096,1275
20101222,65.8764,-10.3773,76.2537,678
20101229,64.633,-8.7088,73.3419,777
20110105,63.4612,-6.95842,70.4196,1050
20110112,63.3792,-4.89427,68.2734,665
20110119,61.2961,-5.23387,66.5299,828
20110126,61.2904,-3.88958,65.18,2184
20110202,60.4724,-3.72176,64.1942,687
20110209,55.2849,-8.24463,63.5295,1019
20110216,57.8702,-5.26589,63.1361,1231
20110223,59.0702,-3.89294,62.9631,874
20110302,60.8257,-2.1376,62.9633,442
20110309,58.33,-4.76525,63.0953,407
20110316,56.0564,-7.26844,63.3248,48
20110323,51.8162,-11.8074,63.6236,-9999
20110330,51.4338,-12.5338,63.9676,974
20110406,59.0672,-5.26741,64.3346,1350
20110413,59.5543,-5.1481,64.7024,2557
20110420,59.6774,-5.36984,65.0472,2665
20110427,65.5109,0.16702,65.3439,2540
20110504,66.7429,1.17549,65.5674,2327
20110511,63.6959,-1.99967,65.6956,2635
20110518,64.8857,-0.827264,65.713,2720
20110525,63.6828,-1.93281,65.6156,2926
20110601,64.0023,-1.41205,65.4143,3353
20110608,67.3547,2.21614,65.1386,1412
20110615,61.7835,-3.0536,64.8371,2857
20110622,63.158,-1.41922,64.5773,3392
20110629,62.6965,-1.74471,64.4412,2169
20110706,62.1077,-2.41219,64.5199,2684
20110713,60.9041,-4.00113,64.9052,2168
20110720,64.38,-1.30025,65.6802,3087
20110727,68.9837,2.07406,66.9096,3244
20110803,72.464,3.83356,68.6304,3098
20110810,73.1357,2.29104,70.8446,3115
20110817,72.3956,-1.11938,73.515,3029
20110824,72.6428,-3.9208,76.5636,2886
20110831,80.4346,0.55983,79.8748,2569
20110907,83.0391,-0.262631,83.3017,2433
20110914,84.9174,-1.75865,86.6761,2682
20110921,109.105,19.2844,89.8205,2693
20110928,121.597,29.0353,92.5619,2383
20111005,111.514,16.7682,94.7455,1692
20111012,110.602,14.3547,96.2471,1363
20111019,115.308,18.3259,96.9825,782
20111026,105.929,9.01495,96.9144,1499
20111102,109.838,13.7837,96.0544,1255
20111109,106.366,11.905,94.4612,1658
20111116,101.919,9.68424,92.2348,1368
20111123,78.4418,-11.0654,89.5071,558
20111130,79.6127,-6.81837,86.4311,1413
20111207,74.612,-8.55578,83.1678,1020
20111214,73.7875,-6.08662,79.8741,781
20111221,72.3584,-4.3335,76.6919,1085
20111228,70.1375,-3.60185,73.7393,796
20120104,75.8707,5.11232,70.7584,1960
20120111,83.1964,14.6409,68.5555,1275
20120118,70.46,3.70553,66.7545,1183
20120125,67.0476,1.69787,65.3497,789
20120201,66.454,2.13976,64.3143,1085
20120208,64.3517,0.745054,63.6067,2271
20120215,63.4986,0.321016,63.1776,2100
20120222,64.6043,1.6281,62.9762,1038
20120229,57.2727,-5.68159,62.9543,797
20120307,54.2328,-8.83695,63.0697,6
20120314,58.8977,-4.3895,63.2872,-9999
20120321,63.5108,-0.0668479,63.5776,1061
20120328,62.6747,-1.24182,63.9165,2427
20120404,63.8483,-0.433253,64.2816,2899
20120411,62.41,-2.2407,64.6507,1978
20120418,62.7169,-2.28338,65.0003,2189
20120425,62.8015,-2.5039,65.3054,1312
20120502,63.5597,-1.98119,65.5409,2348
20120509,65.2608,-0.422922,65.6838,2489
20120516,64.9309,-0.78672,65.7176,2933
20120523,65.629,-0.00728306,65.6363,1738
20120530,61.3662,-4.08232,65.4485,1463
20120606,62.4529,-2.72796,65.1809,3027
20120613,64.7898,-0.089635,64.8794,3110
20120620,65.7265,1.11768,64.6088,3311
20120627,65.2894,0.839727,64.4496,2486
20120704,65.9961,1.50412,64.4919,3276
20120711,69.7351,4.90705,64.8281,1313
20120718,63.8247,-1.7183,65.543,2384
20120725,66.0551,-0.649358,66.7044,2859
20120801,66.1023,-2.25172,68.354,3311
20120808,68.5158,-1.9833,70.4991,3198
20120815,73.6895,0.58143,73.1081,2945
20120822,78.0098,1.90087,76.1089,2171
20120829,83.5345,4.14352,79.391,2516
20120905,78.5291,-4.28218,82.8113,2724
20120912,78.1593,-8.0447,86.204,2721
20120919,93.2469,3.85487,89.392,2661
20120926,103.574,11.3726,92.2011,2077
20121003,91.1906,-3.28225,94.4728,2063
20121010,95.9369,-0.141156,96.078,2026
20121017,103.335,6.40859,96.9263,2713
20121024,105.649,8.67605,96.9734,2014
20121031,107.023,10.7987,96.224,2000
20121107,97.8991,3.16883,94.7303,998
20121114,91.5798,-1.00702,92.5869,1877
20121121,101.703,11.7812,89.9218,1833
20121128,94.6412,7.75542,86.8858,1411
20121205,96.831,13.1917,83.6394,2183
20121212,97.7868,17.4459,80.3409,1658
20121219,94.7712,17.6363,77.1349,582
20121226,71.9396,-2.20376,74.1434,1303
20130102,69.9611,-1.49824,71.4594,1711
20130109,69.9734,0.829154,69.1443,2079
20130116,71.802,4.57414,67.2279,1139
20130123,76.1675,10.4557,65.7119,999
20130130,67.363,2.78833,64.5746,2391
20130206,69.3272,5.54901,63.7782,2282
20130213,67.9935,4.71873,63.2748,911
20130220,61.7863,-1.22712,63.0134,1177
20130227,65.7046,2.7598,62.9448,1244
20130306,61.1926,-1.83234,63.0249,1488
20130313,61.429,-1.78741,63.2164,2358
20130320,62.0808,-1.40789,63.4887,2262
20130327,57.9992,-5.81689,63.8161,70
20130403,58.4028,-5.77312,64.1759,-9999
20130410,61.4489,-3.09726,64.5462,1420
20130417,63.1663,-1.73753,64.9038,2459
20130424,62.7594,-2.46487,65.2243,2449
20130501,65.2425,-0.239588,65.4821,2956
20130508,64.0184,-1.63514,65.6535,1940
20130515,63.7276,-1.99206,65.7197,1133
20130522,64.6233,-1.04774,65.6711,2085
20130529,65.6877,0.175802,65.5118,2724
20130605,64.3681,-0.895135,65.2632,2209
20130612,66.4055,1.43994,64.9655,2508
20130619,65.7068,1.0283,64.6786,2148
20130626,68.2599,3.78135,64.4786,2301
20130703,68.2088,3.75493,64.4538,3169
20130710,67.068,2.37117,64.6969,2435
20130717,67.379,2.08333,65.2957,2453
20130724,68.7454,2.42134,66.324,2333
20130731,66.6151,-1.21668,67.8318,2825
20130807,69.7883,-0.0483738,69.8367,3234
20130814,70.2909,-2.02784,72.3188,2804
20130821,73.2033,-2.014,75.2173,3163
20130828,71.7767,-6.65563,78.4324,3046
20130904,79.6687,-2.16064,81.8293,2631
20130911,78.5456,-6.7021,85.2477,2686
20130918,83.4886,-5.02376,88.5124,2642
20130925,93.5649,2.1181,91.4468,2664
20131002,96.6338,2.74706,93.8868,2199
20131009,90.5043,-5.18918,95.6935,2747
20131016,85.704,-11.0606,96.7647,2009
20131023,82.8356,-14.2068,97.0424,2336
20131030,83.1621,-13.3551,96.5172,2246
20131106,81.7394,-13.4888,95.2282,2265
20131113,83.2749,-9.98377,93.2586,1582
20131120,79.5259,-11.2021,90.728,532
20131127,75.8158,-11.9659,87.7818,756
20131204,71.1524,-13.4266,84.579,1326
20131211,70.1034,-11.1764,81.2798,1863
20131218,66.7929,-11.241,78.0339,1778
20131225,65.0808,-9.88938,74.9702,1814
20140101,74.6954,2.8741,71.8213,1818
20140108,67.9481,-1.50284,69.4509,1444
20140115,65.079,-2.39788,67.4769,692
20140122,71.1523,5.24774,65.9045,1054
20140129,64.2387,-0.476497,64.7152,983
20140205,60.5284,-3.34445,63.8728,743
20140212,69.3684,6.03769,63.3307,1338
20140219,67.1507,4.11288,63.0378,872
20140226,63.7632,0.818694,62.9445,822
20140305,62.412,-0.59385,63.0059,1265
20140312,65.4647,2.28119,63.1835,1645
20140319,65.2418,1.79593,63.4459,2352
20140326,60.9262,-2.84062,63.7668,326
20140402,61.0292,-3.09415,64.1233,59
20140409,65.6039,1.11038,64.4935,1238
20140416,65.8553,1.00091,64.8544,2021
20140423,66.6158,1.43405,65.1817,1861
20140430,65.5376,0.0875389,65.4501,2679
20140507,64.3733,-1.26179,65.6351,2505
20140514,64.5443,-1.17284,65.7171,2517
20140521,65.0796,-0.605503,65.6851,2207
20140528,66.5307,0.989893,65.5408,2045
20140604,63.5424,-1.76048,65.3029,2126
20140611,65.1493,0.140339,65.009,2200
20140618,65.9004,1.18429,64.7162,2666
20140625,66.3651,1.86654,64.4986,3083
20140702,65.5787,1.13552,64.4432,3030
20140709,66.7349,2.09259,64.6423,3335
20140716,65.8717,0.686349,65.1853,2457
20140723,67.3365,1.18788,66.1486,2852
20140730,65.0061,-2.5799,67.586,3084
20140806,67.4365,-2.08363,69.5202,2531
20140813,71.5759,-0.36097,71.9368,2572
20140820,70.0035,-4.7776,74.7811,2992
20140827,76.2577,-1.7008,77.9585,3254
20140903,76.3475,-4.99126,81.3388,2781
20140910,78.8791,-5.8855,84.7646,2824
20140917,83.3235,-4.73869,88.0622,2620
20140924,88.4424,-2.61187,91.0543,2448
20141001,86.9443,-6.62978,93.5741,2619
20141008,88.8135,-6.66503,95.4785,2765
20141015,87.7804,-8.87896,96.6594,2254
20141022,98.1695,1.11732,97.0522,2202
20141029,104.1,7.45986,96.6404,2337
20141105,95.6055,0.149036,95.4564,1422
20141112,94.5714,0.993929,93.5775,2260
20141119,98.9712,7.85263,91.1186,2036
20141126,89.2881,1.06596,88.2221,973
20141203,76.6814,-8.36473,85.0461,1237
20141210,74.4092,-7.34195,81.7512,1025
20141217,73.0907,-5.39848,78.4891,1446
20141224,71.7974,-3.59515,75.3925,774
20141231,65.9457,-6.62165,72.5673,613
20150107,57.3502,-12.4156,69.7658,187
20150114,61.3849,-6.3493,67.7342,625
20150121,64.5816,-1.52346,66.105,1244
20150128,64.4437,-0.419178,64.8629,1737
20150204,61.872,-2.10159,63.9736,2249
20150211,61.7874,-1.6043,63.3917,1893
20150218,65.7918,2.72547,63.0663,1923
20150225,68.2864,5.33903,62.9474,1682
20150304,66.1004,3.11125,62.9891,1907
20150311,63.9893,0.837034,63.1523,2007
20150318,65.0044,1.60019,63.4042,2775
20150325,68.0029,4.28469,63.7183,519
20150401,66.254,2.18292,64.071,-9999
20150408,64.5975,0.156867,64.4406,2610
20150415,66.8711,2.06673,64.8043,2316
20150422,65.0624,-0.0756302,65.138,2178
20150429,66.7374,1.32109,65.4163,2804
20150506,64.9984,-0.616154,65.6146,3254
20150513,62.9435,-2.76874,65.7123,3258
20150520,64.8625,-0.834213,65.6967,2762
20150527,67.3206,1.75281,65.5677,2105
20150603,65.0815,-0.259838,65.3414,2224
20150610,66.7199,1.66749,65.0525,1130
20150617,62.9285,-1.82677,64.7553,1911
20150624,62.86,-1.66187,64.5219,2946
20150701,64.0938,-0.343881,64.4377,2484
20150708,65.9927,1.39789,64.5948,3127
20150715,67.1281,2.04447,65.0836,3121
20150722,69.5191,3.53617,65.9829,2935
20150729,70.6496,3.29926,67.3503,3145
20150805,70.137,0.923478,69.2136,3265
20150812,70.3745,-1.18916,71.5637,3283
20150819,74.9569,0.605112,74.3518,2813
20150826,73.9808,-3.50796,77.4888,1987
20150902,84.3393,3.49011,80.8492,2564
20150909,84.7176,0.438739,84.2789,2853
20150916,94.4776,6.87184,87.6057,2585
20150923,92.5421,1.89004,90.6521,2499
20150930,98.436,5.1872,93.2488,2231
20151007,99.1658,3.9171,95.2487,2251
20151014,103.181,6.64308,96.5379,2234
20151021,106.067,9.02111,97.0455,2499
20151028,114.341,17.5928,96.7478,1721
20151104,127.643,31.9726,95.6704,1000
20151111,113.043,19.1586,93.8844,1002
20151118,98.8259,7.32574,91.5002,2133
20151125,107.708,19.0514,88.6568,1903
20151202,93.717,8.20618,85.5108,1405
20151209,87.3694,5.14618,82.2233,1253
20151216,82.0969,3.14903,78.9479,678
20151223,80.2141,4.3937,75.8204,926
20151230,74.558,1.60686,72.9511,336
20160106,73.5471,3.4584,70.0887,1974
20160113,74.5951,6.59545,67.9997,1548
20160120,68.5903,2.27683,66.3135,1140
20160127,72.08,7.06226,65.0178,1030
20160203,68.6759,4.59515,64.0807,771
20160210,65.7323,2.27436,63.4579,1627
20160217,71.0403,7.94123,63.099,1259
20160224,72.0784,9.12486,62.9536,-9999
20160302,69.6188,6.64386,62.9749,-9999
20160309,67.1469,4.02407,63.1228,540
20160316,66.6373,3.27341,63.3639,1117
20160323,66.3389,2.66842,63.6705,2223
20160330,66.294,2.27489,64.0191,2515
20160406,69.1826,4.79494,64.3876,2061
20160413,65.8493,1.09568,64.7536,2030
20160420,68.6853,3.59213,65.0931,2354
20160427,67.4483,2.06747,65.3809,2472
20160504,66.754,1.16204,65.592,1361
20160511,66.4831,0.778066,65.7051,1625
20160518,68.9055,3.19945,65.706,2531
20160525,66.821,1.22834,65.5927,1685
20160601,67.1735,1.79494,65.3786,1519
20160608,65.8556,0.759925,65.0957,2853
20160615,64.9923,0.196678,64.7957,1461
20160622,63.4634,-1.08474,64.5482,2405
20160629,64.7662,0.329123,64.4371,2652
20160706,63.6572,-0.896918,64.5541,3005
20160713,63.6355,-1.35482,64.9903,1015
20160720,63.1111,-2.71579,65.8269,2139
20160727,64.6276,-2.4973,67.1249,2956
20160803,67.0771,-1.83984,68.9169,3248
20160810,68.547,-2.65258,71.1996,2609
20160817,69.807,-4.12268,73.9296,2185
20160824,71.5794,-5.44429,77.0237,1628
20160831,75.2065,-5.15454,80.361,1544
20160907,81.8291,-1.96199,83.7911,2148
20160914,77.1048,-10.0387,87.1435,1774
20160921,74.9199,-15.3208,90.2406,1280
20160928,75.7073,-17.204,92.9113,1417
20161005,82.9849,-12.0194,95.0042,1710
20161012,84.6433,-11.7572,96.4005,2480
20161019,81.3769,-15.6453,97.0223,1868
20161026,84.6625,-12.1767,96.8392,2185
20161102,81.6814,-14.1884,95.8698,1642
20161109,86.0029,-8.17629,94.1791,1388
20161116,81.0473,-10.8251,91.8724,1930
20161123,83.1388,-5.94648,89.0853,1656
20161130,77.159,-8.81363,85.9726,1850
20161207,83.4754,0.779806,82.6956,1470
20161214,69.9866,-9.42298,79.4096,1123
20161221,67.986,-8.26768,76.2537,617
20161228,61.7661,-11.5757,73.3419,529
20170104,59.9913,-10.7671,70.7584,774
20170111,60.4328,-8.12264,68.5555,677
20170118,57.9985,-8.75593,66.7545,1046
20170125,59.8547,-5.49497,65.3497,1256
20170201,58.8215,-5.4928,64.3143,1510
20170208,58.3041,-5.30252,63.6067,1375
20170215,61.579,-1.59866,63.1776,1247
20170222,62.4072,-0.568953,62.9762,1202
20170301,61.5994,-1.35486,62.9543,2139
20170308,57.8951,-5.17464,63.0697,17
20170315,57.683,-5.60421,63.2872,-9999
20170322,59.717,-3.86063,63.5776,1576
20170329,61.3249,-2.59163,63.9165,2046
20170405,60.3633,-3.91825,64.2816,2552
20170412,59.5837,-5.067,64.6507,2380
20170419,62.3199,-2.68035,65.0003,2455
20170426,60.0348,-5.27067,65.3054,2342
20170503,61.3769,-4.16397,65.5409,2507
20170510,61.5754,-4.10834,65.6838,2686
20170517,62.2894,-3.42818,65.7176,2522
20170524,65.6928,0.0565024,65.6363,2858
20170531,66.8777,1.42919,65.4485,2204
20170607,64.0839,-1.09704,65.1809,2481
20170614,64.2115,-0.667846,64.8794,2897
20170621,64.4574,-0.151445,64.6088,3261
20170628,63.9674,-0.482274,64.4496,2299
20170705,60.071,-4.42093,64.4919,1753
20170712,62.4127,-2.41541,64.8281,2230
20170719,64.4526,-1.0904,65.543,3084
20170726,65.7653,-0.939139,66.7044,2728
20170802,64.7577,-3.59626,68.354,2675
20170809,66.4941,-4.00502,70.4991,2653
20170816,69.7273,-3.38076,73.1081,3251
20170823,68.2544,-7.85449,76.1089,3171
20170830,74.6304,-4.76061,79.391,2888
20170906,71.548,-11.2633,82.8113,2579
20170913,80.1459,-6.05807,86.204,2847
20170920,90.5216,1.12952,89.392,2845
20170927,88.6493,-3.5518,92.2011,2528
20171004,84.5128,-9.96009,94.4728,1833
20171011,83.892,-12.186,96.078,2155
20171018,84.4895,-12.4368,96.9263,1230
20171025,87.6521,-9.32133,96.9734,1846
20171101,96.7402,0.516138,96.224,1799
20171108,101.474,6.74342,94.7303,1315
20171115,86.8718,-5.7151,92.5869,794
20171122,83.143,-6.77882,89.9218,1293
20171129,78.6607,-8.22513,86.8858,1130
20171206,75.2691,-8.37024,83.6394,1435
20171213,75.2236,-5.11728,80.3409,1996
20171220,76.7523,-0.382613,77.1349,1839
20171227,76.4747,2.33134,74.1434,1803
20180103,78.0824,6.97737,71.105,976
20180110,68.4719,-0.373831,68.8457,1476
20180117,67.2486,0.261501,66.9871,713
20180124,69.4092,3.88224,65.5269,956
20180131,63.8019,-0.639076,64.441,1270
20180207,59.8071,-3.88236,63.6895,1728
20180214,65.8296,2.6058,63.2238,1606
20180221,67.9931,5.00023,62.9929,1350
20180228,65.0169,2.06882,62.9481,1175
20180307,64.9358,1.88955,63.0462,408
20180314,54.6816,-8.56941,63.251,362
20180321,54.3559,-9.17669,63.5326,-9999
20180328,59.481,-4.38495,63.866,1569
20180404,61.9398,-2.28885,64.2287,2259
20180411,62.4495,-2.14904,64.5986,2201
20180418,62.0082,-2.94426,64.9525,2967
20180425,66.6378,1.37223,65.2655,3139
20180502,65.8577,0.345253,65.5124,2649
20180509,64.8655,-0.804185,65.6697,3108
20180516,65.7413,0.0214797,65.7198,3088
20180523,66.3798,0.724995,65.6548,2480
20180530,64.2149,-1.26618,65.4811,2909
20180606,64.8555,-0.366939,65.2225,3112
20180613,65.2793,0.357026,64.9223,2264
20180620,64.4462,-0.196486,64.6427,2797
20180627,63.6273,-0.834852,64.4622,1669
20180704,62.3008,-2.16922,64.47,2686
20180711,63.5468,-1.21187,64.7587,3135
20180718,63.683,-1.73186,65.4148,2918
20180725,68.3557,1.84643,66.5093,3021
20180801,67.9978,-0.089976,68.0878,2813
20180808,67.625,-2.53809,70.1631,2610
20180815,73.5534,0.844153,72.7093,3187
20180822,71.5094,-4.15061,75.66,2989
20180829,74.2285,-4.6815,78.91,3051
20180905,73.3648,-8.95552,82.3203,2990
20180912,85.6523,-0.0753957,85.7277,2888
20180919,79.0427,-9.91316,88.9559,2965
20180926,86.3283,-5.50089,91.8292,1442
20181003,88.6512,-5.53533,94.1865,380
20181010,97.6261,1.73264,95.8934,746
20181017,89.4709,-7.38274,96.8537,1739
20181024,89.3344,-7.68168,97.0161,2219
20181031,93.1406,-3.23775,96.3784,1714
20181107,86.6614,-8.32469,94.9861,2035
20181114,89.2459,-3.68243,92.9283,1743
20181121,83.3447,-6.98423,90.3289,919
20181128,83.0719,-4.26425,87.3362,1602
20181205,81.1972,-2.9127,84.1099,1891
20181212,73.3497,-7.4599,80.8096,1238
20181219,73.0881,-4.49423,77.5823,1933
20181226,67.25,-7.30371,74.5537,1949
20190102,67.1026,-4.35674,71.4594,1970
20190109,66.326,-2.81823,69.1443,1944
20190116,65.6664,-1.56146,67.2279,1859
20190123,68.1339,2.42201,65.7119,1274
20190130,64.8118,0.237193,64.5746,572
20190206,62.4488,-1.32937,63.7782,799
20190213,64.5867,1.31197,63.2748,2576
20190220,67.5498,4.53645,63.0134,2363
20190227,67.514,4.56923,62.9448,2070
20190306,63.9925,0.967603,63.0249,2118
20190313,65.9481,2.73168,63.2164,481
20190320,66.0416,2.55292,63.4887,-9999
20190327,62.9305,-0.885521,63.8161,632
20190403,59.5151,-4.66076,64.1759,2244
20190410,63.6942,-0.851912,64.5462,2395
20190417,61.6726,-3.23123,64.9038,3036
20190424,62.5727,-2.65156,65.2243,1488
20190501,61.5824,-3.89975,65.4821,938
20190508,61.2363,-4.41715,65.6535,2584
20190515,60.6574,-5.0623,65.7197,2069
20190522,63.1495,-2.52157,65.6711,2473
20190529,63.5185,-1.99338,65.5118,2332
20190605,62.5598,-2.70337,65.2632,1354
20190612,63.2496,-1.71593,64.9655,2525
20190619,62.7844,-1.89412,64.6786,3231
20190626,64.844,0.365439,64.4786,3167
20190703,64.8339,0.380027,64.4538,2772
20190710,64.6358,-0.0610783,64.6969,2313
20190717,63.022,-2.27364,65.2957,3480
20190724,66.0122,-0.311829,66.324,2287
20190731,68.1763,0.344514,67.8318,-9999
20190807,69.0828,-0.753893,69.8367,-9999
20190814,69.7492,-2.56958,72.3188,-9999
20190821,70.9575,-4.25985,75.2173,-9999
20190828,74.0208,-4.41159,78.4324,2763
20190904,79.2907,-2.53866,81.8293,3112
20190911,82.9907,-2.25697,85.2477,2975
20190918,89.4945,0.982119,88.5124,2632
20190925,86.9068,-4.54001,91.4468,1835
20191002,95.4098,1.52303,93.8868,2744
20191009,100.063,4.36932,95.6935,2649
20191016,96.7218,-0.0428884,96.7647,2442
20191023,92.185,-4.85736,97.0424,2402
20191030,88.1037,-8.41357,96.5172,876
20191106,84.4255,-10.8027,95.2282,2122
20191113,87.8217,-5.4369,93.2586,2560
20191120,89.8873,-0.840707,90.728,2496
20191127,86.283,-1.49875,87.7818,1601
20191204,77.2961,-7.28294,84.579,2422
20191211,94.1137,12.8339,81.2798,2356
20191218,91.9382,13.9043,78.0339,2305
20191225,110.789,35.8188,74.9702,2064
20200101,86.7045,14.8832,71.8213,1622
20200108,89.3138,19.8628,69.4509,1383
20200115,80.3533,12.8764,67.4769,1762
20200122,72.3451,6.44057,65.9045,756
20200129,66.289,1.57382,64.7152,264
20200205,64.7222,0.84934,63.8728,1109
20200212,69.9851,6.65445,63.3307,2198
20200219,68.8858,5.84802,63.0378,1829
20200226,66.9777,4.0332,62.9445,1186
20200304,66.6309,3.62501,63.0059,834
20200311,67.4116,4.22814,63.1835,1686
20200318,66.0122,2.56637,63.4459,2811
20200325,68.0521,4.28531,63.7668,35
20200401,68.1086,3.98526,64.1233,-9999
20200408,67.0781,2.58459,64.4935,1593
20200415,66.8249,1.97043,64.8544,2659
20200422,66.3716,1.18984,65.1817,2848
20200429,67.85,2.3999,65.4501,2862
20200506,68.7409,3.1058,65.6351,2559
20200513,67.9405,2.22335,65.7171,2736
20200520,67.5796,1.8945,65.6851,887
20200527,67.706,2.16526,65.5408,2997
20200603,68.8872,3.58436,65.3029,2861
20200610,68.3804,3.37141,65.009,2719
20200617,68.1185,3.40238,64.7162,2488
20200624,69.1683,4.66975,64.4986,3051
20200701,68.6005,4.15739,64.4432,3090
20200708,67.917,3.27468,64.6423,2461
20200715,67.3702,2.1849,65.1853,3338
20200722,67.8096,1.66101,66.1486,2098
20200729,67.9988,0.412882,67.586,3315
20200805,71.2584,1.73823,69.5202,2124
20200812,70.1398,-1.79706,71.9368,2488
20200819,69.6169,-5.16425,74.7811,3111
20200826,75.6555,-2.30295,77.9585,3061
20200902,81.815,0.476263,81.3388,2548
20200909,85.8461,1.08147,84.7646,2989
20200916,80.5437,-7.51849,88.0622,2250
20200923,85.2854,-5.76893,91.0543,1572
20200930,98.6343,5.06024,93.5741,2539
20201007,87.7836,-7.6949,95.4785,2296
20201014,95.3369,-1.3225,96.6594,2605
20201021,95.1375,-1.91466,97.0522,1714
20201028,92.6179,-4.02255,96.6404,1916
20201104,91.5283,-3.92814,95.4564,2508
20201111,91.2498,-2.32767,93.5775,1872
20201118,93.7729,2.65432,91.1186,1581
20201125,84.6738,-3.54836,88.2221,1914
20201202,78.5681,-6.47802,85.0461,2223
20201209,79.8101,-1.94114,81.7512,1018
20201216,72.0065,-6.48267,78.4891,1155
20201223,69.2689,-6.12359,75.3925,425
20201230,63.5297,-9.03761,72.5673,748
20210106,65.4658,-4.62287,70.0887,727
20210113,60.9776,-7.0221,67.9997,1478
20210120,61.5886,-4.72487,66.3135,1298
20210127,60.2762,-4.74159,65.0178,1146
20210203,61.7214,-2.35929,64.0807,1157
20210210,58.8655,-4.59238,63.4579,607
20210217,59.697,-3.40201,63.099,1228
20210224,64.1165,1.163,62.9536,1565
20210303,66.4783,3.50335,62.9749,1778
20210310,63.2398,0.116955,63.1228,1500
20210317,60.5572,-2.80667,63.3639,782
20210324,57.666,-6.00448,63.6705,332
20210331,58.1933,-5.82585,64.0191,-9999
20210407,60.9368,-3.45084,64.3876,-9999
20210414,64.2952,-0.458421,64.7536,1465
20210421,66.4918,1.39871,65.0931,2217
20210428,65.1936,-0.187306,65.3809,2031
20210505,65.2449,-0.347079,65.592,2453
20210512,63.0508,-2.65423,65.7051,3100
20210519,65.2008,-0.505203,65.706,2719
20210526,64.2587,-1.33398,65.5927,2759
20210602,65.8236,0.444992,65.3786,2305
20210609,64.9537,-0.142059,65.0957,2762
20210616,67.4429,2.64721,64.7957,1645
20210623,64.0553,-0.492832,64.5482,2119
20210630,62.3693,-2.06776,64.4371,2196
20210707,65.4647,0.91066,64.5541,2527
20210714,66.0219,1.03161,64.9903,2695
20210721,65.9425,0.115612,65.8269,3259
20210728,68.6448,1.51987,67.1249,2994
20210804,66.6813,-2.2356,68.9169,2781
20210811,67.1325,-4.06703,71.1996,2745
20210818,70.7729,-3.15676,73.9296,2777
20210825,75.924,-1.09961,77.0237,2427
20210901,84.1021,3.74106,80.361,1869
20210908,78.6521,-5.13899,83.7911,2134
20210915,79.1578,-7.98577,87.1435,2267
20210922,80.8817,-9.35896,90.2406,2793
20210929,83.0713,-9.83992,92.9113,2191
20211006,88.7231,-6.28116,95.0042,2073
20211013,86.0602,-10.3402,96.4005,1666
20211020,92.0475,-4.97472,97.0223,1842
20211027,100.265,3.42622,96.8392,1233
20211103,89.2568,-6.61304,95.8698,1335
20211110,78.2458,-15.9334,94.1791,694
20211117,78.7995,-13.0729,91.8724,1939
20211124,77.155,-11.9303,89.0853,865
20211201,74.6848,-11.2878,85.9726,1687
20211208,73.0362,-9.65936,82.6956,1679
20211215,75.1979,-4.21169,79.4096,2172
20211222,75.4926,-0.761084,76.2537,1351
20211229,67.5671,-5.77478,73.3419,1393
