"","sst","date","week"
"1",-1.01012932313365,1981-11-04,44
"2",-0.80129492000267,1981-11-11,45
"3",-0.508467223284065,1981-11-18,46
"4",-0.352145709068436,1981-11-25,47
"5",-0.17123113076535,1981-12-02,48
"6",-0.356528159937445,1981-12-09,49
"7",-0.547237619590292,1981-12-16,50
"8",-0.468584915794864,1981-12-23,51
"9",-0.197202477441234,1981-12-30,52
"10",0.00481667982147892,1982-01-06,1
"11",0.028613766203855,1982-01-13,2
"12",0.119362211173282,1982-01-20,3
"13",0.0141088535083778,1982-01-27,4
"14",-0.122589188797381,1982-02-03,5
"15",-0.21612014750572,1982-02-10,6
"16",-0.106155628786122,1982-02-17,7
"17",-0.105964733697221,1982-02-24,8
"18",-0.141105635990667,1982-03-03,9
"19",-0.154637464136078,1982-03-10,10
"20",-0.168775599114608,1982-03-17,11
"21",0.0138723405061136,1982-03-24,12
"22",0.0878412298879483,1982-03-31,13
"23",0.113593029979272,1982-04-07,14
"24",0.214868825122805,1982-04-14,15
"25",0.346524639691861,1982-04-21,16
"26",0.456096383199904,1982-04-28,17
"27",0.43252236763657,1982-05-05,18
"28",0.419117811891498,1982-05-12,19
"29",0.696432954789091,1982-05-19,20
"30",1.00472751770813,1982-05-26,21
"31",1.15845385425078,1982-06-02,22
"32",1.09092268610165,1982-06-09,23
"33",1.05926907704116,1982-06-16,24
"34",1.15867096949013,1982-06-23,25
"35",1.00552305092067,1982-06-30,26
"36",0.990328285048806,1982-07-07,27
"37",0.682370335337526,1982-07-14,28
"38",0.691347484813764,1982-07-21,29
"39",0.730299426892027,1982-07-28,30
"40",0.834403195235654,1982-08-04,31
"41",1.11109367149429,1982-08-11,32
"42",1.16458786843972,1982-08-18,33
"43",0.960656731650855,1982-08-25,34
"44",0.873396997486817,1982-09-01,35
"45",1.03320357340523,1982-09-08,36
"46",1.43144602446872,1982-09-15,37
"47",1.57615260744524,1982-09-22,38
"48",1.59787228402874,1982-09-29,39
"49",1.72338321406007,1982-10-06,40
"50",1.85316133797813,1982-10-13,41
"51",1.97797590721159,1982-10-20,42
"52",1.96231676248854,1982-10-27,43
"53",1.91299376727782,1982-11-03,44
"54",1.94578493061185,1982-11-10,45
"55",2.11987009976912,1982-11-17,46
"56",2.31563471689132,1982-11-24,47
"57",2.39167900150412,1982-12-01,48
"58",2.45614755832745,1982-12-08,49
"59",2.56295461696231,1982-12-15,50
"60",2.66800519603448,1982-12-22,51
"61",2.74714247332099,1982-12-29,52
"62",2.74351137475305,1983-01-05,1
"63",2.71184160512486,1983-01-12,2
"64",2.65355179709792,1983-01-19,3
"65",2.60383045142597,1983-01-26,4
"66",2.50715849258174,1983-02-02,5
"67",2.41765392766731,1983-02-09,6
"68",2.27699734024261,1983-02-16,7
"69",2.08090719875423,1983-02-23,8
"70",2.08114533015257,1983-03-02,9
"71",1.96438116895174,1983-03-09,10
"72",1.73211892637379,1983-03-16,11
"73",1.58843190934005,1983-03-23,12
"74",1.35621502487996,1983-03-30,13
"75",1.19030629534449,1983-04-06,14
"76",1.11964703443988,1983-04-13,15
"77",1.13168959054162,1983-04-20,16
"78",1.09849652299794,1983-04-27,17
"79",1.05556242176685,1983-05-04,18
"80",1.1210619919006,1983-05-11,19
"81",1.00705787960217,1983-05-18,20
"82",0.902168076481313,1983-05-25,21
"83",0.957930877627987,1983-06-01,22
"84",0.914811537420649,1983-06-08,23
"85",0.697678451005649,1983-06-15,24
"86",0.261645712590024,1983-06-22,25
"87",0.123558287603008,1983-06-29,26
"88",-0.0756889486560202,1983-07-06,27
"89",-0.275343711205027,1983-07-13,28
"90",-0.308954509378768,1983-07-20,29
"91",-0.349569002102148,1983-07-27,30
"92",-0.367057677444426,1983-08-03,31
"93",-0.430680110529252,1983-08-10,32
"94",-0.37063689866824,1983-08-17,33
"95",-0.405266170486512,1983-08-24,34
"96",-0.394253338641959,1983-08-31,35
"97",-0.270867669606999,1983-09-07,36
"98",-0.282010335943753,1983-09-14,37
"99",-0.328595149869706,1983-09-21,38
"100",-0.583707643871369,1983-09-28,39
"101",-0.911196684444756,1983-10-05,40
"102",-0.830905210839535,1983-10-12,41
"103",-0.831323924916866,1983-10-19,42
"104",-1.04222841193645,1983-10-26,43
"105",-0.923409145093317,1983-11-02,44
"106",-0.805370707747678,1983-11-09,45
"107",-1.1910391291503,1983-11-16,46
"108",-1.47655146653637,1983-11-23,47
"109",-1.08945013538411,1983-11-30,48
"110",-0.888075941302121,1983-12-07,49
"111",-1.05122193948978,1983-12-14,50
"112",-1.12071140902788,1983-12-21,51
"113",-1.19832175700715,1983-12-28,52
"114",-1.04848879926392,1984-01-04,1
"115",-0.914190607894133,1984-01-11,2
"116",-1.10126443765877,1984-01-18,3
"117",-1.15330028640647,1984-01-25,4
"118",-0.851099394009419,1984-02-01,5
"119",-0.699630037865055,1984-02-08,6
"120",-0.477685057591474,1984-02-15,7
"121",-0.157152696043612,1984-02-22,8
"122",-0.217941478920576,1984-02-29,9
"123",-0.276440159205263,1984-03-07,10
"124",-0.401968330516615,1984-03-14,11
"125",-0.47553866151108,1984-03-21,12
"126",-0.640859950576419,1984-03-28,13
"127",-0.558633735956485,1984-04-04,14
"128",-0.10781392690005,1984-04-11,15
"129",-0.167190632571248,1984-04-18,16
"130",-0.594078175843769,1984-04-25,17
"131",-0.59986673918479,1984-05-02,18
"132",-0.301741921428683,1984-05-09,19
"133",-0.298705194450918,1984-05-16,20
"134",-0.641966615312113,1984-05-23,21
"135",-0.694694252662746,1984-05-30,22
"136",-0.759604928360271,1984-06-06,23
"137",-0.830712315270929,1984-06-13,24
"138",-0.870562263787893,1984-06-20,25
"139",-0.745203660857781,1984-06-27,26
"140",-0.399649769506729,1984-07-04,27
"141",-0.544192208233571,1984-07-11,28
"142",-0.668744909740605,1984-07-18,29
"143",-0.584715869335948,1984-07-25,30
"144",-0.570510757780912,1984-08-01,31
"145",-0.659580576684149,1984-08-08,32
"146",-0.448698992847175,1984-08-15,33
"147",-0.520365327953509,1984-08-22,34
"148",-0.647567570366923,1984-08-29,35
"149",-0.462662776782989,1984-09-05,36
"150",-0.231208063886356,1984-09-12,37
"151",-0.118676943169209,1984-09-19,38
"152",-0.540131125359063,1984-09-26,39
"153",-0.812705261897009,1984-10-03,40
"154",-0.605950058230521,1984-10-10,41
"155",-0.723086109177017,1984-10-17,42
"156",-1.10441709664712,1984-10-24,43
"157",-1.17650728263973,1984-10-31,44
"158",-1.29459879705968,1984-11-07,45
"159",-1.32166921350344,1984-11-14,46
"160",-1.3214547086703,1984-11-21,47
"161",-1.18703028907292,1984-11-28,48
"162",-1.38033995040241,1984-12-05,49
"163",-1.6409683507957,1984-12-12,50
"164",-1.77809246813487,1984-12-19,51
"165",-1.80730465132624,1984-12-26,52
"166",-1.52659451579219,1985-01-02,1
"167",-1.20614433023046,1985-01-09,2
"168",-1.13775932387289,1985-01-16,3
"169",-1.26280306165947,1985-01-23,4
"170",-1.28656548086146,1985-01-30,5
"171",-1.33456404064541,1985-02-06,6
"172",-1.15624937469466,1985-02-13,7
"173",-1.07452983864956,1985-02-20,8
"174",-1.05399723593492,1985-02-27,9
"175",-1.01508074407933,1985-03-06,10
"176",-1.06281775831421,1985-03-13,11
"177",-1.14036017756015,1985-03-20,12
"178",-1.06353073733303,1985-03-27,13
"179",-0.891105786379263,1985-04-03,14
"180",-0.921218563902887,1985-04-10,15
"181",-1.10088684350148,1985-04-17,16
"182",-1.05082550260491,1985-04-24,17
"183",-0.719874854719064,1985-05-01,18
"184",-0.799079239386904,1985-05-08,19
"185",-0.819435220246005,1985-05-15,20
"186",-0.671750907498958,1985-05-22,21
"187",-0.777720956502781,1985-05-29,22
"188",-0.690653499174208,1985-06-05,23
"189",-0.697310224002041,1985-06-12,24
"190",-0.838292881381026,1985-06-19,25
"191",-0.908733538680859,1985-06-26,26
"192",-0.902625678285346,1985-07-03,27
"193",-0.905301836747273,1985-07-10,28
"194",-0.754542225261005,1985-07-17,29
"195",-0.2301304092225,1985-07-24,30
"196",-0.0767294038060571,1985-07-31,31
"197",-0.572873423958319,1985-08-07,32
"198",-0.61124040011656,1985-08-14,33
"199",-0.345124804071548,1985-08-21,34
"200",-0.237242559387455,1985-08-28,35
"201",-0.228907923005155,1985-09-04,36
"202",-0.585881247868637,1985-09-11,37
"203",-0.725330229425705,1985-09-18,38
"204",-0.607027260416459,1985-09-25,39
"205",-0.565049894775999,1985-10-02,40
"206",-0.580120115641366,1985-10-09,41
"207",-0.63481652592844,1985-10-16,42
"208",-0.660407252581982,1985-10-23,43
"209",-0.369756758250539,1985-10-30,44
"210",-0.190020717934623,1985-11-06,45
"211",-0.427623918328131,1985-11-13,46
"212",-0.695865225110513,1985-11-20,47
"213",-0.793878276425776,1985-11-27,48
"214",-0.566779514344257,1985-12-04,49
"215",-0.296804607388675,1985-12-11,50
"216",-0.504560723434948,1985-12-18,51
"217",-0.702232494732165,1985-12-25,52
"218",-0.680145620127062,1986-01-01,1
"219",-0.788905748029628,1986-01-08,2
"220",-0.867373168660115,1986-01-15,3
"221",-1.02033052828079,1986-01-22,4
"222",-1.0460886519718,1986-01-29,5
"223",-0.904068233718539,1986-02-05,6
"224",-0.878289819189527,1986-02-12,7
"225",-0.926293837304041,1986-02-19,8
"226",-0.910640304478499,1986-02-26,9
"227",-0.906963123315051,1986-03-05,10
"228",-0.687652053955345,1986-03-12,11
"229",-0.372551867349905,1986-03-19,12
"230",-0.499078447269138,1986-03-26,13
"231",-0.514716160595634,1986-04-02,14
"232",-0.366204354550606,1986-04-09,15
"233",-0.351208576759547,1986-04-16,16
"234",-0.169330309738974,1986-04-23,17
"235",-0.385354735412033,1986-04-30,18
"236",-0.397391821525391,1986-05-07,19
"237",-0.34471447134969,1986-05-14,20
"238",-0.45135933507712,1986-05-21,21
"239",-0.275288419753667,1986-05-28,22
"240",-0.0934296987816105,1986-06-04,23
"241",-0.00422142463589273,1986-06-11,24
"242",0.0465631217666835,1986-06-18,25
"243",0.137602977517761,1986-06-25,26
"244",0.174679679834211,1986-07-02,27
"245",0.077451347578726,1986-07-09,28
"246",0.0390292813339047,1986-07-16,29
"247",0.0467579816686112,1986-07-23,30
"248",0.0652132707954238,1986-07-30,31
"249",-0.0171379945150524,1986-08-06,32
"250",0.0445539025908616,1986-08-13,33
"251",0.313707757769025,1986-08-20,34
"252",0.56292133074735,1986-08-27,35
"253",0.574484179673362,1986-09-03,36
"254",0.515106746782108,1986-09-10,37
"255",0.53163399119846,1986-09-17,38
"256",0.569609015111463,1986-09-24,39
"257",0.620364879982695,1986-10-01,40
"258",0.670321216674832,1986-10-08,41
"259",0.631617876298123,1986-10-15,42
"260",0.865379402311465,1986-10-22,43
"261",1.1266790344491,1986-10-29,44
"262",1.06308225462164,1986-11-05,45
"263",0.956206584990492,1986-11-12,46
"264",1.00548343768029,1986-11-19,47
"265",1.07148856106955,1986-11-26,48
"266",1.14414485860293,1986-12-03,49
"267",1.04463872781088,1986-12-10,50
"268",1.00730632806762,1986-12-17,51
"269",1.05488902400539,1986-12-24,52
"270",1.15178842323815,1986-12-31,53
"271",1.20700128814661,1987-01-07,1
"272",1.19953625195768,1987-01-14,2
"273",1.23123956586517,1987-01-21,3
"274",1.24852236362312,1987-01-28,4
"275",1.27810034144249,1987-02-04,5
"276",1.28475257316173,1987-02-11,6
"277",1.11156850191059,1987-02-18,7
"278",1.02155898386656,1987-02-25,8
"279",1.07925824926778,1987-03-04,9
"280",1.18171432910229,1987-03-11,10
"281",1.25827134098182,1987-03-18,11
"282",1.21705575373082,1987-03-25,12
"283",1.21379327419829,1987-04-01,13
"284",1.12955872561694,1987-04-08,14
"285",1.0001383533448,1987-04-15,15
"286",0.959495210071547,1987-04-22,16
"287",0.908352645383926,1987-04-29,17
"288",0.793055933757324,1987-05-06,18
"289",0.733193068645,1987-05-13,19
"290",0.894355194865077,1987-05-20,20
"291",1.04902067001618,1987-05-27,21
"292",1.09262503704244,1987-06-03,22
"293",1.21461042547289,1987-06-10,23
"294",1.42587252592585,1987-06-17,24
"295",1.60758816270195,1987-06-24,25
"296",1.58065152272012,1987-07-01,26
"297",1.57396435125144,1987-07-08,27
"298",1.57571983087531,1987-07-15,28
"299",1.46855548156777,1987-07-22,29
"300",1.34148148452455,1987-07-29,30
"301",1.45142989537488,1987-08-05,31
"302",1.58856714088804,1987-08-12,32
"303",1.71823501700996,1987-08-19,33
"304",1.84033194378076,1987-08-26,34
"305",1.75461165595169,1987-09-02,35
"306",1.61432522121622,1987-09-09,36
"307",1.59294457826468,1987-09-16,37
"308",1.58666663190327,1987-09-23,38
"309",1.40184190927759,1987-09-30,39
"310",1.25668973571099,1987-10-07,40
"311",1.2978864977538,1987-10-14,41
"312",1.35033253680548,1987-10-21,42
"313",1.26765433118341,1987-10-28,43
"314",1.22965597214042,1987-11-04,44
"315",1.29720154152107,1987-11-11,45
"316",1.32022399962837,1987-11-18,46
"317",1.32051129974576,1987-11-25,47
"318",1.19171528314388,1987-12-02,48
"319",1.08281270269233,1987-12-09,49
"320",1.04128221303219,1987-12-16,50
"321",0.8343862375333,1987-12-23,51
"322",0.71659462208571,1987-12-30,52
"323",0.76560589370257,1988-01-06,1
"324",0.701459505627272,1988-01-13,2
"325",0.574951019175152,1988-01-20,3
"326",0.464185242890519,1988-01-27,4
"327",0.523199328430573,1988-02-03,5
"328",0.438676970448422,1988-02-10,6
"329",0.377443387245361,1988-02-17,7
"330",0.248728196575122,1988-02-24,8
"331",0.148924031190994,1988-03-02,9
"332",0.25290092452536,1988-03-09,10
"333",0.21284065890083,1988-03-16,11
"334",-0.220126632680373,1988-03-23,12
"335",-0.339414001232682,1988-03-30,13
"336",-0.201653447562977,1988-04-06,14
"337",-0.267172798460292,1988-04-13,15
"338",-0.584416289710082,1988-04-20,16
"339",-0.776597101560526,1988-04-27,17
"340",-0.986855554347127,1988-05-04,18
"341",-1.2955371547781,1988-05-11,19
"342",-1.54752813286731,1988-05-18,20
"343",-1.69234304022111,1988-05-25,21
"344",-1.47358301397569,1988-06-01,22
"345",-1.49741407811979,1988-06-08,23
"346",-1.51203439257948,1988-06-15,24
"347",-1.55288777097388,1988-06-22,25
"348",-1.62582547974933,1988-06-29,26
"349",-1.62222316566924,1988-07-06,27
"350",-1.72349549530272,1988-07-13,28
"351",-1.74175303583456,1988-07-20,29
"352",-1.80969391078869,1988-07-27,30
"353",-1.79774479333981,1988-08-03,31
"354",-1.72751912602002,1988-08-10,32
"355",-1.68579695135638,1988-08-17,33
"356",-1.65703961870845,1988-08-24,34
"357",-1.34157180624995,1988-08-31,35
"358",-1.18407500931329,1988-09-07,36
"359",-1.26688246554496,1988-09-14,37
"360",-1.34928223878401,1988-09-21,38
"361",-1.78181410540854,1988-09-28,39
"362",-2.04183417898121,1988-10-05,40
"363",-2.01822882148451,1988-10-12,41
"364",-2.16476926829449,1988-10-19,42
"365",-2.34801725737246,1988-10-26,43
"366",-2.50724109240625,1988-11-02,44
"367",-2.44001328908703,1988-11-09,45
"368",-2.29602106928517,1988-11-16,46
"369",-2.3945431238258,1988-11-23,47
"370",-2.58590803352946,1988-11-30,48
"371",-2.57469600716674,1988-12-07,49
"372",-2.42263059616513,1988-12-14,50
"373",-2.12695953861596,1988-12-21,51
"374",-1.96735136362122,1988-12-28,52
"375",-2.23133166911687,1989-01-04,1
"376",-2.20100793840763,1989-01-11,2
"377",-2.18147941173546,1989-01-18,3
"378",-2.16557724353731,1989-01-25,4
"379",-1.78266274139665,1989-02-01,5
"380",-1.70967187455637,1989-02-08,6
"381",-1.51506207418652,1989-02-15,7
"382",-1.26006212077547,1989-02-22,8
"383",-1.37377862436007,1989-03-01,9
"384",-1.40677722596236,1989-03-08,10
"385",-1.37229075275414,1989-03-15,11
"386",-1.41427283562654,1989-03-22,12
"387",-1.29844559216358,1989-03-29,13
"388",-1.17695396536141,1989-04-05,14
"389",-1.11728818452704,1989-04-12,15
"390",-1.07333516568079,1989-04-19,16
"391",-0.970524474437837,1989-04-26,17
"392",-0.812572528161713,1989-05-03,18
"393",-0.664219793842809,1989-05-10,19
"394",-0.720382181795643,1989-05-17,20
"395",-0.883432813362573,1989-05-24,21
"396",-0.956484157334586,1989-05-31,22
"397",-0.904581023488404,1989-06-07,23
"398",-0.520873330827139,1989-06-14,24
"399",-0.457975718385952,1989-06-21,25
"400",-0.625676586893405,1989-06-28,26
"401",-0.600169061006781,1989-07-05,27
"402",-0.593373045654125,1989-07-12,28
"403",-0.502800173715946,1989-07-19,29
"404",-0.48464934841707,1989-07-26,30
"405",-0.584686362096484,1989-08-02,31
"406",-0.572428079484025,1989-08-09,32
"407",-0.649566641864584,1989-08-16,33
"408",-0.629147274287437,1989-08-23,34
"409",-0.536780611860271,1989-08-30,35
"410",-0.614222576383596,1989-09-06,36
"411",-0.610632933430875,1989-09-13,37
"412",-0.497127455466341,1989-09-20,38
"413",-0.39274551007306,1989-09-27,39
"414",-0.487736580329537,1989-10-04,40
"415",-0.579392950612401,1989-10-11,41
"416",-0.573641369638721,1989-10-18,42
"417",-0.455027527257273,1989-10-25,43
"418",-0.452479365332589,1989-11-01,44
"419",-0.646898921121102,1989-11-08,45
"420",-0.643802855136971,1989-11-15,46
"421",-0.280664445142317,1989-11-22,47
"422",-0.18210462320539,1989-11-29,48
"423",-0.204829004127749,1989-12-06,49
"424",-0.309124934120333,1989-12-13,50
"425",-0.344260695443033,1989-12-20,51
"426",-0.203331986714311,1989-12-27,52
"427",-0.0936861523104407,1990-01-03,1
"428",-0.0398428673599016,1990-01-10,2
"429",-0.227677761853385,1990-01-17,3
"430",-0.242991190476936,1990-01-24,4
"431",-0.0388387259979857,1990-01-31,5
"432",0.0404348692874228,1990-02-07,6
"433",0.0784648504322046,1990-02-14,7
"434",0.194447710382142,1990-02-21,8
"435",0.20204585488841,1990-02-28,9
"436",0.163865778726654,1990-03-07,10
"437",0.0557130476260335,1990-03-14,11
"438",0.223969858620292,1990-03-21,12
"439",0.267147477268392,1990-03-28,13
"440",0.314303563750486,1990-04-04,14
"441",0.197319533138527,1990-04-11,15
"442",0.164719659786756,1990-04-18,16
"443",0.345545551182853,1990-04-25,17
"444",0.274194500479564,1990-05-02,18
"445",0.218287418722964,1990-05-09,19
"446",0.135268146985894,1990-05-16,20
"447",0.214253327900195,1990-05-23,21
"448",0.110037148331754,1990-05-30,22
"449",-0.000527975966040122,1990-06-06,23
"450",-0.0110283389859059,1990-06-13,24
"451",-0.0850236909622516,1990-06-20,25
"452",-0.236078988173785,1990-06-27,26
"453",-0.187570917286446,1990-07-04,27
"454",-0.155324167413685,1990-07-11,28
"455",0.0914995936544178,1990-07-18,29
"456",0.0717817644691783,1990-07-25,30
"457",0.0263283093864614,1990-08-01,31
"458",0.21021202765331,1990-08-08,32
"459",0.133605298971836,1990-08-15,33
"460",0.10835515967723,1990-08-22,34
"461",0.0991801814518364,1990-08-29,35
"462",-0.0816383628128109,1990-09-05,36
"463",-0.0992476134416228,1990-09-12,37
"464",-0.0106423446165971,1990-09-19,38
"465",-0.0278249687313173,1990-09-26,39
"466",0.135631540723891,1990-10-03,40
"467",0.235261763653194,1990-10-10,41
"468",0.178821963256376,1990-10-17,42
"469",0.271509452766892,1990-10-24,43
"470",0.172047818028495,1990-10-31,44
"471",0.229085685841677,1990-11-07,45
"472",-0.0179236813203849,1990-11-14,46
"473",-0.0878679935487735,1990-11-21,47
"474",-0.133311386427333,1990-11-28,48
"475",0.263557969354511,1990-12-05,49
"476",0.214538611749239,1990-12-12,50
"477",0.322407183161476,1990-12-19,51
"478",0.355722711200546,1990-12-26,52
"479",0.292788289518322,1991-01-02,1
"480",0.351676174158648,1991-01-09,2
"481",0.360265692336627,1991-01-16,3
"482",0.354810460265322,1991-01-23,4
"483",0.238676207551718,1991-01-30,5
"484",0.1915520021231,1991-02-06,6
"485",0.177179048329498,1991-02-13,7
"486",0.00822810942263156,1991-02-20,8
"487",-0.161020434611564,1991-02-27,9
"488",-0.281613177885179,1991-03-06,10
"489",-0.172494324293678,1991-03-13,11
"490",0.082217326104498,1991-03-20,12
"491",0.24656578679815,1991-03-27,13
"492",0.178126947324781,1991-04-03,14
"493",0.109902123611022,1991-04-10,15
"494",0.335289853203004,1991-04-17,16
"495",0.254510779569814,1991-04-24,17
"496",0.196229943814358,1991-05-01,18
"497",0.401750052955526,1991-05-08,19
"498",0.450301099824693,1991-05-15,20
"499",0.617513872487761,1991-05-22,21
"500",0.649699510319906,1991-05-29,22
"501",0.591754308153752,1991-06-05,23
"502",0.605403325699453,1991-06-12,24
"503",0.795595375834946,1991-06-19,25
"504",0.876605022100026,1991-06-26,26
"505",0.601933931970067,1991-07-03,27
"506",0.683528938839079,1991-07-10,28
"507",0.653353505861002,1991-07-17,29
"508",0.456196043161397,1991-07-24,30
"509",0.78781024209498,1991-07-31,31
"510",0.525272168282099,1991-08-07,32
"511",0.63094854177812,1991-08-14,33
"512",0.539158311472305,1991-08-21,34
"513",0.190325723519951,1991-08-28,35
"514",0.242121098719038,1991-09-04,36
"515",0.0672927275516647,1991-09-11,37
"516",0.422256537515008,1991-09-18,38
"517",0.359160960746413,1991-09-25,39
"518",0.465774868295389,1991-10-02,40
"519",0.897078558317871,1991-10-09,41
"520",0.994391824623749,1991-10-16,42
"521",0.83241390585948,1991-10-23,43
"522",1.00395632520046,1991-10-30,44
"523",1.05820959458748,1991-11-06,45
"524",1.06676728340895,1991-11-13,46
"525",1.20602055629698,1991-11-20,47
"526",1.33286869531582,1991-11-27,48
"527",1.45444057175679,1991-12-04,49
"528",1.68073298145663,1991-12-11,50
"529",1.90882012369947,1991-12-18,51
"530",1.83802986262835,1991-12-25,52
"531",1.83281063802069,1992-01-01,1
"532",1.79067484907182,1992-01-08,2
"533",1.75977416008477,1992-01-15,3
"534",1.68127457928623,1992-01-22,4
"535",1.59394645293866,1992-01-29,5
"536",1.6299604102427,1992-02-05,6
"537",1.80030376167707,1992-02-12,7
"538",1.92878151119825,1992-02-19,8
"539",1.81560773026205,1992-02-26,9
"540",1.48991473756297,1992-03-04,10
"541",1.53299335118519,1992-03-11,11
"542",1.51204956184783,1992-03-18,12
"543",1.58274779206612,1992-03-25,13
"544",1.55413923535309,1992-04-01,14
"545",1.57113149307632,1992-04-08,15
"546",1.38886979722523,1992-04-15,16
"547",1.1861036061692,1992-04-22,17
"548",1.19032519863579,1992-04-29,18
"549",1.28028084638158,1992-05-06,19
"550",1.18402980610948,1992-05-13,20
"551",1.06977373250013,1992-05-20,21
"552",1.0030064094742,1992-05-27,22
"553",0.827137561469688,1992-06-03,23
"554",0.601986876013128,1992-06-10,24
"555",0.147558482246689,1992-06-17,25
"556",0.0775378763878467,1992-06-24,26
"557",0.103858379347037,1992-07-01,27
"558",0.662501060509125,1992-07-08,28
"559",0.40960220639365,1992-07-15,29
"560",-0.0270667000849177,1992-07-22,30
"561",-0.0171885899224256,1992-07-29,31
"562",-0.296620264279524,1992-08-05,32
"563",-0.363344442106078,1992-08-12,33
"564",-0.317259251023635,1992-08-19,34
"565",-0.157531472235268,1992-08-26,35
"566",-0.483029459075159,1992-09-02,36
"567",-0.368786780731563,1992-09-09,37
"568",-0.228383794881979,1992-09-16,38
"569",-0.261281909555772,1992-09-23,39
"570",-0.194120649085635,1992-09-30,40
"571",-0.393233472523477,1992-10-07,41
"572",-0.390632316632932,1992-10-14,42
"573",-0.589971206702951,1992-10-21,43
"574",-0.504827458721173,1992-10-28,44
"575",-0.417333584975501,1992-11-04,45
"576",-0.118809324680697,1992-11-11,46
"577",-0.258285192719902,1992-11-18,47
"578",-0.016382738479799,1992-11-25,48
"579",0.0339542903731392,1992-12-02,49
"580",0.130562386187144,1992-12-09,50
"581",0.0858652385549147,1992-12-16,51
"582",0.181510661131415,1992-12-23,52
"583",-0.0385297302388898,1992-12-30,53
"584",-0.00422533718960305,1993-01-06,1
"585",0.113879320800226,1993-01-13,2
"586",-0.070066800218592,1993-01-20,3
"587",-0.0586978248213916,1993-01-27,4
"588",0.177107956369018,1993-02-03,5
"589",0.0358205679193253,1993-02-10,6
"590",0.144724420696446,1993-02-17,7
"591",0.132390940416087,1993-02-24,8
"592",0.119664879507927,1993-03-03,9
"593",0.247273715399067,1993-03-10,10
"594",0.357764930444323,1993-03-17,11
"595",0.593831370720173,1993-03-24,12
"596",0.639852161622264,1993-03-31,13
"597",0.593514848571541,1993-04-07,14
"598",1.02925966438735,1993-04-14,15
"599",0.833348813670324,1993-04-21,16
"600",0.93313341507057,1993-04-28,17
"601",0.904522016355987,1993-05-05,18
"602",0.968232705343711,1993-05-12,19
"603",0.951003726817285,1993-05-19,20
"604",1.01600612993961,1993-05-26,21
"605",0.845863140069847,1993-06-02,22
"606",0.555574289916408,1993-06-09,23
"607",0.551848545854528,1993-06-16,24
"608",0.660590077335484,1993-06-23,25
"609",0.583761934267947,1993-06-30,26
"610",0.500757005335873,1993-07-07,27
"611",0.127490360929051,1993-07-14,28
"612",0.282376285994992,1993-07-21,29
"613",0.0393387884897597,1993-07-28,30
"614",-0.280929296012179,1993-08-04,31
"615",-0.0829321762245423,1993-08-11,32
"616",-0.0950025276043551,1993-08-18,33
"617",0.0031185617104018,1993-08-25,34
"618",0.0919092053700882,1993-09-01,35
"619",0.00534566201190589,1993-09-08,36
"620",0.106023331965091,1993-09-15,37
"621",0.21912137661949,1993-09-22,38
"622",0.270659697503796,1993-09-29,39
"623",0.109764640543826,1993-10-06,40
"624",0.192990272941287,1993-10-13,41
"625",-0.140173588803547,1993-10-20,42
"626",0.365243944207921,1993-10-27,43
"627",0.432610323132145,1993-11-03,44
"628",0.164740068092355,1993-11-10,45
"629",0.180662836502295,1993-11-17,46
"630",0.0722554506080605,1993-11-24,47
"631",0.284287967125443,1993-12-01,48
"632",0.303118490458538,1993-12-08,49
"633",0.217241797106213,1993-12-15,50
"634",0.00337103482937148,1993-12-22,51
"635",-0.186837059940695,1993-12-29,52
"636",0.0526191968304526,1994-01-05,1
"637",0.0671254071928756,1994-01-12,2
"638",-0.205332734401941,1994-01-19,3
"639",-0.254555101964444,1994-01-26,4
"640",-0.129967602562156,1994-02-02,5
"641",-0.0962538716143225,1994-02-09,6
"642",-0.176521206226621,1994-02-16,7
"643",-0.550719527343809,1994-02-23,8
"644",-0.410567649540825,1994-03-02,9
"645",0.0766151600098399,1994-03-09,10
"646",0.151399909709325,1994-03-16,11
"647",-0.131478564936708,1994-03-23,12
"648",0.192403780354295,1994-03-30,13
"649",-0.0804977874463881,1994-04-06,14
"650",0.210055295480708,1994-04-13,15
"651",0.18442505426526,1994-04-20,16
"652",0.267522015273392,1994-04-27,17
"653",0.0080157064061774,1994-05-04,18
"654",-0.0508644658295666,1994-05-11,19
"655",0.301438420187311,1994-05-18,20
"656",0.256344301688523,1994-05-25,21
"657",0.465642647527901,1994-06-01,22
"658",0.30718372368382,1994-06-08,23
"659",0.53472522808037,1994-06-15,24
"660",0.269109589530926,1994-06-22,25
"661",0.0740871764002619,1994-06-29,26
"662",0.02764346573427,1994-07-06,27
"663",0.0127297840527659,1994-07-13,28
"664",0.155448303955767,1994-07-20,29
"665",0.0128422303876366,1994-07-27,30
"666",0.19820578574047,1994-08-03,31
"667",0.578012282479297,1994-08-10,32
"668",0.522933551493194,1994-08-17,33
"669",0.46349968292748,1994-08-24,34
"670",0.277488345535947,1994-08-31,35
"671",0.112603683811276,1994-09-07,36
"672",0.084928516838723,1994-09-14,37
"673",0.185179937624831,1994-09-21,38
"674",0.467366796379333,1994-09-28,39
"675",0.475294379847382,1994-10-05,40
"676",0.709757485003706,1994-10-12,41
"677",0.727119371511081,1994-10-19,42
"678",0.881383312321757,1994-10-26,43
"679",1.07551512689521,1994-11-02,44
"680",1.20849491623253,1994-11-09,45
"681",1.10084983840312,1994-11-16,46
"682",1.17619414286894,1994-11-23,47
"683",1.35448455433901,1994-11-30,48
"684",1.25110238878194,1994-12-07,49
"685",1.23587638986019,1994-12-14,50
"686",1.23147352318149,1994-12-21,51
"687",1.20791183360189,1994-12-28,52
"688",0.965648745085819,1995-01-04,1
"689",0.913727010985235,1995-01-11,2
"690",0.878608216626079,1995-01-18,3
"691",0.745415067611022,1995-01-25,4
"692",0.692577273152819,1995-02-01,5
"693",0.656972755829222,1995-02-08,6
"694",0.471653722590644,1995-02-15,7
"695",0.607083508974755,1995-02-22,8
"696",0.662171157710653,1995-03-01,9
"697",0.298999105631194,1995-03-08,10
"698",0.427436782637511,1995-03-15,11
"699",0.278505205814977,1995-03-22,12
"700",0.173492802578713,1995-03-29,13
"701",0.295297820329113,1995-04-05,14
"702",0.0794279826826371,1995-04-12,15
"703",0.32173361250588,1995-04-19,16
"704",-0.00216822995460172,1995-04-26,17
"705",0.138489659244367,1995-05-03,18
"706",-0.188759721596718,1995-05-10,19
"707",-0.239676004212877,1995-05-17,20
"708",-0.295726822173174,1995-05-24,21
"709",-0.0659677287402716,1995-05-31,22
"710",-0.0866184911537463,1995-06-07,23
"711",0.0681167141650759,1995-06-14,24
"712",-0.0851195775898599,1995-06-21,25
"713",-0.176881937296522,1995-06-28,26
"714",-0.11070745961074,1995-07-05,27
"715",-0.251945441748215,1995-07-12,28
"716",-0.375249293931854,1995-07-19,29
"717",-0.411671034872104,1995-07-26,30
"718",-0.363467584050523,1995-08-02,31
"719",-0.706280100382014,1995-08-09,32
"720",-0.504705292540459,1995-08-16,33
"721",-0.573971707159077,1995-08-23,34
"722",-0.892717042627186,1995-08-30,35
"723",-0.830824175939439,1995-09-06,36
"724",-0.798734648704972,1995-09-13,37
"725",-0.720723496584463,1995-09-20,38
"726",-0.896607558386874,1995-09-27,39
"727",-1.1481213732914,1995-10-04,40
"728",-1.14897912659497,1995-10-11,41
"729",-0.9976415521403,1995-10-18,42
"730",-1.17688263653504,1995-10-25,43
"731",-1.11930821120194,1995-11-01,44
"732",-0.946980525816489,1995-11-08,45
"733",-1.00862785184136,1995-11-15,46
"734",-1.15894963806966,1995-11-22,47
"735",-0.996047136431243,1995-11-29,48
"736",-1.0443067767666,1995-12-06,49
"737",-1.20639665664339,1995-12-13,50
"738",-1.06515461936634,1995-12-20,51
"739",-0.978203439869845,1995-12-27,52
"740",-1.08418739222416,1996-01-03,1
"741",-1.05729815399751,1996-01-10,2
"742",-0.826813092905226,1996-01-17,3
"743",-0.841283985248592,1996-01-24,4
"744",-0.963880835963274,1996-01-31,5
"745",-1.19708884318262,1996-02-07,6
"746",-1.005707421178,1996-02-14,7
"747",-1.05915899544891,1996-02-21,8
"748",-0.67378793272171,1996-02-28,9
"749",-0.883133846947332,1996-03-06,10
"750",-0.630662677783783,1996-03-13,11
"751",-0.535171819471041,1996-03-20,12
"752",-0.649153939225189,1996-03-27,13
"753",-0.608173155618812,1996-04-03,14
"754",-0.336328853530097,1996-04-10,15
"755",-0.496027846022158,1996-04-17,16
"756",-0.206561111029225,1996-04-24,17
"757",-0.439404234277093,1996-05-01,18
"758",-0.298420471683318,1996-05-08,19
"759",-0.594203818534459,1996-05-15,20
"760",-0.664670468384715,1996-05-22,21
"761",-0.467841508260977,1996-05-29,22
"762",-0.400797782259366,1996-06-05,23
"763",-0.419462901350129,1996-06-12,24
"764",-0.347700952747966,1996-06-19,25
"765",-0.197337761505345,1996-06-26,26
"766",0.14727781774045,1996-07-03,27
"767",-0.215964214431359,1996-07-10,28
"768",-0.198313151742863,1996-07-17,29
"769",-0.276455539801842,1996-07-24,30
"770",-0.496063627387022,1996-07-31,31
"771",-0.346777479592403,1996-08-07,32
"772",-0.419664095927391,1996-08-14,33
"773",-0.32427496543188,1996-08-21,34
"774",-0.299442450288034,1996-08-28,35
"775",-0.409599253515312,1996-09-04,36
"776",-0.540480093958474,1996-09-11,37
"777",-0.32126324791475,1996-09-18,38
"778",-0.467477936172081,1996-09-25,39
"779",-0.575345335306284,1996-10-02,40
"780",-0.564823746076196,1996-10-09,41
"781",-0.444014971533612,1996-10-16,42
"782",-0.541258827789272,1996-10-23,43
"783",-0.602287618079164,1996-10-30,44
"784",-0.61180933692681,1996-11-06,45
"785",-0.536612356333119,1996-11-13,46
"786",-0.375929594126598,1996-11-20,47
"787",-0.486946726715124,1996-11-27,48
"788",-0.35512582649656,1996-12-04,49
"789",-0.524603639387316,1996-12-11,50
"790",-0.682611277945661,1996-12-18,51
"791",-0.776416537753778,1996-12-25,52
"792",-0.836702772706111,1997-01-01,1
"793",-0.727171245262737,1997-01-08,2
"794",-0.851445307624886,1997-01-15,3
"795",-0.756641468629739,1997-01-22,4
"796",-0.480292887690708,1997-01-29,5
"797",-0.591887671947318,1997-02-05,6
"798",-0.388732027761291,1997-02-12,7
"799",-0.525192496748914,1997-02-19,8
"800",-0.450309126487359,1997-02-26,9
"801",-0.47815012247918,1997-03-05,10
"802",-0.443067337327398,1997-03-12,11
"803",0.0247090590461289,1997-03-19,12
"804",-0.145815031480775,1997-03-26,13
"805",-0.0804201705660141,1997-04-02,14
"806",0.119436083504761,1997-04-09,15
"807",0.225713620817568,1997-04-16,16
"808",0.549422725897083,1997-04-23,17
"809",0.500061106002601,1997-04-30,18
"810",0.759996304057517,1997-05-07,19
"811",0.57967146538267,1997-05-14,20
"812",0.692158353441096,1997-05-21,21
"813",0.96542671820193,1997-05-28,22
"814",1.02632352897581,1997-06-04,23
"815",1.20227786651285,1997-06-11,24
"816",1.35357773170966,1997-06-18,25
"817",1.53715877169974,1997-06-25,26
"818",1.49112085210956,1997-07-02,27
"819",1.543686891805,1997-07-09,28
"820",1.70974319777183,1997-07-16,29
"821",1.64191912874378,1997-07-23,30
"822",1.78466966999503,1997-07-30,31
"823",1.75952931416364,1997-08-06,32
"824",1.93455568177007,1997-08-13,33
"825",2.01033987045634,1997-08-20,34
"826",1.96183189549121,1997-08-27,35
"827",2.03621824702283,1997-09-03,36
"828",2.11960799565261,1997-09-10,37
"829",2.14232515996305,1997-09-17,38
"830",2.17261260603175,1997-09-24,39
"831",2.35755693645668,1997-10-01,40
"832",2.46202696435113,1997-10-08,41
"833",2.41896596042777,1997-10-15,42
"834",2.52958450774831,1997-10-22,43
"835",2.47950945964361,1997-10-29,44
"836",2.50180796362463,1997-11-05,45
"837",2.62159512060665,1997-11-12,46
"838",2.63087730231548,1997-11-19,47
"839",2.76585335813492,1997-11-26,48
"840",2.55413713247861,1997-12-03,49
"841",2.61353358890335,1997-12-10,50
"842",2.67184046091757,1997-12-17,51
"843",2.63410276944631,1997-12-24,52
"844",2.5910812985117,1997-12-31,53
"845",2.53550463323398,1998-01-07,1
"846",2.3888182802665,1998-01-14,2
"847",2.31600749237774,1998-01-21,3
"848",2.33982456003757,1998-01-28,4
"849",2.4102543667633,1998-02-04,5
"850",2.21936493720404,1998-02-11,6
"851",1.80005209497526,1998-02-18,7
"852",1.65875586484045,1998-02-25,8
"853",1.38803621688282,1998-03-04,9
"854",1.4987790389186,1998-03-11,10
"855",1.31632773557919,1998-03-18,11
"856",1.41221833832504,1998-03-25,12
"857",1.12341952560651,1998-04-01,13
"858",0.940576758103751,1998-04-08,14
"859",0.613989050346822,1998-04-15,15
"860",0.642514510594559,1998-04-22,16
"861",0.785438376201351,1998-04-29,17
"862",1.26476553343768,1998-05-06,18
"863",0.866807173343533,1998-05-13,19
"864",0.391861313381193,1998-05-20,20
"865",0.0474521511501516,1998-05-27,21
"866",-0.62721074353485,1998-06-03,22
"867",-0.857336654168726,1998-06-10,23
"868",-0.997112477556016,1998-06-17,24
"869",-1.17421863331787,1998-06-24,25
"870",-1.12462235430715,1998-07-01,26
"871",-1.21405163590267,1998-07-08,27
"872",-1.42525629084886,1998-07-15,28
"873",-1.46734284105127,1998-07-22,29
"874",-1.44336593524781,1998-07-29,30
"875",-1.4573963852131,1998-08-05,31
"876",-1.46453703024415,1998-08-12,32
"877",-1.66737203354216,1998-08-19,33
"878",-1.25250534396155,1998-08-26,34
"879",-1.22407523710864,1998-09-02,35
"880",-0.892719856826791,1998-09-09,36
"881",-1.06787316402371,1998-09-16,37
"882",-1.27732623743158,1998-09-23,38
"883",-1.67546160534789,1998-09-30,39
"884",-1.47672739877194,1998-10-07,40
"885",-1.4374763245962,1998-10-14,41
"886",-1.47535756745012,1998-10-21,42
"887",-1.23217452370632,1998-10-28,43
"888",-1.57778259812544,1998-11-04,44
"889",-1.51263673355516,1998-11-11,45
"890",-1.45519065071503,1998-11-18,46
"891",-1.54803142430343,1998-11-25,47
"892",-1.50922054758092,1998-12-02,48
"893",-1.8051205529608,1998-12-09,49
"894",-1.8971681138986,1998-12-16,50
"895",-2.00297307376456,1998-12-23,51
"896",-1.98968277184441,1998-12-30,52
"897",-1.96581903370115,1999-01-06,1
"898",-1.70102647409416,1999-01-13,2
"899",-1.73985588390527,1999-01-20,3
"900",-1.7349928574071,1999-01-27,4
"901",-1.58993115867735,1999-02-03,5
"902",-1.60768985215442,1999-02-10,6
"903",-1.34184917868353,1999-02-17,7
"904",-1.29695862123297,1999-02-24,8
"905",-0.954432146729468,1999-03-03,9
"906",-1.07695529471518,1999-03-10,10
"907",-1.10010639378812,1999-03-17,11
"908",-0.951006391712396,1999-03-24,12
"909",-1.05530920590168,1999-03-31,13
"910",-0.949405206410316,1999-04-07,14
"911",-0.950870750887924,1999-04-14,15
"912",-0.877799791086406,1999-04-21,16
"913",-0.817575521074649,1999-04-28,17
"914",-0.864005159007579,1999-05-05,18
"915",-0.769257123658379,1999-05-12,19
"916",-0.997800940358586,1999-05-19,20
"917",-0.929375368409287,1999-05-26,21
"918",-1.11696471786652,1999-06-02,22
"919",-1.13130504694409,1999-06-09,23
"920",-1.08410552842939,1999-06-16,24
"921",-1.04423233710837,1999-06-23,25
"922",-0.85217644865198,1999-06-30,26
"923",-0.795095646132647,1999-07-07,27
"924",-0.91482149635375,1999-07-14,28
"925",-0.990571362022825,1999-07-21,29
"926",-1.12738070018765,1999-07-28,30
"927",-1.09379836049822,1999-08-04,31
"928",-1.37299936144772,1999-08-11,32
"929",-1.46573639000376,1999-08-18,33
"930",-1.38212857562222,1999-08-25,34
"931",-1.4637084203071,1999-09-01,35
"932",-1.13775088915459,1999-09-08,36
"933",-1.09068314717247,1999-09-15,37
"934",-0.961855026246582,1999-09-22,38
"935",-0.856172973867333,1999-09-29,39
"936",-1.10960464078052,1999-10-06,40
"937",-0.97679290902139,1999-10-13,41
"938",-1.14708991826773,1999-10-20,42
"939",-1.38858641608624,1999-10-27,43
"940",-1.34413427442586,1999-11-03,44
"941",-1.34576821747972,1999-11-10,45
"942",-1.50866690736953,1999-11-17,46
"943",-1.97611616272735,1999-11-24,47
"944",-1.77886040179286,1999-12-01,48
"945",-1.49797411878142,1999-12-08,49
"946",-1.72208669513841,1999-12-15,50
"947",-1.70758980137247,1999-12-22,51
"948",-2.01827226960181,1999-12-29,52
"949",-2.11738512984335,2000-01-05,1
"950",-1.98527565920275,2000-01-12,2
"951",-1.90545884271682,2000-01-19,3
"952",-2.148578049548,2000-01-26,4
"953",-1.98868541602488,2000-02-02,5
"954",-1.65589181005381,2000-02-09,6
"955",-1.42142641871854,2000-02-16,7
"956",-1.70428949684384,2000-02-23,8
"957",-1.57778395341067,2000-03-01,9
"958",-1.46372283082859,2000-03-08,10
"959",-1.22601808744245,2000-03-15,11
"960",-1.13477574343481,2000-03-22,12
"961",-0.735776079289861,2000-03-29,13
"962",-0.63473513852265,2000-04-05,14
"963",-0.850615522711268,2000-04-12,15
"964",-0.812797959442432,2000-04-19,16
"965",-0.720950266354015,2000-04-26,17
"966",-0.750513389797392,2000-05-03,18
"967",-0.77197477485268,2000-05-10,19
"968",-0.855773022989272,2000-05-17,20
"969",-0.715882474542571,2000-05-24,21
"970",-0.583923206533672,2000-05-31,22
"971",-0.688904965195325,2000-06-07,23
"972",-0.620883586193689,2000-06-14,24
"973",-0.584371345777204,2000-06-21,25
"974",-0.593480573616064,2000-06-28,26
"975",-0.554196680750846,2000-07-05,27
"976",-0.522184047611739,2000-07-12,28
"977",-0.526450224973001,2000-07-19,29
"978",-0.692729009038896,2000-07-26,30
"979",-0.47102942563538,2000-08-02,31
"980",-0.410066936353932,2000-08-09,32
"981",-0.500999751849518,2000-08-16,33
"982",-0.515788714074365,2000-08-23,34
"983",-0.456303065208684,2000-08-30,35
"984",-0.532962326305452,2000-09-06,36
"985",-0.665615963443693,2000-09-13,37
"986",-0.64285420422237,2000-09-20,38
"987",-0.494607600831706,2000-09-27,39
"988",-0.720217653392654,2000-10-04,40
"989",-0.738972213722136,2000-10-11,41
"990",-0.853600653322685,2000-10-18,42
"991",-0.843824364028666,2000-10-25,43
"992",-1.13562686705739,2000-11-01,44
"993",-1.15341250497959,2000-11-08,45
"994",-0.782484276068617,2000-11-15,46
"995",-0.779996885993617,2000-11-22,47
"996",-0.777457100735232,2000-11-29,48
"997",-1.08475116097273,2000-12-06,49
"998",-1.03628009242056,2000-12-13,50
"999",-1.04691033614321,2000-12-20,51
"1000",-1.11041433086021,2000-12-27,52
"1001",-1.09541137520246,2001-01-03,1
"1002",-1.07654064367284,2001-01-10,2
"1003",-0.881503167136814,2001-01-17,3
"1004",-0.857012069523105,2001-01-24,4
"1005",-0.763055433113655,2001-01-31,5
"1006",-0.852228860196559,2001-02-07,6
"1007",-0.797061785563556,2001-02-14,7
"1008",-0.649374294725796,2001-02-21,8
"1009",-0.584265256764044,2001-02-28,9
"1010",-0.563270491027243,2001-03-07,10
"1011",-0.454456428362822,2001-03-14,11
"1012",-0.260859472406834,2001-03-21,12
"1013",-0.455836569529695,2001-03-28,13
"1014",-0.346886456847286,2001-04-04,14
"1015",-0.1246106564259,2001-04-11,15
"1016",-0.181781000480802,2001-04-18,16
"1017",-0.279545336134361,2001-04-25,17
"1018",-0.388339808009843,2001-05-02,18
"1019",-0.286681518360683,2001-05-09,19
"1020",-0.407967044488361,2001-05-16,20
"1021",-0.157947738802626,2001-05-23,21
"1022",-0.106258778130417,2001-05-30,22
"1023",0.0439755682327045,2001-06-06,23
"1024",-0.0300106334772686,2001-06-13,24
"1025",0.0859369403028692,2001-06-20,25
"1026",0.073719405270952,2001-06-27,26
"1027",0.0389137311550119,2001-07-04,27
"1028",0.00128171951115878,2001-07-11,28
"1029",0.0669147066110321,2001-07-18,29
"1030",-0.0114543862596061,2001-07-25,30
"1031",0.0656518613929865,2001-08-01,31
"1032",0.0489554272822416,2001-08-08,32
"1033",-0.0725858524890807,2001-08-15,33
"1034",-0.0539740635294991,2001-08-22,34
"1035",-0.228792364539816,2001-08-29,35
"1036",-0.165115459396219,2001-09-05,36
"1037",-0.210860337319853,2001-09-12,37
"1038",-0.243409003233737,2001-09-19,38
"1039",-0.31310425244076,2001-09-26,39
"1040",-0.27044115199966,2001-10-03,40
"1041",-0.268051755592688,2001-10-10,41
"1042",-0.142164139608584,2001-10-17,42
"1043",-0.124975334375494,2001-10-24,43
"1044",-0.122101566004578,2001-10-31,44
"1045",-0.151963955252,2001-11-07,45
"1046",-0.14720979836665,2001-11-14,46
"1047",-0.391398368130792,2001-11-21,47
"1048",-0.353279029084322,2001-11-28,48
"1049",-0.527754764764611,2001-12-05,49
"1050",-0.482464353697958,2001-12-12,50
"1051",-0.473739565833571,2001-12-19,51
"1052",-0.415009483940342,2001-12-26,52
"1053",-0.463117899296554,2002-01-02,1
"1054",-0.199153555040539,2002-01-09,2
"1055",-0.231100141002175,2002-01-16,3
"1056",-0.0683979126769033,2002-01-23,4
"1057",-0.0389102420006474,2002-01-30,5
"1058",0.177768823583228,2002-02-06,6
"1059",0.233018316867224,2002-02-13,7
"1060",-0.04048093626009,2002-02-20,8
"1061",0.0563838871976409,2002-02-27,9
"1062",0.0442899183471148,2002-03-06,10
"1063",0.0292367832371209,2002-03-13,11
"1064",0.0541318502233584,2002-03-20,12
"1065",-0.0253806699834226,2002-03-27,13
"1066",0.156905738485863,2002-04-03,14
"1067",0.258982387465815,2002-04-10,15
"1068",0.108849649967766,2002-04-17,16
"1069",0.188171181773471,2002-04-24,17
"1070",0.147387730756568,2002-05-01,18
"1071",0.140124809008743,2002-05-08,19
"1072",0.0896553629366313,2002-05-15,20
"1073",0.385511663633807,2002-05-22,21
"1074",0.630942602817642,2002-05-29,22
"1075",0.880693370989989,2002-06-05,23
"1076",0.87999064551851,2002-06-12,24
"1077",0.74946520733702,2002-06-19,25
"1078",0.675086297687375,2002-06-26,26
"1079",0.591655247682027,2002-07-03,27
"1080",0.61280350704463,2002-07-10,28
"1081",0.734371381248571,2002-07-17,29
"1082",0.731500646845415,2002-07-24,30
"1083",0.800222450008213,2002-07-31,31
"1084",0.77697958226989,2002-08-07,32
"1085",0.840044565581351,2002-08-14,33
"1086",0.907244392989627,2002-08-21,34
"1087",0.948083166305982,2002-08-28,35
"1088",0.879478262799041,2002-09-04,36
"1089",0.983980343379399,2002-09-11,37
"1090",1.10239890570941,2002-09-18,38
"1091",1.13928609210656,2002-09-25,39
"1092",1.19152311250207,2002-10-02,40
"1093",1.09647450767643,2002-10-09,41
"1094",1.09553850743988,2002-10-16,42
"1095",1.45927011159822,2002-10-23,43
"1096",1.5839925279754,2002-10-30,44
"1097",1.52536296731868,2002-11-06,45
"1098",1.62938361212072,2002-11-13,46
"1099",1.62074627484251,2002-11-20,47
"1100",1.50858562930479,2002-11-27,48
"1101",1.58087153103099,2002-12-04,49
"1102",1.41773292274834,2002-12-11,50
"1103",1.45404980541589,2002-12-18,51
"1104",1.37784441316182,2002-12-25,52
"1105",1.40106214664796,2003-01-01,1
"1106",1.21509338445657,2003-01-08,2
"1107",1.04395972725155,2003-01-15,3
"1108",1.04290896864186,2003-01-22,4
"1109",0.752007134090345,2003-01-29,5
"1110",0.518752647089709,2003-02-05,6
"1111",0.593392655757378,2003-02-12,7
"1112",0.784082800810654,2003-02-19,8
"1113",0.660169793328239,2003-02-26,9
"1114",0.542077077607264,2003-03-05,10
"1115",0.51965027575452,2003-03-12,11
"1116",0.696869149440976,2003-03-19,12
"1117",0.407675091806978,2003-03-26,13
"1118",0.274202618906298,2003-04-02,14
"1119",0.120161730494682,2003-04-09,15
"1120",0.0461937675412235,2003-04-16,16
"1121",-0.0478290263939176,2003-04-23,17
"1122",-0.181496227634701,2003-04-30,18
"1123",-0.491754700037861,2003-05-07,19
"1124",-0.560871138801324,2003-05-14,20
"1125",-0.622227272323155,2003-05-21,21
"1126",-0.472260433752138,2003-05-28,22
"1127",-0.373860267780484,2003-06-04,23
"1128",-0.268502571361831,2003-06-11,24
"1129",-0.124782504757214,2003-06-18,25
"1130",0.00394060300375977,2003-06-25,26
"1131",0.0810602466675235,2003-07-02,27
"1132",0.198804222583342,2003-07-09,28
"1133",0.225376785399639,2003-07-16,29
"1134",0.118609339296778,2003-07-23,30
"1135",0.00353367515960879,2003-07-30,31
"1136",-0.0437851655793819,2003-08-06,32
"1137",-0.0257874041148363,2003-08-13,33
"1138",-0.160597643701496,2003-08-20,34
"1139",-0.148953027823938,2003-08-27,35
"1140",0.0882006031827214,2003-09-03,36
"1141",-0.014581694486756,2003-09-10,37
"1142",0.100035482723547,2003-09-17,38
"1143",0.367956632984938,2003-09-24,39
"1144",0.488653428700753,2003-10-01,40
"1145",0.611405448769579,2003-10-08,41
"1146",0.302349265608759,2003-10-15,42
"1147",0.307730629412479,2003-10-22,43
"1148",0.403378789819452,2003-10-29,44
"1149",0.30380303363051,2003-11-05,45
"1150",0.231602244189589,2003-11-12,46
"1151",0.371294223349474,2003-11-19,47
"1152",0.494362722868731,2003-11-26,48
"1153",0.443784615993067,2003-12-03,49
"1154",0.338009993315402,2003-12-10,50
"1155",0.206997450997995,2003-12-17,51
"1156",0.166801512341921,2003-12-24,52
"1157",0.0520733150672392,2003-12-31,53
"1158",-0.0798061554465877,2004-01-07,1
"1159",-0.0834237511457899,2004-01-14,2
"1160",0.260045007321334,2004-01-21,3
"1161",0.140536143426853,2004-01-28,4
"1162",0.0247721416358501,2004-02-04,5
"1163",0.030121730079061,2004-02-11,6
"1164",0.0149392422153497,2004-02-18,7
"1165",0.00990433909274354,2004-02-25,8
"1166",-0.164604128291911,2004-03-03,9
"1167",-0.310411771073939,2004-03-10,10
"1168",-0.218846358230984,2004-03-17,11
"1169",-0.167390970344131,2004-03-24,12
"1170",-0.0674447053738046,2004-03-31,13
"1171",0.00304905793996545,2004-04-07,14
"1172",0.0353833054952751,2004-04-14,15
"1173",0.132911540683045,2004-04-21,16
"1174",0.230995426008931,2004-04-28,17
"1175",0.0521984072484642,2004-05-05,18
"1176",0.06573796937654,2004-05-12,19
"1177",0.30891980243946,2004-05-19,20
"1178",0.273667833773695,2004-05-26,21
"1179",0.276566095910816,2004-06-02,22
"1180",0.303552148637915,2004-06-09,23
"1181",0.124745108539064,2004-06-16,24
"1182",-0.0519673876017651,2004-06-23,25
"1183",-0.147223571118508,2004-06-30,26
"1184",0.20969141428977,2004-07-07,27
"1185",0.372502073959677,2004-07-14,28
"1186",0.517339481161083,2004-07-21,29
"1187",0.742556249522126,2004-07-28,30
"1188",0.739318021935141,2004-08-04,31
"1189",0.647941442393798,2004-08-11,32
"1190",0.48931067252849,2004-08-18,33
"1191",0.590004474088936,2004-08-25,34
"1192",0.601807332927651,2004-09-01,35
"1193",0.58098673500931,2004-09-08,36
"1194",0.68129945602433,2004-09-15,37
"1195",0.79732776568452,2004-09-22,38
"1196",0.766570748256503,2004-09-29,39
"1197",0.591365382141862,2004-10-06,40
"1198",0.533969030338832,2004-10-13,41
"1199",0.618117943334982,2004-10-20,42
"1200",0.639445074779593,2004-10-27,43
"1201",0.535345775556532,2004-11-03,44
"1202",0.550738277712573,2004-11-10,45
"1203",0.627336105729804,2004-11-17,46
"1204",0.664084893866655,2004-11-24,47
"1205",0.742726941354034,2004-12-01,48
"1206",0.740464586382728,2004-12-08,49
"1207",0.688527527707249,2004-12-15,50
"1208",0.665331886569774,2004-12-22,51
"1209",0.521610880720539,2004-12-29,52
"1210",0.445871375299306,2005-01-05,1
"1211",0.446685519306928,2005-01-12,2
"1212",0.435388478438717,2005-01-19,3
"1213",0.405148302011685,2005-01-26,4
"1214",0.112118704178996,2005-02-02,5
"1215",0.178369804661783,2005-02-09,6
"1216",0.179567686858844,2005-02-16,7
"1217",0.0223878514439751,2005-02-23,8
"1218",-0.0631366148366384,2005-03-02,9
"1219",0.0522622048193205,2005-03-09,10
"1220",0.344079426115607,2005-03-16,11
"1221",0.450734988197915,2005-03-23,12
"1222",0.491472220866037,2005-03-30,13
"1223",0.308460330109636,2005-04-06,14
"1224",0.103227611869786,2005-04-13,15
"1225",0.315367026005443,2005-04-20,16
"1226",0.426235917456943,2005-04-27,17
"1227",0.37383143465693,2005-05-04,18
"1228",0.311372921556919,2005-05-11,19
"1229",0.340112332695747,2005-05-18,20
"1230",0.330058984982116,2005-05-25,21
"1231",0.27185772405098,2005-06-01,22
"1232",0.383765740985041,2005-06-08,23
"1233",0.384907572778146,2005-06-15,24
"1234",0.454955317965739,2005-06-22,25
"1235",0.479046458061227,2005-06-29,26
"1236",0.35788359666118,2005-07-06,27
"1237",0.250386063689848,2005-07-13,28
"1238",0.100915089205793,2005-07-20,29
"1239",-0.0175261296034016,2005-07-27,30
"1240",-0.166160780604757,2005-08-03,31
"1241",-0.113269838485538,2005-08-10,32
"1242",0.101909463994243,2005-08-17,33
"1243",0.0389930818615439,2005-08-24,34
"1244",-0.16913585930524,2005-08-31,35
"1245",-0.304536135720704,2005-09-07,36
"1246",-0.335375700129704,2005-09-14,37
"1247",0.0442193669279165,2005-09-21,38
"1248",-0.036129165240834,2005-09-28,39
"1249",0.131716258490773,2005-10-05,40
"1250",0.133178785952622,2005-10-12,41
"1251",-0.129596409303574,2005-10-19,42
"1252",-0.144000069449509,2005-10-26,43
"1253",-0.28625019716953,2005-11-02,44
"1254",-0.43139176714357,2005-11-09,45
"1255",-0.212035482980728,2005-11-16,46
"1256",-0.347997456590871,2005-11-23,47
"1257",-0.590316382366647,2005-11-30,48
"1258",-0.662361087116919,2005-12-07,49
"1259",-0.786055289001163,2005-12-14,50
"1260",-0.839795702475609,2005-12-21,51
"1261",-0.777999654071041,2005-12-28,52
"1262",-0.818541195422297,2006-01-04,1
"1263",-0.9736164673479,2006-01-11,2
"1264",-1.1907975504223,2006-01-18,3
"1265",-1.24446772214357,2006-01-25,4
"1266",-0.954553170628485,2006-02-01,5
"1267",-0.824718723465513,2006-02-08,6
"1268",-0.677374065720969,2006-02-15,7
"1269",-0.610967700039892,2006-02-22,8
"1270",-0.934704718768841,2006-03-01,9
"1271",-0.77550218057727,2006-03-08,10
"1272",-0.778788883314808,2006-03-15,11
"1273",-0.650733100537628,2006-03-22,12
"1274",-0.504512058027225,2006-03-29,13
"1275",-0.321411997003394,2006-04-05,14
"1276",-0.027046865004282,2006-04-12,15
"1277",-0.164194992236504,2006-04-19,16
"1278",-0.129610961369438,2006-04-26,17
"1279",-0.142705915182769,2006-05-03,18
"1280",-0.100728920761898,2006-05-10,19
"1281",0.158025374256708,2006-05-17,20
"1282",0.114468876225233,2006-05-24,21
"1283",0.212662381883901,2006-05-31,22
"1284",0.264116791643959,2006-06-07,23
"1285",0.259026981455293,2006-06-14,24
"1286",0.180144315773326,2006-06-21,25
"1287",0.0547557784557849,2006-06-28,26
"1288",0.0290584390445406,2006-07-05,27
"1289",-0.0386133597090644,2006-07-12,28
"1290",0.0473490030215506,2006-07-19,29
"1291",0.154411685074656,2006-07-26,30
"1292",0.165113851804961,2006-08-02,31
"1293",0.115375356178273,2006-08-09,32
"1294",0.276275714354381,2006-08-16,33
"1295",0.421898273327628,2006-08-23,34
"1296",0.481662973339222,2006-08-30,35
"1297",0.565430724248257,2006-09-06,36
"1298",0.561925219821746,2006-09-13,37
"1299",0.656586308264903,2006-09-20,38
"1300",0.470288832677098,2006-09-27,39
"1301",0.433927873051273,2006-10-04,40
"1302",0.743234469966944,2006-10-11,41
"1303",0.692861458766415,2006-10-18,42
"1304",0.846125244609635,2006-10-25,43
"1305",0.834306144309744,2006-11-01,44
"1306",0.871790890754185,2006-11-08,45
"1307",1.10926971443997,2006-11-15,46
"1308",1.15627260196053,2006-11-22,47
"1309",1.16237950853403,2006-11-29,48
"1310",1.2073105604954,2006-12-06,49
"1311",1.16200586001668,2006-12-13,50
"1312",1.09966533331163,2006-12-20,51
"1313",1.06251472105193,2006-12-27,52
"1314",0.805992713476861,2007-01-03,1
"1315",0.799692784487624,2007-01-10,2
"1316",0.475032832700835,2007-01-17,3
"1317",0.391176880980318,2007-01-24,4
"1318",0.250319618120792,2007-01-31,5
"1319",0.0757015123670655,2007-02-07,6
"1320",-0.111703765190949,2007-02-14,7
"1321",-0.151914235395243,2007-02-21,8
"1322",-0.103326178188175,2007-02-28,9
"1323",-0.229398881016722,2007-03-07,10
"1324",0.0315712765881852,2007-03-14,11
"1325",-0.141721914657507,2007-03-21,12
"1326",-0.0697629622870448,2007-03-28,13
"1327",-0.0869314247768662,2007-04-04,14
"1328",0.115025349529773,2007-04-11,15
"1329",0.0993456041425827,2007-04-18,16
"1330",-0.0106270271540202,2007-04-25,17
"1331",-0.128930053411929,2007-05-02,18
"1332",-0.44101815791188,2007-05-09,19
"1333",-0.44807045203429,2007-05-16,20
"1334",-0.20689805987197,2007-05-23,21
"1335",-0.208019318107024,2007-05-30,22
"1336",-0.169356171777838,2007-06-06,23
"1337",0.051266402908102,2007-06-13,24
"1338",-0.0453984771251661,2007-06-20,25
"1339",-0.19384346285282,2007-06-27,26
"1340",-0.487679449930828,2007-07-04,27
"1341",-0.559939389171112,2007-07-11,28
"1342",-0.365107176363511,2007-07-18,29
"1343",-0.557789921072312,2007-07-25,30
"1344",-0.675648439858741,2007-08-01,31
"1345",-0.765543098086168,2007-08-08,32
"1346",-0.651642135114948,2007-08-15,33
"1347",-0.797294921500927,2007-08-22,34
"1348",-0.731598474338884,2007-08-29,35
"1349",-0.855170856544675,2007-09-05,36
"1350",-1.01453778037539,2007-09-12,37
"1351",-0.973042730994401,2007-09-19,38
"1352",-1.21557290381481,2007-09-26,39
"1353",-1.36967146298003,2007-10-03,40
"1354",-1.87109239254555,2007-10-10,41
"1355",-1.51569812834867,2007-10-17,42
"1356",-1.49337411815912,2007-10-24,43
"1357",-1.52962094646559,2007-10-31,44
"1358",-1.69140519776279,2007-11-07,45
"1359",-1.53209167231105,2007-11-14,46
"1360",-1.74741793857874,2007-11-21,47
"1361",-1.59959893603591,2007-11-28,48
"1362",-1.57249414855924,2007-12-05,49
"1363",-1.7367815766709,2007-12-12,50
"1364",-1.65761288413765,2007-12-19,51
"1365",-1.71288518286175,2007-12-26,52
"1366",-1.64980944617741,2008-01-02,1
"1367",-1.86001686216555,2008-01-09,2
"1368",-2.09277198195195,2008-01-16,3
"1369",-2.32971570215588,2008-01-23,4
"1370",-1.80454676147594,2008-01-30,5
"1371",-2.16429308377049,2008-02-06,6
"1372",-2.2579107541451,2008-02-13,7
"1373",-2.01940180224442,2008-02-20,8
"1374",-1.67645006117364,2008-02-27,9
"1375",-1.39076715460127,2008-03-05,10
"1376",-1.22449905108505,2008-03-12,11
"1377",-1.13119212721192,2008-03-19,12
"1378",-1.11214464510327,2008-03-26,13
"1379",-1.06093305960517,2008-04-02,14
"1380",-0.999655401566068,2008-04-09,15
"1381",-0.946427007538835,2008-04-16,16
"1382",-0.916784508507323,2008-04-23,17
"1383",-0.728068037602538,2008-04-30,18
"1384",-0.910552637809364,2008-05-07,19
"1385",-0.77751361037908,2008-05-14,20
"1386",-0.535912544628097,2008-05-21,21
"1387",-0.520317016906698,2008-05-28,22
"1388",-0.466376122489374,2008-06-04,23
"1389",-0.522385274155216,2008-06-11,24
"1390",-0.529308330131983,2008-06-18,25
"1391",-0.433521584477833,2008-06-25,26
"1392",-0.23817256911742,2008-07-02,27
"1393",-0.107668186118943,2008-07-09,28
"1394",-0.0258629081910418,2008-07-16,29
"1395",-0.0858107182850441,2008-07-23,30
"1396",-0.0357771275490743,2008-07-30,31
"1397",0.00653466430994963,2008-08-06,32
"1398",0.0861013290379456,2008-08-13,33
"1399",-0.132079708297592,2008-08-20,34
"1400",-0.24754518299828,2008-08-27,35
"1401",-0.234234511622304,2008-09-03,36
"1402",-0.205331766121846,2008-09-10,37
"1403",-0.408747563814416,2008-09-17,38
"1404",-0.415133028342094,2008-09-24,39
"1405",-0.617431803024645,2008-10-01,40
"1406",-0.463499574409455,2008-10-08,41
"1407",-0.408196459554761,2008-10-15,42
"1408",-0.454626848260264,2008-10-22,43
"1409",-0.319287436976094,2008-10-29,44
"1410",-0.409648934690075,2008-11-05,45
"1411",-0.242751594140648,2008-11-12,46
"1412",-0.335775922669485,2008-11-19,47
"1413",-0.556145398718169,2008-11-26,48
"1414",-0.640436544091378,2008-12-03,49
"1415",-0.838515025774097,2008-12-10,50
"1416",-0.820728188341216,2008-12-17,51
"1417",-1.04404784121362,2008-12-24,52
"1418",-1.23943996658614,2008-12-31,53
"1419",-1.29282211413698,2009-01-07,1
"1420",-1.23494065043831,2009-01-14,2
"1421",-0.946196934479081,2009-01-21,3
"1422",-1.07751590180272,2009-01-28,4
"1423",-1.04470347167386,2009-02-04,5
"1424",-0.897338252652649,2009-02-11,6
"1425",-0.638102581728639,2009-02-18,7
"1426",-0.645971274171403,2009-02-25,8
"1427",-0.736270179800752,2009-03-04,9
"1428",-0.539855970083081,2009-03-11,10
"1429",-0.644543223288463,2009-03-18,11
"1430",-0.677597082817023,2009-03-25,12
"1431",-0.412178198958877,2009-04-01,13
"1432",-0.23406402626213,2009-04-08,14
"1433",-0.263169711831597,2009-04-15,15
"1434",-0.295501854638939,2009-04-22,16
"1435",-0.135918829480507,2009-04-29,17
"1436",0.0514949733584809,2009-05-06,18
"1437",0.129145225238101,2009-05-13,19
"1438",0.32097943938839,2009-05-20,20
"1439",0.238549006626043,2009-05-27,21
"1440",0.153153081484929,2009-06-03,22
"1441",0.372852782283237,2009-06-10,23
"1442",0.511700568139471,2009-06-17,24
"1443",0.67341759635454,2009-06-24,25
"1444",0.694505162070754,2009-07-01,26
"1445",0.64332579848904,2009-07-08,27
"1446",0.676538486387406,2009-07-15,28
"1447",0.682620337275537,2009-07-22,29
"1448",0.577604488543474,2009-07-29,30
"1449",0.575340774634314,2009-08-05,31
"1450",0.498462344193012,2009-08-12,32
"1451",0.544308162661801,2009-08-19,33
"1452",0.751467561521367,2009-08-26,34
"1453",0.746007391848969,2009-09-02,35
"1454",0.743240370874399,2009-09-09,36
"1455",0.732175106071763,2009-09-16,37
"1456",0.640976545542207,2009-09-23,38
"1457",0.505254723182263,2009-09-30,39
"1458",0.562805719352784,2009-10-07,40
"1459",0.724016870462381,2009-10-14,41
"1460",0.952786408303334,2009-10-21,42
"1461",1.31479209788557,2009-10-28,43
"1462",1.48491930287579,2009-11-04,44
"1463",1.48183013885112,2009-11-11,45
"1464",1.51262346526063,2009-11-18,46
"1465",1.51940552964201,2009-11-25,47
"1466",1.52608188928934,2009-12-02,48
"1467",1.60254953693809,2009-12-09,49
"1468",1.70086832716098,2009-12-16,50
"1469",1.78803126481851,2009-12-23,51
"1470",1.62720998070464,2009-12-30,52
"1471",1.60711815568594,2010-01-06,1
"1472",1.52003889245023,2010-01-13,2
"1473",1.29685895438023,2010-01-20,3
"1474",1.08729249102274,2010-01-27,4
"1475",1.07429869043439,2010-02-03,5
"1476",1.12639682898373,2010-02-10,6
"1477",1.10745278060548,2010-02-17,7
"1478",1.06776122786138,2010-02-24,8
"1479",1.02594887422652,2010-03-03,9
"1480",1.09430347045754,2010-03-10,10
"1481",1.05916733532319,2010-03-17,11
"1482",0.936240863729414,2010-03-24,12
"1483",0.846460153650115,2010-03-31,13
"1484",0.717317886615205,2010-04-07,14
"1485",0.710607774372781,2010-04-14,15
"1486",0.513151985702308,2010-04-21,16
"1487",0.328628889783523,2010-04-28,17
"1488",0.156621664676977,2010-05-05,18
"1489",-0.21635059802081,2010-05-12,19
"1490",-0.37287056672086,2010-05-19,20
"1491",-0.341886292874516,2010-05-26,21
"1492",-0.516780426782071,2010-06-02,22
"1493",-0.618467712590237,2010-06-09,23
"1494",-0.674275689545387,2010-06-16,24
"1495",-0.69278703549697,2010-06-23,25
"1496",-0.810699492410841,2010-06-30,26
"1497",-0.994334993470777,2010-07-07,27
"1498",-1.20084081573698,2010-07-14,28
"1499",-1.27188147398406,2010-07-21,29
"1500",-1.51088615531531,2010-07-28,30
"1501",-1.29713377739928,2010-08-04,31
"1502",-1.30198258681793,2010-08-11,32
"1503",-1.27343552916609,2010-08-18,33
"1504",-1.69572004935912,2010-08-25,34
"1505",-1.73297379052338,2010-09-01,35
"1506",-1.63402606156804,2010-09-08,36
"1507",-1.63553246638576,2010-09-15,37
"1508",-1.66290965216596,2010-09-22,38
"1509",-1.9913948088859,2010-09-29,39
"1510",-2.0122903085155,2010-10-06,40
"1511",-1.72722499220336,2010-10-13,41
"1512",-1.72353309805412,2010-10-20,42
"1513",-1.58837972516374,2010-10-27,43
"1514",-1.4960469587292,2010-11-03,44
"1515",-1.5048236312066,2010-11-10,45
"1516",-1.67877759494868,2010-11-17,46
"1517",-1.78265265245911,2010-11-24,47
"1518",-1.70078013578037,2010-12-01,48
"1519",-1.6664369384378,2010-12-08,49
"1520",-1.58600098003756,2010-12-15,50
"1521",-1.87152917182123,2010-12-22,51
"1522",-1.61559257644301,2010-12-29,52
"1523",-1.63387149907614,2011-01-05,1
"1524",-1.94878670343744,2011-01-12,2
"1525",-1.68631345775102,2011-01-19,3
"1526",-1.82566930025033,2011-01-26,4
"1527",-1.61850090273623,2011-02-02,5
"1528",-1.27395700945932,2011-02-09,6
"1529",-1.37416137470878,2011-02-16,7
"1530",-1.35498851570847,2011-02-23,8
"1531",-1.37799329547444,2011-03-02,9
"1532",-1.12711019565414,2011-03-09,10
"1533",-0.922039657262218,2011-03-16,11
"1534",-0.946784604870568,2011-03-23,12
"1535",-0.941506634793734,2011-03-30,13
"1536",-0.756814890832683,2011-04-06,14
"1537",-0.70030522334595,2011-04-13,15
"1538",-0.719304745139469,2011-04-20,16
"1539",-0.747313285206278,2011-04-27,17
"1540",-0.637733828744357,2011-05-04,18
"1541",-0.538036110515119,2011-05-11,19
"1542",-0.326476747541838,2011-05-18,20
"1543",-0.366973952762061,2011-05-25,21
"1544",-0.254668614646788,2011-06-01,22
"1545",-0.200813957177019,2011-06-08,23
"1546",-0.228430652252355,2011-06-15,24
"1547",-0.15083391475415,2011-06-22,25
"1548",-0.119347709012909,2011-06-29,26
"1549",-0.34294226801573,2011-07-06,27
"1550",-0.266477373283454,2011-07-13,28
"1551",-0.355378225332906,2011-07-20,29
"1552",-0.358967468085045,2011-07-27,30
"1553",-0.633575100142134,2011-08-03,31
"1554",-0.665287139956922,2011-08-10,32
"1555",-0.921376699944452,2011-08-17,33
"1556",-0.781383679619303,2011-08-24,34
"1557",-0.720513806826376,2011-08-31,35
"1558",-0.732270047918057,2011-09-07,36
"1559",-0.815514096125712,2011-09-14,37
"1560",-0.917686568866996,2011-09-21,38
"1561",-0.808373369228503,2011-09-28,39
"1562",-1.055683989745,2011-10-05,40
"1563",-0.962189529868419,2011-10-12,41
"1564",-0.946293390372645,2011-10-19,42
"1565",-1.31850554036786,2011-10-26,43
"1566",-1.10657662508373,2011-11-02,44
"1567",-0.988162320869817,2011-11-09,45
"1568",-1.09498981469158,2011-11-16,46
"1569",-1.09693030877475,2011-11-23,47
"1570",-1.29241615596846,2011-11-30,48
"1571",-1.16699538582964,2011-12-07,49
"1572",-1.04831677749581,2011-12-14,50
"1573",-1.02957481781844,2011-12-21,51
"1574",-1.1317779423405,2011-12-28,52
"1575",-1.13719258535021,2012-01-04,1
"1576",-1.09519219838726,2012-01-11,2
"1577",-1.28907378546428,2012-01-18,3
"1578",-1.26877829926889,2012-01-25,4
"1579",-1.29779915358196,2012-02-01,5
"1580",-1.08749927090163,2012-02-08,6
"1581",-0.738086006969416,2012-02-15,7
"1582",-0.459207629033592,2012-02-22,8
"1583",-0.644464327170317,2012-02-29,9
"1584",-0.752471250857069,2012-03-07,10
"1585",-0.692119320625036,2012-03-14,11
"1586",-0.634631972496943,2012-03-21,12
"1587",-0.357350198361701,2012-03-28,13
"1588",-0.402327286122893,2012-04-04,14
"1589",-0.420575629736062,2012-04-11,15
"1590",-0.540955742294927,2012-04-18,16
"1591",-0.248651656821536,2012-04-25,17
"1592",-0.20989935345112,2012-05-02,18
"1593",-0.0641740048222422,2012-05-09,19
"1594",-0.109709276969911,2012-05-16,20
"1595",-0.0691196623664526,2012-05-23,21
"1596",0.12915787669084,2012-05-30,22
"1597",0.0853055482607562,2012-06-06,23
"1598",0.263198517890391,2012-06-13,24
"1599",0.402863477092117,2012-06-20,25
"1600",0.549150535981746,2012-06-27,26
"1601",0.462119845997546,2012-07-04,27
"1602",0.346183290650327,2012-07-11,28
"1603",0.455786045029539,2012-07-18,29
"1604",0.55092461913107,2012-07-25,30
"1605",0.560563399290078,2012-08-01,31
"1606",0.730060850377205,2012-08-08,32
"1607",0.497804328032702,2012-08-15,33
"1608",0.517313772593881,2012-08-22,34
"1609",0.850926937724547,2012-08-29,35
"1610",0.734639024661885,2012-09-05,36
"1611",0.485057419912784,2012-09-12,37
"1612",0.227940688830566,2012-09-19,38
"1613",0.113721152031509,2012-09-26,39
"1614",0.0450706912398018,2012-10-03,40
"1615",0.0358757462663403,2012-10-10,41
"1616",0.188653595396632,2012-10-17,42
"1617",0.441084510670223,2012-10-24,43
"1618",0.314319255566871,2012-10-31,44
"1619",0.314910002241572,2012-11-07,45
"1620",0.484407965118006,2012-11-14,46
"1621",0.239623403159541,2012-11-21,47
"1622",0.114148522942774,2012-11-28,48
"1623",-0.11445400709091,2012-12-05,49
"1624",-0.127063697662943,2012-12-12,50
"1625",-0.269233782092868,2012-12-19,51
"1626",-0.198983386910603,2012-12-26,52
"1627",-0.384635886449203,2013-01-02,1
"1628",-0.673910949566281,2013-01-09,2
"1629",-0.724742512305241,2013-01-16,3
"1630",-0.26719250802517,2013-01-23,4
"1631",-0.622761549003662,2013-01-30,5
"1632",-0.606336262033152,2013-02-06,6
"1633",-0.422128149124382,2013-02-13,7
"1634",-0.586098575708443,2013-02-20,8
"1635",-0.416701650145417,2013-02-27,9
"1636",-0.193024317370552,2013-03-06,10
"1637",-0.41304101893564,2013-03-13,11
"1638",-0.215213554733745,2013-03-20,12
"1639",-0.13021027720074,2013-03-27,13
"1640",-0.00614455944893037,2013-04-03,14
"1641",-0.0610745975131946,2013-04-10,15
"1642",-0.171641793784249,2013-04-17,16
"1643",-0.125939645727364,2013-04-24,17
"1644",-0.0671248304694403,2013-05-01,18
"1645",-0.166782862358747,2013-05-08,19
"1646",-0.421681642644077,2013-05-15,20
"1647",-0.472616357713547,2013-05-22,21
"1648",-0.28361111885765,2013-05-29,22
"1649",-0.276712798358845,2013-06-05,23
"1650",-0.20795500127641,2013-06-12,24
"1651",-0.296635633266077,2013-06-19,25
"1652",-0.134101174488775,2013-06-26,26
"1653",-0.259212123611732,2013-07-03,27
"1654",-0.456417603714863,2013-07-10,28
"1655",-0.500218260950467,2013-07-17,29
"1656",-0.342653350302654,2013-07-24,30
"1657",-0.323733036502806,2013-07-31,31
"1658",-0.3543904722497,2013-08-07,32
"1659",-0.50206460179935,2013-08-14,33
"1660",-0.505189404701721,2013-08-21,34
"1661",-0.168554764766168,2013-08-28,35
"1662",-0.0369686477642803,2013-09-04,36
"1663",-0.0364016991618906,2013-09-11,37
"1664",-0.116538782528111,2013-09-18,38
"1665",-0.291211260016959,2013-09-25,39
"1666",-0.35361981995895,2013-10-02,40
"1667",-0.443085872136335,2013-10-09,41
"1668",-0.512048292517309,2013-10-16,42
"1669",-0.451462425626982,2013-10-23,43
"1670",-0.270819614449504,2013-10-30,44
"1671",-0.0986413905945215,2013-11-06,45
"1672",-0.0707064739980768,2013-11-13,46
"1673",0.0541499430502813,2013-11-20,47
"1674",0.00547788864914676,2013-11-27,48
"1675",0.138085112046223,2013-12-04,49
"1676",-0.055216635609897,2013-12-11,50
"1677",-0.127847435495908,2013-12-18,51
"1678",-0.264108093708348,2013-12-25,52
"1679",-0.401421873450238,2014-01-01,1
"1680",-0.645735682010137,2014-01-08,2
"1681",-0.768153589939973,2014-01-15,3
"1682",-0.484942610294001,2014-01-22,4
"1683",-0.809894587725847,2014-01-29,5
"1684",-0.841320391710112,2014-02-05,6
"1685",-0.620107461722129,2014-02-12,7
"1686",-0.476171767225496,2014-02-19,8
"1687",-0.718879754399237,2014-02-26,9
"1688",-0.488070882258426,2014-03-05,10
"1689",-0.461033317166829,2014-03-12,11
"1690",0.0219582315282586,2014-03-19,12
"1691",0.186900339333312,2014-03-26,13
"1692",0.256864218318087,2014-04-02,14
"1693",0.180712755768863,2014-04-09,15
"1694",0.191111944202618,2014-04-16,16
"1695",0.325136302523015,2014-04-23,17
"1696",0.320002597050644,2014-04-30,18
"1697",0.394867494019269,2014-05-07,19
"1698",0.380928274603013,2014-05-14,20
"1699",0.464919794267398,2014-05-21,21
"1700",0.567827894073074,2014-05-28,22
"1701",0.505392861542532,2014-06-04,23
"1702",0.41104525754613,2014-06-11,24
"1703",0.445502358557518,2014-06-18,25
"1704",0.490140713546717,2014-06-25,26
"1705",0.36943025783015,2014-07-02,27
"1706",0.23352945493332,2014-07-09,28
"1707",0.154403509718218,2014-07-16,29
"1708",-0.12564566854845,2014-07-23,30
"1709",-0.163652253633022,2014-07-30,31
"1710",-0.0333517033311385,2014-08-06,32
"1711",-0.0282737272502594,2014-08-13,33
"1712",0.254449577413698,2014-08-20,34
"1713",0.310027462434462,2014-08-27,35
"1714",0.31208768870951,2014-09-03,36
"1715",0.491262774888538,2014-09-10,37
"1716",0.440867721530125,2014-09-17,38
"1717",0.335701379422153,2014-09-24,39
"1718",0.273649271038145,2014-10-01,40
"1719",0.345756214196314,2014-10-08,41
"1720",0.393652144586209,2014-10-15,42
"1721",0.442091523151128,2014-10-22,43
"1722",0.531154736431473,2014-10-29,44
"1723",0.713829915713262,2014-11-05,45
"1724",0.788542101196305,2014-11-12,46
"1725",0.862968693892703,2014-11-19,47
"1726",0.905875304553714,2014-11-26,48
"1727",0.771775163381087,2014-12-03,49
"1728",0.817579286943678,2014-12-10,50
"1729",0.769757449805053,2014-12-17,51
"1730",0.639920887378831,2014-12-24,52
"1731",0.454746690951076,2014-12-31,53
"1732",0.336235418331157,2015-01-07,1
"1733",0.396176854834106,2015-01-14,2
"1734",0.477409418360804,2015-01-21,3
"1735",0.450714299905949,2015-01-28,4
"1736",0.445955744687038,2015-02-04,5
"1737",0.451418352901487,2015-02-11,6
"1738",0.413704609306609,2015-02-18,7
"1739",0.56726156832323,2015-02-25,8
"1740",0.454337254374574,2015-03-04,9
"1741",0.416626811776152,2015-03-11,10
"1742",0.539373588322133,2015-03-18,11
"1743",0.572216613632739,2015-03-25,12
"1744",0.611767434309446,2015-04-01,13
"1745",0.675545039653163,2015-04-08,14
"1746",0.861421491810804,2015-04-15,15
"1747",0.895114672616195,2015-04-22,16
"1748",0.958906119729478,2015-04-29,17
"1749",0.960143490625544,2015-05-06,18
"1750",0.943795895066536,2015-05-13,19
"1751",1.00162519916321,2015-05-20,20
"1752",1.20292010329824,2015-05-27,21
"1753",1.19576854718653,2015-06-03,22
"1754",1.25987596381207,2015-06-10,23
"1755",1.35909482807256,2015-06-17,24
"1756",1.37589206197649,2015-06-24,25
"1757",1.38650514940416,2015-07-01,26
"1758",1.44574147947859,2015-07-08,27
"1759",1.58950413282874,2015-07-15,28
"1760",1.53277629496269,2015-07-22,29
"1761",1.62653396666479,2015-07-29,30
"1762",1.84210896526747,2015-08-05,31
"1763",1.92420602430247,2015-08-12,32
"1764",1.98909353844169,2015-08-19,33
"1765",2.13975139574764,2015-08-26,34
"1766",2.04228172231493,2015-09-02,35
"1767",2.24284465736722,2015-09-09,36
"1768",2.24788652322053,2015-09-16,37
"1769",2.20852394700846,2015-09-23,38
"1770",2.28615051672711,2015-09-30,39
"1771",2.305123722945,2015-10-07,40
"1772",2.31210522489101,2015-10-14,41
"1773",2.37577850597282,2015-10-21,42
"1774",2.60987570087989,2015-10-28,43
"1775",2.75627069330515,2015-11-04,44
"1776",2.95913117193388,2015-11-11,45
"1777",3.01229883579736,2015-11-18,46
"1778",2.92377281128619,2015-11-25,47
"1779",2.80407252262246,2015-12-02,48
"1780",2.76269939830057,2015-12-09,49
"1781",2.84350519537512,2015-12-16,50
"1782",2.67428217159561,2015-12-23,51
"1783",2.6269794205464,2015-12-30,52
"1784",2.48429716078561,2016-01-06,1
"1785",2.53121622027897,2016-01-13,2
"1786",2.44037888508387,2016-01-20,3
"1787",2.4100496311614,2016-01-27,4
"1788",2.50945594099993,2016-02-03,5
"1789",2.42281194367306,2016-02-10,6
"1790",2.28860032447211,2016-02-17,7
"1791",2.02508771523939,2016-02-24,8
"1792",1.84614397455589,2016-03-02,9
"1793",1.71750585978789,2016-03-09,10
"1794",1.6396915010493,2016-03-16,11
"1795",1.40066468309817,2016-03-23,12
"1796",1.45812990873743,2016-03-30,13
"1797",1.22183414808418,2016-04-06,14
"1798",1.28915112739333,2016-04-13,15
"1799",1.00739419819304,2016-04-20,16
"1800",0.789144373938598,2016-04-27,17
"1801",0.751849868797538,2016-05-04,18
"1802",0.525500369713521,2016-05-11,19
"1803",0.18155281227415,2016-05-18,20
"1804",-0.158056233818356,2016-05-25,21
"1805",-0.205898448505225,2016-06-01,22
"1806",0.0439659073297274,2016-06-08,23
"1807",0.183312432182267,2016-06-15,24
"1808",-0.406046124965245,2016-06-22,25
"1809",-0.394587399482935,2016-06-29,26
"1810",-0.455536934185091,2016-07-06,27
"1811",-0.645569336093829,2016-07-13,28
"1812",-0.617472621217771,2016-07-20,29
"1813",-0.54194282729252,2016-07-27,30
"1814",-0.606459803133677,2016-08-03,31
"1815",-0.670162262295801,2016-08-10,32
"1816",-0.535114822102002,2016-08-17,33
"1817",-0.686953313885983,2016-08-24,34
"1818",-0.778812314153028,2016-08-31,35
"1819",-0.710662679122183,2016-09-07,36
"1820",-0.667781689722435,2016-09-14,37
"1821",-0.432196665287372,2016-09-21,38
"1822",-0.873944156307742,2016-09-28,39
"1823",-1.01860173325675,2016-10-05,40
"1824",-0.727253726433842,2016-10-12,41
"1825",-0.670385265384567,2016-10-19,42
"1826",-0.846830955328269,2016-10-26,43
"1827",-0.8858213340422,2016-11-02,44
"1828",-0.738050431872541,2016-11-09,45
"1829",-0.474781419768409,2016-11-16,46
"1830",-0.422521289891898,2016-11-23,47
"1831",-0.474346209574944,2016-11-30,48
"1832",-0.654273918505292,2016-12-07,49
"1833",-0.495163139103618,2016-12-14,50
"1834",-0.379733944218103,2016-12-21,51
"1835",-0.344485060799041,2016-12-28,52
"1836",-0.56922078411867,2017-01-04,1
"1837",-0.444328225988767,2017-01-11,2
"1838",-0.282671569546475,2017-01-18,3
"1839",-0.510846469656739,2017-01-25,4
"1840",-0.375076549906469,2017-02-01,5
"1841",0.0275168900897059,2017-02-08,6
"1842",0.116078995601712,2017-02-15,7
"1843",0.174185363797034,2017-02-22,8
"1844",-0.102938859530014,2017-03-01,9
"1845",-0.314066360158108,2017-03-08,10
"1846",0.271013902973302,2017-03-15,11
"1847",0.131873650895954,2017-03-22,12
"1848",0.222842425848235,2017-03-29,13
"1849",0.251695795201758,2017-04-05,14
"1850",0.198525090951643,2017-04-12,15
"1851",0.489155382834504,2017-04-19,16
"1852",0.403754090312719,2017-04-26,17
"1853",0.392002469665718,2017-05-03,18
"1854",0.448243914199261,2017-05-10,19
"1855",0.299370172187538,2017-05-17,20
"1856",0.522374714850526,2017-05-24,21
"1857",0.53699312043651,2017-05-31,22
"1858",0.411286174966803,2017-06-07,23
"1859",0.503531312757508,2017-06-14,24
"1860",0.658520082946001,2017-06-21,25
"1861",0.61372256039526,2017-06-28,26
"1862",0.573186561105838,2017-07-05,27
"1863",0.432848546776257,2017-07-12,28
"1864",0.345558899640489,2017-07-19,29
"1865",-0.0521388114627083,2017-07-26,30
"1866",0.115275181030782,2017-08-02,31
"1867",-0.316270024170009,2017-08-09,32
"1868",-0.521767961782589,2017-08-16,33
"1869",-0.162754180181119,2017-08-23,34
"1870",-0.292198389310563,2017-08-30,35
"1871",-0.645597051901115,2017-09-06,36
"1872",-0.649946962255269,2017-09-13,37
"1873",-0.498956222277431,2017-09-20,38
"1874",-0.298739492582798,2017-09-27,39
"1875",-0.125745561532313,2017-10-04,40
"1876",-0.614400163997813,2017-10-11,41
"1877",-0.914124361324779,2017-10-18,42
"1878",-0.561488172548122,2017-10-25,43
"1879",-0.449850893792624,2017-11-01,44
"1880",-1.16363348427275,2017-11-08,45
"1881",-1.11416403048272,2017-11-15,46
"1882",-0.803113100139319,2017-11-22,47
"1883",-0.753723200943484,2017-11-29,48
"1884",-0.894424736150398,2017-12-06,49
"1885",-0.820611048642691,2017-12-13,50
"1886",-1.02941330113435,2017-12-20,51
"1887",-0.628355525077474,2017-12-27,52
"1888",-0.893604967655186,2018-01-03,1
"1889",-1.03381427651414,2018-01-10,2
"1890",-0.715100781610403,2018-01-17,3
"1891",-0.796912739970694,2018-01-24,4
"1892",-0.961127131006924,2018-01-31,5
"1893",-0.973720645931629,2018-02-07,6
"1894",-1.04762371676206,2018-02-14,7
"1895",-1.14404123987692,2018-02-21,8
"1896",-0.879233914701084,2018-02-28,9
"1897",-0.820125863899532,2018-03-07,10
"1898",-0.744589151852897,2018-03-14,11
"1899",-0.880237518501436,2018-03-21,12
"1900",-0.758019119366749,2018-03-28,13
"1901",-0.557639286989203,2018-04-04,14
"1902",-0.449426132897255,2018-04-11,15
"1903",-0.277834164605617,2018-04-18,16
"1904",-0.0773514644408521,2018-04-25,17
"1905",-0.30750458546388,2018-05-02,18
"1906",-0.159767066077512,2018-05-09,19
"1907",-0.117273140340691,2018-05-16,20
"1908",-0.155235726660872,2018-05-23,21
"1909",-0.0232451219465691,2018-05-30,22
"1910",-0.0463120595008342,2018-06-06,23
"1911",0.167528903853181,2018-06-13,24
"1912",0.355303344306102,2018-06-20,25
"1913",0.382579868560955,2018-06-27,26
"1914",0.308924917043374,2018-07-04,27
"1915",0.182617108419681,2018-07-11,28
"1916",0.330075210221538,2018-07-18,29
"1917",0.184929155982451,2018-07-25,30
"1918",-0.0184953833762414,2018-08-01,31
"1919",0.102923803197102,2018-08-08,32
"1920",0.366107726931971,2018-08-15,33
"1921",0.222020574250403,2018-08-22,34
"1922",0.138546515121696,2018-08-29,35
"1923",0.210713725743724,2018-09-05,36
"1924",0.263611838378052,2018-09-12,37
"1925",0.232062515273432,2018-09-19,38
"1926",0.533993321875001,2018-09-26,39
"1927",0.594767209075302,2018-10-03,40
"1928",0.490009470985366,2018-10-10,41
"1929",0.813617057603894,2018-10-17,42
"1930",0.970121073578438,2018-10-24,43
"1931",1.09468399512801,2018-10-31,44
"1932",0.72786934996609,2018-11-07,45
"1933",0.678933902264071,2018-11-14,46
"1934",1.21086074748041,2018-11-21,47
"1935",1.14181226698592,2018-11-28,48
"1936",0.982086975601648,2018-12-05,49
"1937",1.04594564933509,2018-12-12,50
"1938",0.960156413626925,2018-12-19,51
"1939",0.615474510039419,2018-12-26,52
"1940",0.655982829103306,2019-01-02,1
"1941",0.337573288413772,2019-01-09,2
"1942",0.435423603775696,2019-01-16,3
"1943",0.338870704633742,2019-01-23,4
"1944",0.233871734962918,2019-01-30,5
"1945",0.302776003908394,2019-02-06,6
"1946",0.490006450363551,2019-02-13,7
"1947",0.646554226507797,2019-02-20,8
"1948",1.03145092851131,2019-02-27,9
"1949",0.932046739380591,2019-03-06,10
"1950",0.895043118280516,2019-03-13,11
"1951",1.01383338827462,2019-03-20,12
"1952",0.908318618481509,2019-03-27,13
"1953",0.881945893855482,2019-04-03,14
"1954",0.864856188264066,2019-04-10,15
"1955",0.732341521787181,2019-04-17,16
"1956",0.870463775761187,2019-04-24,17
"1957",0.816243582629022,2019-05-01,18
"1958",0.458701499863764,2019-05-08,19
"1959",0.600867590314065,2019-05-15,20
"1960",0.779617741045156,2019-05-22,21
"1961",0.920621624102343,2019-05-29,22
"1962",0.829028214796215,2019-06-05,23
"1963",0.685005815570663,2019-06-12,24
"1964",0.474892166166205,2019-06-19,25
"1965",0.285855653066018,2019-06-26,26
"1966",0.510040955833642,2019-07-03,27
"1967",0.315985572981007,2019-07-10,28
"1968",0.131912079527753,2019-07-17,29
"1969",0.371793185155659,2019-07-24,30
"1970",0.444290651532423,2019-07-31,31
"1971",0.317096126692246,2019-08-07,32
"1972",0.0610317177872472,2019-08-14,33
"1973",-0.0789329719464059,2019-08-21,34
"1974",-0.30537622053049,2019-08-28,35
"1975",-0.221286460068107,2019-09-04,36
"1976",-0.398793051590237,2019-09-11,37
"1977",-0.285206271542271,2019-09-18,38
"1978",0.414348221162811,2019-09-25,39
"1979",0.409780222812381,2019-10-02,40
"1980",0.342568661595397,2019-10-09,41
"1981",0.716577184871007,2019-10-16,42
"1982",0.552691603158426,2019-10-23,43
"1983",0.666102873263443,2019-10-30,44
"1984",0.465701512624338,2019-11-06,45
"1985",0.70403022681046,2019-11-13,46
"1986",0.69856399807137,2019-11-20,47
"1987",0.372328988852839,2019-11-27,48
"1988",0.244616112491528,2019-12-04,49
"1989",0.466288038938721,2019-12-11,50
"1990",0.56083020135485,2019-12-18,51
"1991",0.365446872078119,2019-12-25,52
"1992",0.59558746073764,2020-01-01,1
"1993",0.451084106199428,2020-01-08,2
"1994",0.306895571376198,2020-01-15,3
"1995",0.17630092134491,2020-01-22,4
"1996",0.654098344902908,2020-01-29,5
"1997",0.130515078319724,2020-02-05,6
"1998",0.0340956477396324,2020-02-12,7
"1999",0.49828607925296,2020-02-19,8
"2000",0.42554359853351,2020-02-26,9
"2001",0.441415914700483,2020-03-04,10
"2002",0.461575840908516,2020-03-11,11
"2003",0.758939499745222,2020-03-18,12
"2004",0.436536293857072,2020-03-25,13
"2005",0.56994941255842,2020-04-01,14
"2006",0.534870028126147,2020-04-08,15
"2007",0.809802458463669,2020-04-15,16
"2008",0.583200167480897,2020-04-22,17
"2009",0.302003366548895,2020-04-29,18
"2010",0.112105799528895,2020-05-06,19
"2011",-0.325993826713819,2020-05-13,20
"2012",-0.504963611569245,2020-05-20,21
"2013",-0.562887030554282,2020-05-27,22
"2014",-0.418688218927332,2020-06-03,23
"2015",-0.644465502824786,2020-06-10,24
"2016",-0.458065986364765,2020-06-17,25
"2017",0.0522574609636577,2020-06-24,26
"2018",-0.156116038939867,2020-07-01,27
"2019",-0.20200118349686,2020-07-08,28
"2020",-0.301287125243452,2020-07-15,29
"2021",-0.436249570264479,2020-07-22,30
"2022",-0.824399150909963,2020-07-29,31
"2023",-0.696667755453761,2020-08-05,32
"2024",-0.57883680435673,2020-08-12,33
"2025",-0.867223794911105,2020-08-19,34
"2026",-0.732579789765373,2020-08-26,35
"2027",-0.972513595197025,2020-09-02,36
"2028",-1.05198562094718,2020-09-09,37
"2029",-0.876657558760531,2020-09-16,38
"2030",-1.08070745222622,2020-09-23,39
"2031",-1.16951560412626,2020-09-30,40
"2032",-1.30685914571795,2020-10-07,41
"2033",-1.4786188778827,2020-10-14,42
"2034",-1.44605455245359,2020-10-21,43
"2035",-1.8209167285874,2020-10-28,44
"2036",-1.61028467130718,2020-11-04,45
"2037",-1.01457130862691,2020-11-11,46
"2038",-1.5072647133911,2020-11-18,47
"2039",-1.3397919140532,2020-11-25,48
"2040",-1.10340143951401,2020-12-02,49
"2041",-1.25133518438605,2020-12-09,50
"2042",-0.98191939255423,2020-12-16,51
"2043",-0.978647811892426,2020-12-23,52
"2044",-1.28847855100652,2020-12-30,53
"2045",-1.17124053906562,2021-01-06,1
"2046",-1.28995036259999,2021-01-13,2
"2047",-1.20041192605554,2021-01-20,3
"2048",-0.788078407788956,2021-01-27,4
"2049",-0.806001852926182,2021-02-03,5
"2050",-1.28132192997744,2021-02-10,6
"2051",-0.81968846668995,2021-02-17,7
"2052",-1.29275811206299,2021-02-24,8
"2053",-0.747858187660257,2021-03-03,9
"2054",-0.322732747003252,2021-03-10,10
"2055",-0.51108244177243,2021-03-17,11
"2056",-0.587206951355493,2021-03-24,12
"2057",-0.488588293270431,2021-03-31,13
"2058",-0.413731646375493,2021-04-07,14
