"","olr.anom","date","week","year"
"9350",-0.942739976774131,2000-01-05,1,2000
"9357",-5.7434750632271,2000-01-12,2,2000
"9364",-14.8009783567631,2000-01-19,3,2000
"9371",-12.3469493122745,2000-01-26,4,2000
"9378",-16.0777333011002,2000-02-02,5,2000
"9385",-12.1923880247667,2000-02-09,6,2000
"9392",-1.86216292729999,2000-02-16,7,2000
"9399",-15.4527286309761,2000-02-23,8,2000
"9406",-21.3619835104946,2000-03-01,9,2000
"9413",-8.77963155579106,2000-03-08,10,2000
"9420",-27.1604494936946,2000-03-15,11,2000
"9427",-7.53984750758004,2000-03-22,12,2000
"9434",-6.59471454060092,2000-03-29,13,2000
"9441",-13.7904132577847,2000-04-05,14,2000
"9448",-13.3634303189873,2000-04-12,15,2000
"9455",-18.8195327704038,2000-04-19,16,2000
"9462",-13.8582162934194,2000-04-26,17,2000
"9469",-21.2019579905892,2000-05-03,18,2000
"9476",-2.8309894734604,2000-05-10,19,2000
"9483",-1.07391970334665,2000-05-17,20,2000
"9490",-3.9981686986552,2000-05-24,21,2000
"9497",-19.7568260405359,2000-05-31,22,2000
"9504",-4.84657529728033,2000-06-07,23,2000
"9511",-3.06274544242073,2000-06-14,24,2000
"9518",-13.8691077763542,2000-06-21,25,2000
"9525",-19.2906226527189,2000-06-28,26,2000
"9532",-13.7833437606991,2000-07-05,27,2000
"9539",5.58861217261388,2000-07-12,28,2000
"9546",7.19343581909665,2000-07-19,29,2000
"9553",5.70602703877466,2000-07-26,30,2000
"9560",-0.326982289055516,2000-08-02,31,2000
"9567",-5.36597870984929,2000-08-09,32,2000
"9574",-27.331555481785,2000-08-16,33,2000
"9581",-17.5359528518575,2000-08-23,34,2000
"9588",9.85073577201093,2000-08-30,35,2000
"9595",10.4830724460593,2000-09-06,36,2000
"9602",1.82890892614345,2000-09-13,37,2000
"9609",6.18240442178639,2000-09-20,38,2000
"9616",3.12993515549165,2000-09-27,39,2000
"9623",-19.6307102250666,2000-10-04,40,2000
"9630",-13.5758255600223,2000-10-11,41,2000
"9637",-19.6012566382795,2000-10-18,42,2000
"9644",-27.1828948139608,2000-10-25,43,2000
"9651",-3.92458921561267,2000-11-01,44,2000
"9658",1.39284996854644,2000-11-08,45,2000
"9665",-3.97403362197279,2000-11-15,46,2000
"9672",-17.8266340689533,2000-11-22,47,2000
"9679",-24.9871977721234,2000-11-29,48,2000
"9686",2.73905238867832,2000-12-06,49,2000
"9693",-5.08281063456482,2000-12-13,50,2000
"9700",-16.4554202370112,2000-12-20,51,2000
"9707",-16.9141753631488,2000-12-27,52,2000
"9714",-7.52428197244543,2001-01-03,1,2001
"9721",-18.6908793235727,2001-01-10,2,2001
"9728",-14.9453689539972,2001-01-17,3,2001
"9735",-9.28539238957414,2001-01-24,4,2001
"9742",-16.1918387168938,2001-01-31,5,2001
"9749",-43.8220254951587,2001-02-07,6,2001
"9756",-25.1075681173172,2001-02-14,7,2001
"9763",-5.94765566388326,2001-02-21,8,2001
"9770",8.27175689059621,2001-02-28,9,2001
"9777",-14.9425421303296,2001-03-07,10,2001
"9784",-21.709659090842,2001-03-14,11,2001
"9791",-9.84060666346966,2001-03-21,12,2001
"9798",-12.8569604712304,2001-03-28,13,2001
"9805",-4.53579693957632,2001-04-04,14,2001
"9812",-10.4286092849933,2001-04-11,15,2001
"9819",-6.53656504574841,2001-04-18,16,2001
"9826",-22.9981409336539,2001-04-25,17,2001
"9833",-15.7240439800264,2001-05-02,18,2001
"9840",-6.01065826518094,2001-05-09,19,2001
"9847",2.25836728425499,2001-05-16,20,2001
"9854",-4.48193280812142,2001-05-23,21,2001
"9861",-7.99682353460588,2001-05-30,22,2001
"9868",-2.89346623002557,2001-06-06,23,2001
"9875",-2.98823988267155,2001-06-13,24,2001
"9882",-16.1767192070846,2001-06-20,25,2001
"9889",-12.8961350640765,2001-06-27,26,2001
"9896",3.38187198344333,2001-07-04,27,2001
"9903",16.3828662303936,2001-07-11,28,2001
"9910",7.02163143615947,2001-07-18,29,2001
"9917",-1.87326402251813,2001-07-25,30,2001
"9924",-3.91285654629335,2001-08-01,31,2001
"9931",-19.399855751264,2001-08-08,32,2001
"9938",-13.4097836317582,2001-08-15,33,2001
"9945",3.87905600716574,2001-08-22,34,2001
"9952",5.57509891606873,2001-08-29,35,2001
"9959",8.38869138995303,2001-09-05,36,2001
"9966",7.75578405367949,2001-09-12,37,2001
"9973",3.69628255769721,2001-09-19,38,2001
"9980",-8.9157038528182,2001-09-26,39,2001
"9987",-10.6657070711768,2001-10-03,40,2001
"9994",-13.6142587801319,2001-10-10,41,2001
"10001",-9.82685921044139,2001-10-17,42,2001
"10008",0.257490878653138,2001-10-24,43,2001
"10015",-12.5529996117061,2001-10-31,44,2001
"10022",-8.42489005761241,2001-11-07,45,2001
"10029",-12.6472911763454,2001-11-14,46,2001
"10036",-23.0851485956226,2001-11-21,47,2001
"10043",-10.3096363338789,2001-11-28,48,2001
"10050",-19.1124969849721,2001-12-05,49,2001
"10057",-5.90151147294771,2001-12-12,50,2001
"10064",13.2304864178374,2001-12-19,51,2001
"10071",-0.69220338637444,2001-12-26,52,2001
"10078",-3.27007763119274,2002-01-02,1,2002
"10085",14.0886859838876,2002-01-09,2,2002
"10092",6.75088421016891,2002-01-16,3,2002
"10099",-3.30391702665368,2002-01-23,4,2002
"10106",-1.68584334563501,2002-01-30,5,2002
"10113",0.348876498585854,2002-02-06,6,2002
"10120",-6.84166761848452,2002-02-13,7,2002
"10127",-10.6808246398215,2002-02-20,8,2002
"10134",3.45902142279951,2002-02-27,9,2002
"10141",2.29644512961676,2002-03-06,10,2002
"10148",-3.3385578336262,2002-03-13,11,2002
"10155",-4.09057436398272,2002-03-20,12,2002
"10162",1.2665686941608,2002-03-27,13,2002
"10169",-2.6397396551405,2002-04-03,14,2002
"10176",12.9121975248286,2002-04-10,15,2002
"10183",4.34087130801707,2002-04-17,16,2002
"10190",1.49888162903488,2002-04-24,17,2002
"10197",-4.39314155154061,2002-05-01,18,2002
"10204",-15.7018851119846,2002-05-08,19,2002
"10211",11.9848887175762,2002-05-15,20,2002
"10218",15.1620185453483,2002-05-22,21,2002
"10225",5.92221847566902,2002-05-29,22,2002
"10232",7.68763298306465,2002-06-05,23,2002
"10239",-4.57629205943351,2002-06-12,24,2002
"10246",-11.9315680443499,2002-06-19,25,2002
"10253",-11.7564143191764,2002-06-26,26,2002
"10260",-2.35538936170255,2002-07-03,27,2002
"10267",9.80748745148068,2002-07-10,28,2002
"10274",12.8131522888124,2002-07-17,29,2002
"10281",7.08122610694629,2002-07-24,30,2002
"10288",3.78919257671942,2002-07-31,31,2002
"10295",-4.14367366908877,2002-08-07,32,2002
"10302",-7.3828574945635,2002-08-14,33,2002
"10309",9.29633137064368,2002-08-21,34,2002
"10316",7.17366368259787,2002-08-28,35,2002
"10323",7.74465756082588,2002-09-04,36,2002
"10330",5.06263536860081,2002-09-11,37,2002
"10337",7.04972464449189,2002-09-18,38,2002
"10344",3.92805376177907,2002-09-25,39,2002
"10351",2.9019737565924,2002-10-02,40,2002
"10358",4.03237393776082,2002-10-09,41,2002
"10365",18.2269519518042,2002-10-16,42,2002
"10372",18.0703243502448,2002-10-23,43,2002
"10379",16.6468116677825,2002-10-30,44,2002
"10386",7.34271116581936,2002-11-06,45,2002
"10393",4.26327355101295,2002-11-13,46,2002
"10400",-10.6794609149167,2002-11-20,47,2002
"10407",-5.00054245537986,2002-11-27,48,2002
"10414",31.40528867314,2002-12-04,49,2002
"10421",26.4540655181,2002-12-11,50,2002
"10428",28.6707010587578,2002-12-18,51,2002
"10435",-0.370889790199247,2002-12-25,52,2002
"10442",-10.63607879021,2003-01-01,1,2003
"10449",1.01518071054949,2003-01-08,2,2003
"10456",10.436655999342,2003-01-15,3,2003
"10463",10.1671765864127,2003-01-22,4,2003
"10470",-6.88002025525905,2003-01-29,5,2003
"10477",-3.15796365912896,2003-02-05,6,2003
"10484",20.1502758086129,2003-02-12,7,2003
"10491",-9.0958896677905,2003-02-19,8,2003
"10498",-7.47300849740797,2003-02-26,9,2003
"10505",-0.612534599788059,2003-03-05,10,2003
"10512",7.00783902277188,2003-03-12,11,2003
"10519",8.10035637317046,2003-03-19,12,2003
"10526",-6.52851756373758,2003-03-26,13,2003
"10533",-9.87130257881943,2003-04-02,14,2003
"10540",17.9031275131577,2003-04-09,15,2003
"10547",17.4447409454607,2003-04-16,16,2003
"10554",-0.842256328339407,2003-04-23,17,2003
"10561",-3.95644453346008,2003-04-30,18,2003
"10568",-7.20254777076507,2003-05-07,19,2003
"10575",-15.0949864802842,2003-05-14,20,2003
"10582",-1.28087491496726,2003-05-21,21,2003
"10589",12.7237521100057,2003-05-28,22,2003
"10596",21.0705862905209,2003-06-04,23,2003
"10603",17.1679747427994,2003-06-11,24,2003
"10610",17.0148077645893,2003-06-18,25,2003
"10617",13.3813596165211,2003-06-25,26,2003
"10624",5.31116256465128,2003-07-02,27,2003
"10631",-3.9347249182648,2003-07-09,28,2003
"10638",-8.54256429677008,2003-07-16,29,2003
"10645",-1.6717595306271,2003-07-23,30,2003
"10652",5.90955069692559,2003-07-30,31,2003
"10659",8.48572362026152,2003-08-06,32,2003
"10666",4.68330432976,2003-08-13,33,2003
"10673",-3.52552501371356,2003-08-20,34,2003
"10680",1.48064329702417,2003-08-27,35,2003
"10687",-4.81600643257909,2003-09-03,36,2003
"10694",-12.1312577048878,2003-09-10,37,2003
"10701",-9.21210971277696,2003-09-17,38,2003
"10708",-0.490493951618061,2003-09-24,39,2003
"10715",-0.213960435473825,2003-10-01,40,2003
"10722",-5.99992148864446,2003-10-08,41,2003
"10729",-13.3934316433826,2003-10-15,42,2003
"10736",2.20581414333538,2003-10-22,43,2003
"10743",7.93568724434838,2003-10-29,44,2003
"10750",1.66922854984571,2003-11-05,45,2003
"10757",-2.9455889777214,2003-11-12,46,2003
"10764",3.41257227522742,2003-11-19,47,2003
"10771",0.909966174840317,2003-11-26,48,2003
"10778",-2.08407223259534,2003-12-03,49,2003
"10785",-10.6109341780969,2003-12-10,50,2003
"10792",-25.1978843565321,2003-12-17,51,2003
"10799",-10.1725045406127,2003-12-24,52,2003
"10806",6.39324600413271,2003-12-31,53,2003
"10813",18.5550719432495,2004-01-07,1,2004
"10820",19.1635465282655,2004-01-14,2,2004
"10827",14.7998655645162,2004-01-21,3,2004
"10834",-0.503851799533582,2004-01-28,4,2004
"10841",-21.8569682876958,2004-02-04,5,2004
"10848",-17.2822589704962,2004-02-11,6,2004
"10855",-0.329832236664292,2004-02-18,7,2004
"10862",0.327471979857989,2004-02-25,8,2004
"10869",-12.5329514973852,2004-03-03,9,2004
"10876",-19.4965255686286,2004-03-10,10,2004
"10883",-29.2101021345831,2004-03-17,11,2004
"10890",10.4645276570809,2004-03-24,12,2004
"10897",20.4670001164468,2004-03-31,13,2004
"10904",4.33449296047093,2004-04-07,14,2004
"10911",14.0483436772389,2004-04-14,15,2004
"10918",12.1344680508667,2004-04-21,16,2004
"10925",-8.96046681428764,2004-04-28,17,2004
"10932",-16.0742379692257,2004-05-05,18,2004
"10939",-12.208766212178,2004-05-12,19,2004
"10946",8.20042562119929,2004-05-19,20,2004
"10953",-11.1846257307738,2004-05-26,21,2004
"10960",-15.1016227068365,2004-06-02,22,2004
"10967",-12.151794078278,2004-06-09,23,2004
"10974",9.75749218162903,2004-06-16,24,2004
"10981",1.05209559899077,2004-06-23,25,2004
"10988",9.88295279926565,2004-06-30,26,2004
"10995",9.80898225850164,2004-07-07,27,2004
"11002",0.5918507996644,2004-07-14,28,2004
"11009",4.23845441969886,2004-07-21,29,2004
"11016",-10.2163509304351,2004-07-28,30,2004
"11023",-8.03699106673193,2004-08-04,31,2004
"11030",-3.99011493914443,2004-08-11,32,2004
"11037",2.31810954986693,2004-08-18,33,2004
"11044",10.3761451497689,2004-08-25,34,2004
"11051",10.8775912033593,2004-09-01,35,2004
"11058",0.214544939945447,2004-09-08,36,2004
"11065",-1.00641397811313,2004-09-15,37,2004
"11072",2.77945651401188,2004-09-22,38,2004
"11079",2.06835042765076,2004-09-29,39,2004
"11086",-2.27706563196151,2004-10-06,40,2004
"11093",9.91754146014993,2004-10-13,41,2004
"11100",22.7343949899179,2004-10-20,42,2004
"11107",12.5851346696763,2004-10-27,43,2004
"11114",14.196582126134,2004-11-03,44,2004
"11121",11.2492078363219,2004-11-10,45,2004
"11128",10.291558921191,2004-11-17,46,2004
"11135",6.47070252321451,2004-11-24,47,2004
"11142",-5.58451714688964,2004-12-01,48,2004
"11149",5.31735330767175,2004-12-08,49,2004
"11156",15.3723025243549,2004-12-15,50,2004
"11163",4.79788572701259,2004-12-22,51,2004
"11170",-4.41207463729785,2004-12-29,52,2004
"11177",-13.1171571812317,2005-01-05,1,2005
"11184",-4.74025140809852,2005-01-12,2,2005
"11191",5.45656975778178,2005-01-19,3,2005
"11198",13.6923173481517,2005-01-26,4,2005
"11205",0.0716864907535353,2005-02-02,5,2005
"11212",11.3903105613157,2005-02-09,6,2005
"11219",21.1108529356937,2005-02-16,7,2005
"11226",23.7127395818343,2005-02-23,8,2005
"11233",20.9862682001829,2005-03-02,9,2005
"11240",11.9009698276044,2005-03-09,10,2005
"11247",10.294735929115,2005-03-16,11,2005
"11254",-6.76563847892179,2005-03-23,12,2005
"11261",-18.4668639398046,2005-03-30,13,2005
"11268",-17.9367929924581,2005-04-06,14,2005
"11275",-12.0164548637614,2005-04-13,15,2005
"11282",11.8067190881933,2005-04-20,16,2005
"11289",16.3732228674028,2005-04-27,17,2005
"11296",-4.95745179356649,2005-05-04,18,2005
"11303",-9.71489737225965,2005-05-11,19,2005
"11310",15.2643065116357,2005-05-18,20,2005
"11317",-1.03096024577565,2005-05-25,21,2005
"11324",6.39128479877176,2005-06-01,22,2005
"11331",4.80027980717748,2005-06-08,23,2005
"11338",-4.30788248602778,2005-06-15,24,2005
"11345",3.47329173702318,2005-06-22,25,2005
"11352",0.883568831341863,2005-06-29,26,2005
"11359",-1.3566597266102,2005-07-06,27,2005
"11366",1.0080658468809,2005-07-13,28,2005
"11373",-8.52058126464519,2005-07-20,29,2005
"11380",-14.223756227366,2005-07-27,30,2005
"11387",-0.332996365593999,2005-08-03,31,2005
"11394",7.49662860067768,2005-08-10,32,2005
"11401",2.01984234522986,2005-08-17,33,2005
"11408",-13.5450953782273,2005-08-24,34,2005
"11415",-3.56729305359294,2005-08-31,35,2005
"11422",-8.34539310534029,2005-09-07,36,2005
"11429",-3.18405555250677,2005-09-14,37,2005
"11436",1.78292445428839,2005-09-21,38,2005
"11443",-2.28073004335439,2005-09-28,39,2005
"11450",1.26705112086436,2005-10-05,40,2005
"11457",-0.269676567080004,2005-10-12,41,2005
"11464",-11.6367864622609,2005-10-19,42,2005
"11471",-8.36089664670838,2005-10-26,43,2005
"11478",-16.7291343492697,2005-11-02,44,2005
"11485",-8.70449755487464,2005-11-09,45,2005
"11492",-4.83513979715378,2005-11-16,46,2005
"11499",-9.14542709508181,2005-11-23,47,2005
"11506",-3.81404817256682,2005-11-30,48,2005
"11513",-18.6808596294402,2005-12-07,49,2005
"11520",-23.0378941886159,2005-12-14,50,2005
"11527",-18.076695259617,2005-12-21,51,2005
"11534",-2.19774730494729,2005-12-28,52,2005
"11541",-6.54705602123385,2006-01-04,1,2006
"11548",0.623886431396297,2006-01-11,2,2006
"11555",-28.4598025487204,2006-01-18,3,2006
"11562",-11.0531835758698,2006-01-25,4,2006
"11569",-2.28606861399826,2006-02-01,5,2006
"11576",5.8573839407266,2006-02-08,6,2006
"11583",4.97887498072108,2006-02-15,7,2006
"11590",-4.66490089422132,2006-02-22,8,2006
"11597",-11.1793399475901,2006-03-01,9,2006
"11604",-0.776358382676514,2006-03-08,10,2006
"11611",-10.1688891992452,2006-03-15,11,2006
"11618",-13.3101482615697,2006-03-22,12,2006
"11625",-27.5132644525259,2006-03-29,13,2006
"11632",-12.9480597334738,2006-04-05,14,2006
"11639",-1.98460149878112,2006-04-12,15,2006
"11646",-17.3576991777629,2006-04-19,16,2006
"11653",-22.9369794148087,2006-04-26,17,2006
"11660",-8.93664854769216,2006-05-03,18,2006
"11667",10.5772262460956,2006-05-10,19,2006
"11674",0.316737041950144,2006-05-17,20,2006
"11681",-12.6233030962653,2006-05-24,21,2006
"11688",14.1442199523775,2006-05-31,22,2006
"11695",2.3552475776272,2006-06-07,23,2006
"11702",-10.9288376586911,2006-06-14,24,2006
"11709",-11.6778270042123,2006-06-21,25,2006
"11716",-16.1243936886341,2006-06-28,26,2006
"11723",5.87575338568857,2006-07-05,27,2006
"11730",0.0727939363782265,2006-07-12,28,2006
"11737",1.72644072181991,2006-07-19,29,2006
"11744",5.21858866356994,2006-07-26,30,2006
"11751",-1.86611209643431,2006-08-02,31,2006
"11758",-7.30665713147948,2006-08-09,32,2006
"11765",11.3779197969389,2006-08-16,33,2006
"11772",9.20502728288624,2006-08-23,34,2006
"11779",3.29729284465927,2006-08-30,35,2006
"11786",14.1072104121715,2006-09-06,36,2006
"11793",5.38118591330382,2006-09-13,37,2006
"11800",-6.67504522304045,2006-09-20,38,2006
"11807",-4.72506220900563,2006-09-27,39,2006
"11814",5.64752231807695,2006-10-04,40,2006
"11821",14.8997359066228,2006-10-11,41,2006
"11828",21.5988480568908,2006-10-18,42,2006
"11835",19.6546375593934,2006-10-25,43,2006
"11842",12.3687715858795,2006-11-01,44,2006
"11849",23.4396540281226,2006-11-08,45,2006
"11856",24.9259287296587,2006-11-15,46,2006
"11863",20.2563278168466,2006-11-22,47,2006
"11870",16.0518065908045,2006-11-29,48,2006
"11877",16.569878987766,2006-12-06,49,2006
"11884",12.7285801675607,2006-12-13,50,2006
"11891",12.8706941273038,2006-12-20,51,2006
"11898",-11.6913293930326,2006-12-27,52,2006
"11905",-25.9890547903735,2007-01-03,1,2007
"11912",2.80192890095974,2007-01-10,2,2007
"11919",13.4966348859727,2007-01-17,3,2007
"11926",4.3205957689374,2007-01-24,4,2007
"11933",1.97226109907199,2007-01-31,5,2007
"11940",5.13168629589813,2007-02-07,6,2007
"11947",10.9825364853148,2007-02-14,7,2007
"11954",-0.500030952054719,2007-02-21,8,2007
"11961",-11.8330436296759,2007-02-28,9,2007
"11968",7.67640762200192,2007-03-07,10,2007
"11975",-7.7300909852289,2007-03-14,11,2007
"11982",-16.6318819300867,2007-03-21,12,2007
"11989",-6.72119112358703,2007-03-28,13,2007
"11996",6.34992860273122,2007-04-04,14,2007
"12003",-1.21915065981369,2007-04-11,15,2007
"12010",1.27151946826608,2007-04-18,16,2007
"12017",-4.35670083703724,2007-04-25,17,2007
"12024",-13.9433211640895,2007-05-02,18,2007
"12031",-3.57472487595049,2007-05-09,19,2007
"12038",4.54992733149025,2007-05-16,20,2007
"12045",13.4729609252284,2007-05-23,21,2007
"12052",-0.285093596497595,2007-05-30,22,2007
"12059",6.17218268459764,2007-06-06,23,2007
"12066",2.64280043467385,2007-06-13,24,2007
"12073",-5.43236753140067,2007-06-20,25,2007
"12080",-0.703184460927523,2007-06-27,26,2007
"12087",-5.42297761717896,2007-07-04,27,2007
"12094",-2.47559014373457,2007-07-11,28,2007
"12101",6.4040345212177,2007-07-18,29,2007
"12108",-11.1719722570326,2007-07-25,30,2007
"12115",-13.3936665352663,2007-08-01,31,2007
"12122",7.90383357170612,2007-08-08,32,2007
"12129",0.797069699257979,2007-08-15,33,2007
"12136",-3.8680649675206,2007-08-22,34,2007
"12143",5.21209953189909,2007-08-29,35,2007
"12150",3.55993398956562,2007-09-05,36,2007
"12157",-8.76201033354492,2007-09-12,37,2007
"12164",-7.37951924782093,2007-09-19,38,2007
"12171",-9.10006607953305,2007-09-26,39,2007
"12178",14.1476266249599,2007-10-03,40,2007
"12185",4.58775050756815,2007-10-10,41,2007
"12192",-0.680016625554755,2007-10-17,42,2007
"12199",-12.1080969456918,2007-10-24,43,2007
"12206",-5.73209062417745,2007-10-31,44,2007
"12213",-9.99676192734742,2007-11-07,45,2007
"12220",-25.9153262381863,2007-11-14,46,2007
"12227",-9.39685575662661,2007-11-21,47,2007
"12234",4.10100441399319,2007-11-28,48,2007
"12241",15.0430266231725,2007-12-05,49,2007
"12248",3.21154317526529,2007-12-12,50,2007
"12255",-7.29596139820642,2007-12-19,51,2007
"12262",-19.2584212525506,2007-12-26,52,2007
"12269",-21.3567608408255,2008-01-02,1,2008
"12276",0.951099721200892,2008-01-09,2,2008
"12283",0.681442630401343,2008-01-16,3,2008
"12290",9.7397506042816,2008-01-23,4,2008
"12297",2.58505463919594,2008-01-30,5,2008
"12304",-16.3153325509334,2008-02-06,6,2008
"12311",-20.7275514863883,2008-02-13,7,2008
"12318",-20.0649571044178,2008-02-20,8,2008
"12325",-14.7421151794972,2008-02-27,9,2008
"12332",-7.57322972139869,2008-03-05,10,2008
"12339",2.7308828059253,2008-03-12,11,2008
"12346",-6.07016915522629,2008-03-19,12,2008
"12353",-9.31062999851314,2008-03-26,13,2008
"12360",-3.30805084751897,2008-04-02,14,2008
"12367",4.11476956498395,2008-04-09,15,2008
"12374",-12.3695503378236,2008-04-16,16,2008
"12381",-17.3690105812905,2008-04-23,17,2008
"12388",-4.59218049049668,2008-04-30,18,2008
"12395",-9.26578790972879,2008-05-07,19,2008
"12402",-6.42297749191365,2008-05-14,20,2008
"12409",11.2766406558461,2008-05-21,21,2008
"12416",8.3833088825228,2008-05-28,22,2008
"12423",-3.69541823322987,2008-06-04,23,2008
"12430",-2.60395752401219,2008-06-11,24,2008
"12437",5.01239928124375,2008-06-18,25,2008
"12444",1.9307796021372,2008-06-25,26,2008
"12451",2.23489573772306,2008-07-02,27,2008
"12458",12.5751335122437,2008-07-09,28,2008
"12465",-0.264649574074801,2008-07-16,29,2008
"12472",1.33847048939592,2008-07-23,30,2008
"12479",-0.248199525166216,2008-07-30,31,2008
"12486",8.96558702979559,2008-08-06,32,2008
"12493",1.29632048439951,2008-08-13,33,2008
"12500",-1.40006202179759,2008-08-20,34,2008
"12507",-7.64911518181804,2008-08-27,35,2008
"12514",-13.0358915127673,2008-09-03,36,2008
"12521",-13.2531019835251,2008-09-10,37,2008
"12528",-2.80500390100069,2008-09-17,38,2008
"12535",6.02639794546551,2008-09-24,39,2008
"12542",9.22447451822097,2008-10-01,40,2008
"12549",6.00162815121137,2008-10-08,41,2008
"12556",4.66137992301674,2008-10-15,42,2008
"12563",-15.594377592912,2008-10-22,43,2008
"12570",-11.9753803236742,2008-10-29,44,2008
"12577",-2.41383050111674,2008-11-05,45,2008
"12584",-10.9973400502965,2008-11-12,46,2008
"12591",-9.75047592036356,2008-11-19,47,2008
"12598",-9.73748866582552,2008-11-26,48,2008
"12605",-9.06301016775896,2008-12-03,49,2008
"12612",-6.22015115316646,2008-12-10,50,2008
"12619",0.82177156119874,2008-12-17,51,2008
"12626",-9.08819125393735,2008-12-24,52,2008
"12633",-12.6211658845536,2008-12-31,53,2008
"12640",-8.09203276374697,2009-01-07,1,2009
"12647",-9.75881800575861,2009-01-14,2,2009
"12654",9.11523041677839,2009-01-21,3,2009
"12661",-2.13894196820308,2009-01-28,4,2009
"12668",-26.8730054420371,2009-02-04,5,2009
"12675",-11.7104361259893,2009-02-11,6,2009
"12682",-5.55879764934078,2009-02-18,7,2009
"12689",-17.9575637866768,2009-02-25,8,2009
"12696",-13.9424947506839,2009-03-04,9,2009
"12703",-6.23740143098602,2009-03-11,10,2009
"12710",-8.45704560850643,2009-03-18,11,2009
"12717",2.03712744519984,2009-03-25,12,2009
"12724",15.8818437823717,2009-04-01,13,2009
"12731",2.4694286949391,2009-04-08,14,2009
"12738",-10.7533485357383,2009-04-15,15,2009
"12745",-11.00879313448,2009-04-22,16,2009
"12752",11.4421343594552,2009-04-29,17,2009
"12759",4.59014757408434,2009-05-06,18,2009
"12766",-6.83453175554541,2009-05-13,19,2009
"12773",-12.0527165226901,2009-05-20,20,2009
"12780",-0.218591093487788,2009-05-27,21,2009
"12787",-6.62090725003783,2009-06-03,22,2009
"12794",2.27544557185548,2009-06-10,23,2009
"12801",8.24309214672797,2009-06-17,24,2009
"12808",4.1608457775238,2009-06-24,25,2009
"12815",2.05133922398339,2009-07-01,26,2009
"12822",2.05046296439125,2009-07-08,27,2009
"12829",-10.0491369260191,2009-07-15,28,2009
"12836",-9.70372149569891,2009-07-22,29,2009
"12843",-8.56427753753782,2009-07-29,30,2009
"12850",14.4899853218663,2009-08-05,31,2009
"12857",9.88879227839664,2009-08-12,32,2009
"12864",7.0379488262722,2009-08-19,33,2009
"12871",-3.04847037192202,2009-08-26,34,2009
"12878",-8.29314835768703,2009-09-02,35,2009
"12885",4.89922454446169,2009-09-09,36,2009
"12892",2.04708986783231,2009-09-16,37,2009
"12899",-11.9604233082942,2009-09-23,38,2009
"12906",-0.0756962660143675,2009-09-30,39,2009
"12913",-4.76291007593447,2009-10-07,40,2009
"12920",-3.49145018976398,2009-10-14,41,2009
"12927",3.64726947294118,2009-10-21,42,2009
"12934",8.40465525809628,2009-10-28,43,2009
"12941",17.3261808439551,2009-11-04,44,2009
"12948",1.23957710768131,2009-11-11,45,2009
"12955",-18.2125160892875,2009-11-18,46,2009
"12962",-3.30212925885327,2009-11-25,47,2009
"12969",2.73012006573588,2009-12-02,48,2009
"12976",20.9669686226187,2009-12-09,49,2009
"12983",8.42390093223884,2009-12-16,50,2009
"12990",11.4004676559033,2009-12-23,51,2009
"12997",-10.1955358396721,2009-12-30,52,2009
"13004",-12.5653134931521,2010-01-06,1,2010
"13011",-16.7803411136301,2010-01-13,2,2010
"13018",-4.07369310612289,2010-01-20,3,2010
"13025",19.419604585619,2010-01-27,4,2010
"13032",21.515546558818,2010-02-03,5,2010
"13039",33.2248775480997,2010-02-10,6,2010
"13046",26.6995319728579,2010-02-17,7,2010
"13053",17.4448893902397,2010-02-24,8,2010
"13060",17.2144684527279,2010-03-03,9,2010
"13067",15.5874323394297,2010-03-10,10,2010
"13074",4.86703608027991,2010-03-17,11,2010
"13081",-1.43250489847681,2010-03-24,12,2010
"13088",-13.5265893630967,2010-03-31,13,2010
"13095",2.11840810383105,2010-04-07,14,2010
"13102",1.38551951107198,2010-04-14,15,2010
"13109",-5.80754062481144,2010-04-21,16,2010
"13116",6.96065068329902,2010-04-28,17,2010
"13123",-3.34576430380768,2010-05-05,18,2010
"13130",-8.2616993940827,2010-05-12,19,2010
"13137",1.11978020666,2010-05-19,20,2010
"13144",5.61889433405779,2010-05-26,21,2010
"13151",6.23146504100564,2010-06-02,22,2010
"13158",1.7608612891009,2010-06-09,23,2010
"13165",6.07979665097928,2010-06-16,24,2010
"13172",-2.40186135161397,2010-06-23,25,2010
"13179",-2.24486856503011,2010-06-30,26,2010
"13186",-2.21572485292591,2010-07-07,27,2010
"13193",-2.00060075004728,2010-07-14,28,2010
"13200",-10.0243534169747,2010-07-21,29,2010
"13207",-14.9659179215803,2010-07-28,30,2010
"13214",-13.4262899718942,2010-08-04,31,2010
"13221",-8.90335575293582,2010-08-11,32,2010
"13228",-7.14784034123859,2010-08-18,33,2010
"13235",-1.64908176270606,2010-08-25,34,2010
"13242",0.540678159782236,2010-09-01,35,2010
"13249",-13.9943003186619,2010-09-08,36,2010
"13256",3.19487827177836,2010-09-15,37,2010
"13263",-1.76705102227648,2010-09-22,38,2010
"13270",-3.78498270991573,2010-09-29,39,2010
"13277",-13.3972351937725,2010-10-06,40,2010
"13284",-5.50685906570786,2010-10-13,41,2010
"13291",-4.12498669154424,2010-10-20,42,2010
"13298",-13.3908917098051,2010-10-27,43,2010
"13305",-10.8842442808616,2010-11-03,44,2010
"13312",4.15903331218897,2010-11-10,45,2010
"13319",-3.50314785248861,2010-11-17,46,2010
"13326",-0.00124048070671279,2010-11-24,47,2010
"13333",-4.10970574117951,2010-12-01,48,2010
"13340",-11.0756681740975,2010-12-08,49,2010
"13347",2.89740931249318,2010-12-15,50,2010
"13354",-10.6379763877209,2010-12-22,51,2010
"13361",-17.0299507872443,2010-12-29,52,2010
"13368",0.307282005236159,2011-01-05,1,2011
"13375",-11.4465348020461,2011-01-12,2,2011
"13382",-0.9952529500892,2011-01-19,3,2011
"13389",-4.54207250139782,2011-01-26,4,2011
"13396",-12.8584119609245,2011-02-02,5,2011
"13403",2.11732765964487,2011-02-09,6,2011
"13410",4.35227616829998,2011-02-16,7,2011
"13417",-14.4779175175799,2011-02-23,8,2011
"13424",-6.13458586906803,2011-03-02,9,2011
"13431",-6.26583385079441,2011-03-09,10,2011
"13438",-7.9437260293792,2011-03-16,11,2011
"13445",-29.6233947778034,2011-03-23,12,2011
"13452",-29.1037165946568,2011-03-30,13,2011
"13459",-8.24584551670107,2011-04-06,14,2011
"13466",-6.0072316983172,2011-04-13,15,2011
"13473",-3.46433733915939,2011-04-20,16,2011
"13480",-10.4514625910765,2011-04-27,17,2011
"13487",-17.6491429411103,2011-05-04,18,2011
"13494",6.36209279810695,2011-05-11,19,2011
"13501",0.531930980927135,2011-05-18,20,2011
"13508",-17.7287756882916,2011-05-25,21,2011
"13515",-5.2668430846132,2011-06-01,22,2011
"13522",-7.73618403836208,2011-06-08,23,2011
"13529",-7.2278603683838,2011-06-15,24,2011
"13536",-0.636593325793257,2011-06-22,25,2011
"13543",-5.10629964173826,2011-06-29,26,2011
"13550",-5.3471071567328,2011-07-06,27,2011
"13557",8.20065002194482,2011-07-13,28,2011
"13564",-9.54502487591131,2011-07-20,29,2011
"13571",2.17351434692708,2011-07-27,30,2011
"13578",7.00059036218934,2011-08-03,31,2011
"13585",4.28672685258003,2011-08-10,32,2011
"13592",-2.96829124445781,2011-08-17,33,2011
"13599",2.62942593176155,2011-08-24,34,2011
"13606",-0.914731680020643,2011-08-31,35,2011
"13613",-2.44187906384681,2011-09-07,36,2011
"13620",-0.0549146579097786,2011-09-14,37,2011
"13627",-15.3028998032809,2011-09-21,38,2011
"13634",-8.12251434885382,2011-09-28,39,2011
"13641",-8.11788060528336,2011-10-05,40,2011
"13648",10.4299185246244,2011-10-12,41,2011
"13655",13.6810027501711,2011-10-19,42,2011
"13662",10.6301052445463,2011-10-26,43,2011
"13669",-0.543157004370475,2011-11-02,44,2011
"13676",-1.06102727094457,2011-11-09,45,2011
"13683",4.70095233359389,2011-11-16,46,2011
"13690",5.93428313191151,2011-11-23,47,2011
"13697",-2.62099945214698,2011-11-30,48,2011
"13704",-8.84556667338502,2011-12-07,49,2011
"13711",-6.57596171868783,2011-12-14,50,2011
"13718",-17.7478719215505,2011-12-21,51,2011
"13725",-9.04443052527037,2011-12-28,52,2011
"13732",-6.44722574874511,2012-01-04,1,2012
"13739",-4.87276945506536,2012-01-11,2,2012
"13746",-2.58171232238988,2012-01-18,3,2012
"13753",-9.69852557953608,2012-01-25,4,2012
"13760",-15.2371087723249,2012-02-01,5,2012
"13767",-4.25722500766205,2012-02-08,6,2012
"13774",-6.33508248001331,2012-02-15,7,2012
"13781",9.88960955538495,2012-02-22,8,2012
"13788",-8.14643912603862,2012-02-29,9,2012
"13795",-24.8513763611838,2012-03-07,10,2012
"13802",-28.0579403331583,2012-03-14,11,2012
"13809",-13.6883790372809,2012-03-21,12,2012
"13816",-5.12977872497154,2012-03-28,13,2012
"13823",9.49336599716412,2012-04-04,14,2012
"13830",10.2246207693056,2012-04-11,15,2012
"13837",-4.89860107165752,2012-04-18,16,2012
"13844",-6.42591813682589,2012-04-25,17,2012
"13851",-5.90780386458143,2012-05-02,18,2012
"13858",-12.2757867991399,2012-05-09,19,2012
"13865",-9.43630706930019,2012-05-16,20,2012
"13872",-15.8338760178317,2012-05-23,21,2012
"13879",-14.2635778770885,2012-05-30,22,2012
"13886",-18.4838440125873,2012-06-06,23,2012
"13893",6.37821914586792,2012-06-13,24,2012
"13900",14.7470142499493,2012-06-20,25,2012
"13907",2.00893366177672,2012-06-27,26,2012
"13914",-5.60856585878116,2012-07-04,27,2012
"13921",-9.82968462555511,2012-07-11,28,2012
"13928",-7.85015318537311,2012-07-18,29,2012
"13935",-6.79663026639524,2012-07-25,30,2012
"13942",2.24102453296856,2012-08-01,31,2012
"13949",8.12764340954436,2012-08-08,32,2012
"13956",6.17252654422881,2012-08-15,33,2012
"13963",-3.49093313846501,2012-08-22,34,2012
"13970",-9.19036353231029,2012-08-29,35,2012
"13977",-6.31072301831262,2012-09-05,36,2012
"13984",-5.02162708721758,2012-09-12,37,2012
"13991",-0.462808876040315,2012-09-19,38,2012
"13998",-3.40008228541936,2012-09-26,39,2012
"14005",-4.22610077365826,2012-10-03,40,2012
"14012",7.70618519433854,2012-10-10,41,2012
"14019",-3.02817750133141,2012-10-17,42,2012
"14026",4.23136142592635,2012-10-24,43,2012
"14033",4.16973687430185,2012-10-31,44,2012
"14040",-12.1465539267509,2012-11-07,45,2012
"14047",-5.39005488563658,2012-11-14,46,2012
"14054",1.68585371188714,2012-11-21,47,2012
"14061",6.71221389293,2012-11-28,48,2012
"14068",4.88273622611723,2012-12-05,49,2012
"14075",6.54721918789432,2012-12-12,50,2012
"14082",0.352172212193783,2012-12-19,51,2012
"14089",-6.20359355042036,2012-12-26,52,2012
"14096",-23.2623220739535,2013-01-02,1,2013
"14103",-22.8873189313968,2013-01-09,2,2013
"14110",1.91269605130993,2013-01-16,3,2013
"14117",-0.843008198477898,2013-01-23,4,2013
"14124",4.33314987962969,2013-01-30,5,2013
"14131",4.80401096501498,2013-02-06,6,2013
"14138",-6.86725568068947,2013-02-13,7,2013
"14145",-25.5447164334761,2013-02-20,8,2013
"14152",-10.9965725361298,2013-02-27,9,2013
"14159",1.65897418896579,2013-03-06,10,2013
"14166",3.09698697012055,2013-03-13,11,2013
"14173",13.1198639138731,2013-03-20,12,2013
"14180",-3.83954498396804,2013-03-27,13,2013
"14187",-9.57918659978805,2013-04-03,14,2013
"14194",-20.1003916693497,2013-04-10,15,2013
"14201",-4.62943513022644,2013-04-17,16,2013
"14208",-8.07925714312886,2013-04-24,17,2013
"14215",6.62055339120727,2013-05-01,18,2013
"14222",-15.6477031898696,2013-05-08,19,2013
"14229",-5.00279049928161,2013-05-15,20,2013
"14236",-2.20134745064657,2013-05-22,21,2013
"14243",-13.1605291272896,2013-05-29,22,2013
"14250",-12.091266812643,2013-06-05,23,2013
"14257",-23.6742889220194,2013-06-12,24,2013
"14264",-6.4687268037066,2013-06-19,25,2013
"14271",3.57377782497432,2013-06-26,26,2013
"14278",-8.13128416983235,2013-07-03,27,2013
"14285",-13.8803452936835,2013-07-10,28,2013
"14292",-14.8410571926634,2013-07-17,29,2013
"14299",-7.98946316070133,2013-07-24,30,2013
"14306",-16.1994885420834,2013-07-31,31,2013
"14313",-11.2702252632723,2013-08-07,32,2013
"14320",-2.29050928201496,2013-08-14,33,2013
"14327",-3.55055441490652,2013-08-21,34,2013
"14334",7.34451796398524,2013-08-28,35,2013
"14341",-0.709223145944528,2013-09-04,36,2013
"14348",-13.0810976053634,2013-09-11,37,2013
"14355",-6.44664651981434,2013-09-18,38,2013
"14362",1.93959247978288,2013-09-25,39,2013
"14369",-6.94102573982581,2013-10-02,40,2013
"14376",-8.34400261881941,2013-10-09,41,2013
"14383",3.19151137218474,2013-10-16,42,2013
"14390",-2.78418567675899,2013-10-23,43,2013
"14397",-5.6792695230732,2013-10-30,44,2013
"14404",-10.5144480525538,2013-11-06,45,2013
"14411",-6.00008718500087,2013-11-13,46,2013
"14418",-4.13962491875342,2013-11-20,47,2013
"14425",-1.35623439126936,2013-11-27,48,2013
"14432",-3.19198048635347,2013-12-04,49,2013
"14439",-4.29703469320797,2013-12-11,50,2013
"14446",-13.2753695199316,2013-12-18,51,2013
"14453",-12.3551973491912,2013-12-25,52,2013
"14460",-10.7704902977189,2014-01-01,1,2014
"14467",-14.1841516076025,2014-01-08,2,2014
"14474",-17.594679707113,2014-01-15,3,2014
"14481",-19.0338528481673,2014-01-22,4,2014
"14488",6.56666343944786,2014-01-29,5,2014
"14495",13.547608902418,2014-02-05,6,2014
"14502",-2.56556448145876,2014-02-12,7,2014
"14509",-13.0496990248975,2014-02-19,8,2014
"14516",1.7820383449865,2014-02-26,9,2014
"14523",12.0055884301828,2014-03-05,10,2014
"14530",10.1404669557333,2014-03-12,11,2014
"14537",2.5836461784486,2014-03-19,12,2014
"14544",12.9607770803222,2014-03-26,13,2014
"14551",-5.08667698724277,2014-04-02,14,2014
"14558",-15.233785775963,2014-04-09,15,2014
"14565",-4.11450917467195,2014-04-16,16,2014
"14572",3.02510032122538,2014-04-23,17,2014
"14579",16.852817195713,2014-04-30,18,2014
"14586",7.32363769766957,2014-05-07,19,2014
"14593",-11.3198249208603,2014-05-14,20,2014
"14600",-4.06198564824169,2014-05-21,21,2014
"14607",-6.34501096728596,2014-05-28,22,2014
"14614",0.0868643282743286,2014-06-04,23,2014
"14621",-4.33473493250555,2014-06-11,24,2014
"14628",-8.38008030054216,2014-06-18,25,2014
"14635",-0.951240134033246,2014-06-25,26,2014
"14642",-13.2894558531063,2014-07-02,27,2014
"14649",-13.0389117044842,2014-07-09,28,2014
"14656",-4.17738599594072,2014-07-16,29,2014
"14663",-5.75334110987618,2014-07-23,30,2014
"14670",3.62273668430938,2014-07-30,31,2014
"14677",8.67082515910915,2014-08-06,32,2014
"14684",0.0159318167338215,2014-08-13,33,2014
"14691",-0.859405283182269,2014-08-20,34,2014
"14698",-5.14647152771038,2014-08-27,35,2014
"14705",-9.12873214907236,2014-09-03,36,2014
"14712",2.36617008253802,2014-09-10,37,2014
"14719",1.47418614577222,2014-09-17,38,2014
"14726",-0.12411133394949,2014-09-24,39,2014
"14733",-0.771809503115873,2014-10-01,40,2014
"14740",3.60507078123797,2014-10-08,41,2014
"14747",8.68899368760371,2014-10-15,42,2014
"14754",3.30779577980451,2014-10-22,43,2014
"14761",3.42874675867023,2014-10-29,44,2014
"14768",5.04438528859466,2014-11-05,45,2014
"14775",3.68348661393544,2014-11-12,46,2014
"14782",7.93778358648841,2014-11-19,47,2014
"14789",-4.54817827355955,2014-11-26,48,2014
"14796",-12.9258182282615,2014-12-03,49,2014
"14803",5.23152396955863,2014-12-10,50,2014
"14810",-1.80254161790507,2014-12-17,51,2014
"14817",-16.4228273805094,2014-12-24,52,2014
"14824",-18.5564258575712,2014-12-31,53,2014
"14831",-22.5463351125348,2015-01-07,1,2015
"14838",3.75815000988189,2015-01-14,2,2015
"14845",9.32048487391495,2015-01-21,3,2015
"14852",2.29462149806996,2015-01-28,4,2015
"14859",-6.41543524860074,2015-02-04,5,2015
"14866",1.29970092148865,2015-02-11,6,2015
"14873",-7.08082283023469,2015-02-18,7,2015
"14880",-1.50655633410711,2015-02-25,8,2015
"14887",-12.0038631198005,2015-03-04,9,2015
"14894",-9.38471390639824,2015-03-11,10,2015
"14901",23.5704202034542,2015-03-18,11,2015
"14908",16.2967061228904,2015-03-25,12,2015
"14915",11.7199446145211,2015-04-01,13,2015
"14922",5.18479817578415,2015-04-08,14,2015
"14929",0.851320652044482,2015-04-15,15,2015
"14936",-5.84847014024152,2015-04-22,16,2015
"14943",-8.67061928053853,2015-04-29,17,2015
"14950",0.556912578510146,2015-05-06,18,2015
"14957",13.3178001181557,2015-05-13,19,2015
"14964",13.5167856829942,2015-05-20,20,2015
"14971",4.12592451855017,2015-05-27,21,2015
"14978",10.6069420410991,2015-06-03,22,2015
"14985",-8.57334498996462,2015-06-10,23,2015
"14992",-8.29384317618442,2015-06-17,24,2015
"14999",-1.85664771840691,2015-06-24,25,2015
"15006",8.44705909773849,2015-07-01,26,2015
"15013",17.91721175959,2015-07-08,27,2015
"15020",20.9071306412151,2015-07-15,28,2015
"15027",18.5690593502063,2015-07-22,29,2015
"15034",7.08462796547472,2015-07-29,30,2015
"15041",-2.91837305525733,2015-08-05,31,2015
"15048",11.0340906688191,2015-08-12,32,2015
"15055",14.2300669025403,2015-08-19,33,2015
"15062",6.88122849491537,2015-08-26,34,2015
"15069",20.2069395202432,2015-09-02,35,2015
"15076",9.81572145188015,2015-09-09,36,2015
"15083",4.82780717991486,2015-09-16,37,2015
"15090",13.1459151843306,2015-09-23,38,2015
"15097",20.0811951292914,2015-09-30,39,2015
"15104",22.4000293621572,2015-10-07,40,2015
"15111",25.0821737180174,2015-10-14,41,2015
"15118",31.5866128382226,2015-10-21,42,2015
"15125",13.8460950156287,2015-10-28,43,2015
"15132",10.1113969180963,2015-11-04,44,2015
"15139",9.83887656306198,2015-11-11,45,2015
"15146",10.8838283307963,2015-11-18,46,2015
"15153",14.5162179224784,2015-11-25,47,2015
"15160",18.1032945733656,2015-12-02,48,2015
"15167",9.98862137881531,2015-12-09,49,2015
"15174",-3.6118463598982,2015-12-16,50,2015
"15181",3.50804281199564,2015-12-23,51,2015
"15188",22.5492320911005,2015-12-30,52,2015
"15195",36.1457435131493,2016-01-06,1,2016
"15202",30.9078532740219,2016-01-13,2,2016
"15209",22.368381473827,2016-01-20,3,2016
"15216",6.81337561050989,2016-01-27,4,2016
"15223",5.00978828269131,2016-02-03,5,2016
"15230",-9.26004916528102,2016-02-10,6,2016
"15237",9.51098237362541,2016-02-17,7,2016
"15244",24.631035817889,2016-02-24,8,2016
"15251",18.525247037414,2016-03-02,9,2016
"15258",17.4289392547705,2016-03-09,10,2016
"15265",-1.78218819499874,2016-03-16,11,2016
"15272",1.38030578338599,2016-03-23,12,2016
"15279",17.7944997656514,2016-03-30,13,2016
"15286",4.85582945736149,2016-04-06,14,2016
"15293",6.31109895474761,2016-04-13,15,2016
"15300",13.3651921292287,2016-04-20,16,2016
"15307",8.35234700656318,2016-04-27,17,2016
"15314",7.316954977788,2016-05-04,18,2016
"15321",-1.35149255697001,2016-05-11,19,2016
"15328",-10.9055623960736,2016-05-18,20,2016
"15335",-6.81066389653991,2016-05-25,21,2016
"15342",-4.81863827989363,2016-06-01,22,2016
"15349",17.0901053802598,2016-06-08,23,2016
"15356",-2.63368973693753,2016-06-15,24,2016
"15363",-19.7359475691631,2016-06-22,25,2016
"15370",-10.8889379493399,2016-06-29,26,2016
"15377",7.16395462180293,2016-07-06,27,2016
"15384",3.8280006772359,2016-07-13,28,2016
"15391",-7.59261100062588,2016-07-20,29,2016
"15398",-9.57206884749865,2016-07-27,30,2016
"15405",-4.99714934094261,2016-08-03,31,2016
"15412",-6.19252886962455,2016-08-10,32,2016
"15419",-0.395828090382768,2016-08-17,33,2016
"15426",-4.20359539399554,2016-08-24,34,2016
"15433",3.29821862713953,2016-08-31,35,2016
"15440",-9.6746323727741,2016-09-07,36,2016
"15447",-17.9570498460704,2016-09-14,37,2016
"15454",-10.0352968817047,2016-09-21,38,2016
"15461",-13.4350816729363,2016-09-28,39,2016
"15468",-17.2054343843718,2016-10-05,40,2016
"15475",-15.3045042812369,2016-10-12,41,2016
"15482",-9.84250087959996,2016-10-19,42,2016
"15489",-18.4786691671777,2016-10-26,43,2016
"15496",-22.8134312329556,2016-11-02,44,2016
"15503",-4.62136133302498,2016-11-09,45,2016
"15510",-8.27478956593509,2016-11-16,46,2016
"15517",-13.9387604357648,2016-11-23,47,2016
"15524",-8.30527438555953,2016-11-30,48,2016
"15531",-10.651620373699,2016-12-07,49,2016
"15538",-10.0384085108644,2016-12-14,50,2016
"15545",-11.9614680003741,2016-12-21,51,2016
"15552",-12.691901944314,2016-12-28,52,2016
"15559",-19.4285231587298,2017-01-04,1,2017
"15566",-5.24142848862927,2017-01-11,2,2017
"15573",-6.57490346986686,2017-01-18,3,2017
"15580",-20.7840267466539,2017-01-25,4,2017
"15587",-26.5373226492673,2017-02-01,5,2017
"15594",-8.52043793303065,2017-02-08,6,2017
"15601",5.0063079699992,2017-02-15,7,2017
"15608",-4.91527859727363,2017-02-22,8,2017
"15615",-19.2732263245833,2017-03-01,9,2017
"15622",-7.4130965423239,2017-03-08,10,2017
"15629",-10.7386703476202,2017-03-15,11,2017
"15636",-6.96070104565475,2017-03-22,12,2017
"15643",-22.7584972543756,2017-03-29,13,2017
"15650",-24.8453396618138,2017-04-05,14,2017
"15657",-9.26553228357765,2017-04-12,15,2017
"15664",-5.0670367181457,2017-04-19,16,2017
"15671",0.430809416779925,2017-04-26,17,2017
"15678",5.929482003467,2017-05-03,18,2017
"15685",-6.61310256803035,2017-05-10,19,2017
"15692",-6.60369021884282,2017-05-17,20,2017
"15699",-3.40832204221919,2017-05-24,21,2017
"15706",-9.38665073266744,2017-05-31,22,2017
"15713",-2.64757691860392,2017-06-07,23,2017
"15720",6.131080423911,2017-06-14,24,2017
"15727",1.39829246306935,2017-06-21,25,2017
"15734",-4.59636400303165,2017-06-28,26,2017
"15741",-7.86949052409191,2017-07-05,27,2017
"15748",-14.9239609108889,2017-07-12,28,2017
"15755",-16.5334391895893,2017-07-19,29,2017
"15762",0.204499765113196,2017-07-26,30,2017
"15769",5.42525636822717,2017-08-02,31,2017
"15776",2.51796792658243,2017-08-09,32,2017
"15783",-10.0705974413001,2017-08-16,33,2017
"15790",5.69339616861345,2017-08-23,34,2017
"15797",4.79370243572439,2017-08-30,35,2017
"15804",3.38325269687341,2017-09-06,36,2017
"15811",-10.0284313598525,2017-09-13,37,2017
"15818",-9.56245646482759,2017-09-20,38,2017
"15825",-9.6560696151391,2017-09-27,39,2017
"15832",0.798753679804357,2017-10-04,40,2017
"15839",-11.8018464440011,2017-10-11,41,2017
"15846",-6.01546000855598,2017-10-18,42,2017
"15853",-1.92880007991507,2017-10-25,43,2017
"15860",-3.8490008494012,2017-11-01,44,2017
"15867",-8.97286983137852,2017-11-08,45,2017
"15874",-7.38964378244547,2017-11-15,46,2017
"15881",-8.5648439859936,2017-11-22,47,2017
"15888",-18.1139849463086,2017-11-29,48,2017
"15895",-7.3527158896639,2017-12-06,49,2017
"15902",-6.52371375376532,2017-12-13,50,2017
"15909",3.73125775105887,2017-12-20,51,2017
"15916",-1.56378662065074,2017-12-27,52,2017
"15923",0.321016865634947,2018-01-03,1,2018
"15930",-8.41016773249205,2018-01-10,2,2018
"15937",-22.4110506762697,2018-01-17,3,2018
"15944",-17.9572535589476,2018-01-24,4,2018
"15951",-13.3358179611991,2018-01-31,5,2018
"15958",14.7394694960165,2018-02-07,6,2018
"15965",8.3473092130431,2018-02-14,7,2018
"15972",10.4235321276957,2018-02-21,8,2018
"15979",-7.52898791202805,2018-02-28,9,2018
"15986",-5.46917559914966,2018-03-07,10,2018
"15993",-9.05361054527599,2018-03-14,11,2018
"16000",-9.09888243099593,2018-03-21,12,2018
"16007",-3.35942315793723,2018-03-28,13,2018
"16014",8.29582899622925,2018-04-04,14,2018
"16021",2.13747783332151,2018-04-11,15,2018
"16028",-2.11086155126356,2018-04-18,16,2018
"16035",-10.6092790044645,2018-04-25,17,2018
"16042",3.70348783809832,2018-05-02,18,2018
"16049",16.434306364495,2018-05-09,19,2018
"16056",5.99861375270139,2018-05-16,20,2018
"16063",-6.04741157931235,2018-05-23,21,2018
"16070",-14.4615528812711,2018-05-30,22,2018
"16077",8.563156799344,2018-06-06,23,2018
"16084",4.13528520962617,2018-06-13,24,2018
"16091",7.04931281823223,2018-06-20,25,2018
"16098",1.90999011117827,2018-06-27,26,2018
"16105",-9.35183928846385,2018-07-04,27,2018
"16112",-9.67781275381567,2018-07-11,28,2018
"16119",1.46616878633437,2018-07-18,29,2018
"16126",9.89535675299383,2018-07-25,30,2018
"16133",0.772764977341914,2018-08-01,31,2018
"16140",-4.51466110123097,2018-08-08,32,2018
"16147",7.87983379707619,2018-08-15,33,2018
"16154",-0.725738825511741,2018-08-22,34,2018
"16161",-1.07148566415906,2018-08-29,35,2018
"16168",-5.55281382920426,2018-09-05,36,2018
"16175",-1.29861676148562,2018-09-12,37,2018
"16182",-1.94238195934265,2018-09-19,38,2018
"16189",10.1211328433618,2018-09-26,39,2018
"16196",19.9094109368067,2018-10-03,40,2018
"16203",13.8150627010227,2018-10-10,41,2018
"16210",-4.43397974314902,2018-10-17,42,2018
"16217",1.59648984128934,2018-10-24,43,2018
"16224",13.0047733290272,2018-10-31,44,2018
"16231",-2.86111867559741,2018-11-07,45,2018
"16238",-6.41125382857583,2018-11-14,46,2018
"16245",3.98531720217336,2018-11-21,47,2018
"16252",10.3582787806841,2018-11-28,48,2018
"16259",21.1662395742647,2018-12-05,49,2018
"16266",1.09507318912798,2018-12-12,50,2018
"16273",-12.3987530116218,2018-12-19,51,2018
"16280",-10.0747047306846,2018-12-26,52,2018
"16287",-0.694133351847228,2019-01-02,1,2019
"16294",18.5537161967911,2019-01-09,2,2019
"16301",-10.506505228003,2019-01-16,3,2019
"16308",-16.4720234231247,2019-01-23,4,2019
"16315",-5.54047375588213,2019-01-30,5,2019
"16322",14.7967696548578,2019-02-06,6,2019
"16329",20.7922901258779,2019-02-13,7,2019
"16336",19.5058753135552,2019-02-20,8,2019
"16343",24.376377933724,2019-02-27,9,2019
"16350",-5.63874376099594,2019-03-06,10,2019
"16357",-10.8505723385459,2019-03-13,11,2019
"16364",5.93757028452695,2019-03-20,12,2019
"16371",3.15534274541991,2019-03-27,13,2019
"16378",-1.86627481125686,2019-04-03,14,2019
"16385",3.78261896105699,2019-04-10,15,2019
"16392",7.2526721163938,2019-04-17,16,2019
"16399",-6.31247037885138,2019-04-24,17,2019
"16406",-6.77506827340685,2019-05-01,18,2019
"16413",16.0330417767846,2019-05-08,19,2019
"16420",17.167663913303,2019-05-15,20,2019
"16427",12.4962221975825,2019-05-22,21,2019
"16434",3.55872108872203,2019-05-29,22,2019
"16441",-8.58343448540419,2019-06-05,23,2019
"16448",0.362646150338203,2019-06-12,24,2019
"16455",-1.56074133568621,2019-06-19,25,2019
"16462",5.57659639975966,2019-06-26,26,2019
"16469",12.9240743577578,2019-07-03,27,2019
"16476",8.6511765583055,2019-07-10,28,2019
"16483",9.21002146591818,2019-07-17,29,2019
"16490",6.9854191770808,2019-07-24,30,2019
"16497",1.91186896464619,2019-07-31,31,2019
"16504",0.823387332459723,2019-08-07,32,2019
"16511",11.3506621780662,2019-08-14,33,2019
"16518",3.68850456563333,2019-08-21,34,2019
"16525",0.324605210851376,2019-08-28,35,2019
"16532",10.2832783243112,2019-09-04,36,2019
"16539",12.7353829424951,2019-09-11,37,2019
"16546",20.1119853228714,2019-09-18,38,2019
"16553",23.3773756986093,2019-09-25,39,2019
"16560",15.9571246828034,2019-10-02,40,2019
"16567",12.7825273274269,2019-10-09,41,2019
"16574",11.9705753731752,2019-10-16,42,2019
"16581",14.9030228695125,2019-10-23,43,2019
"16588",3.66401463703762,2019-10-30,44,2019
"16595",-4.43038687414701,2019-11-06,45,2019
"16602",12.7669518712854,2019-11-13,46,2019
"16609",20.5537851768957,2019-11-20,47,2019
"16616",24.8136452067792,2019-11-27,48,2019
"16623",17.5370454687214,2019-12-04,49,2019
"16630",15.0563263645183,2019-12-11,50,2019
"16637",7.82392476566776,2019-12-18,51,2019
"16644",19.2740530629214,2019-12-25,52,2019
"16651",12.3603061838432,2020-01-01,1,2020
"16658",-5.05368187876829,2020-01-08,2,2020
"16665",15.8318446885087,2020-01-15,3,2020
"16672",40.0096221812712,2020-01-22,4,2020
"16679",19.5688358500338,2020-01-29,5,2020
"16686",-0.0207762337942898,2020-02-05,6,2020
"16693",1.00962564455629,2020-02-12,7,2020
"16700",17.0939232288879,2020-02-19,8,2020
"16707",22.577996236091,2020-02-26,9,2020
"16714",0.51837076908976,2020-03-04,10,2020
"16721",11.0317736177419,2020-03-11,11,2020
"16728",11.6399012790146,2020-03-18,12,2020
"16735",-9.12680834922332,2020-03-25,13,2020
"16742",5.65974674151775,2020-04-01,14,2020
"16749",15.1958659759876,2020-04-08,15,2020
"16756",10.5036787254289,2020-04-15,16,2020
"16763",4.72899568341172,2020-04-22,17,2020
"16770",-18.208496276191,2020-04-29,18,2020
"16777",-1.26404072381586,2020-05-06,19,2020
"16784",4.60370359364517,2020-05-13,20,2020
"16791",-10.2506859562036,2020-05-20,21,2020
"16798",2.8534066800486,2020-05-27,22,2020
"16805",4.59424539230671,2020-06-03,23,2020
"16812",-0.57501492119366,2020-06-10,24,2020
"16819",7.56293440542564,2020-06-17,25,2020
"16826",0.867106383509699,2020-06-24,26,2020
"16833",3.61746388376334,2020-07-01,27,2020
"16840",-1.02883934263744,2020-07-08,28,2020
"16847",4.73286122234728,2020-07-15,29,2020
"16854",10.3597202229763,2020-07-22,30,2020
"16861",-3.49152724345327,2020-07-29,31,2020
"16868",-4.60305481454509,2020-08-05,32,2020
"16875",7.12579759463559,2020-08-12,33,2020
"16882",17.2018476889136,2020-08-19,34,2020
"16889",14.2175408082353,2020-08-26,35,2020
"16896",-1.73775749182032,2020-09-02,36,2020
"16903",5.95744832520177,2020-09-09,37,2020
"16910",-1.99550165516955,2020-09-16,38,2020
"16917",3.17192711849091,2020-09-23,39,2020
"16924",-2.30134992013271,2020-09-30,40,2020
"16931",-12.999706638242,2020-10-07,41,2020
"16938",-12.2310265159139,2020-10-14,42,2020
"16945",-4.23348484441919,2020-10-21,43,2020
"16952",-3.34165037777045,2020-10-28,44,2020
"16959",-9.6206527911131,2020-11-04,45,2020
"16966",11.244903448163,2020-11-11,46,2020
"16973",6.94421213636201,2020-11-18,47,2020
"16980",-7.69980069164071,2020-11-25,48,2020
"16987",-6.45249138405854,2020-12-02,49,2020
"16994",8.51286189451326,2020-12-09,50,2020
"17001",-12.9159973384919,2020-12-16,51,2020
"17008",-4.92829652616812,2020-12-23,52,2020
"17015",-5.3429323511738,2020-12-30,53,2020
"17022",-11.094593368007,2021-01-06,1,2021
"17029",-12.518106087054,2021-01-13,2,2021
"17036",-2.84696803779826,2021-01-20,3,2021
"17043",-8.86862195489896,2021-01-27,4,2021
"17050",-13.685853083049,2021-02-03,5,2021
"17057",-1.89498355148584,2021-02-10,6,2021
"17064",-0.347751164254212,2021-02-17,7,2021
"17071",0.40659774722537,2021-02-24,8,2021
"17078",3.76671995428634,2021-03-03,9,2021
"17085",2.67769281639655,2021-03-10,10,2021
"17092",13.2137248295129,2021-03-17,11,2021
"17099",-12.3566200507366,2021-03-24,12,2021
"17106",-16.2664971899886,2021-03-31,13,2021
"17113",-6.9831650865083,2021-04-07,14,2021
