"","time","nino.anomaly","dmi.anomaly","tsa.anomaly","aao.anomaly","week","year"
"740",1996-01-03,-1.08419,0.304507,0.00500523,1.412857,1,1996
"741",1996-01-10,-1.0573,0.270448,0.0413032,0.277286,2,1996
"742",1996-01-17,-0.826813,0.071056,-0.0442532,1.502286,3,1996
"743",1996-01-24,-0.841284,0.401843,-0.129112,0.112286,4,1996
"744",1996-01-31,-0.963881,0.278619,0.295392,-2.866429,5,1996
"745",1996-02-07,-1.19709,0.528209,0.297932,-2.025429,6,1996
"746",1996-02-14,-1.00571,0.160342,0.257177,0.363857,7,1996
"747",1996-02-21,-1.05916,0.084015,0.432186,0.177714,8,1996
"748",1996-02-28,-0.673788,0.192179,0.44587,0.816714,9,1996
"749",1996-03-06,-0.883134,-0.114645,0.312055,0.931429,10,1996
"750",1996-03-13,-0.630663,-0.128592,-0.136134,0.181571,11,1996
"751",1996-03-20,-0.535172,-0.211598,0.407485,0.682714,12,1996
"752",1996-03-27,-0.649154,-0.499031,0.511233,0.253714,13,1996
"753",1996-04-03,-0.608173,-0.2806,0.357561,-0.318571,14,1996
"754",1996-04-10,-0.336329,-0.286771,0.644826,0.712143,15,1996
"755",1996-04-17,-0.496028,-0.446217,0.446744,-0.140286,16,1996
"756",1996-04-24,-0.206561,-0.142359,0.585498,-0.212429,17,1996
"757",1996-05-01,-0.439404,0.0244925,0.664895,0.789857,18,1996
"758",1996-05-08,-0.29842,-0.224856,0.290382,1.255714,19,1996
"759",1996-05-15,-0.594204,-0.1681,0.528061,1.394143,20,1996
"760",1996-05-22,-0.66467,-0.314499,0.655301,0.540143,21,1996
"761",1996-05-29,-0.467842,-0.169051,0.843546,0.685,22,1996
"762",1996-06-05,-0.400798,-0.192167,0.559146,1.044,23,1996
"763",1996-06-12,-0.419463,-0.0132935,0.703848,-0.745714,24,1996
"764",1996-06-19,-0.347701,-0.244452,0.572563,0.568143,25,1996
"765",1996-06-26,-0.197338,-0.565706,0.421827,-1.773857,26,1996
"766",1996-07-03,0.147278,-0.218089,0.615994,0.200571,27,1996
"767",1996-07-10,-0.215964,-0.0761807,0.720733,1.332571,28,1996
"768",1996-07-17,-0.198313,-0.858073,0.369965,-0.398571,29,1996
"769",1996-07-24,-0.276456,-1.01351,0.254199,-0.761143,30,1996
"770",1996-07-31,-0.496064,-0.781026,0.157248,-1.039143,31,1996
"771",1996-08-07,-0.346777,-0.595487,0.198316,-0.184286,32,1996
"772",1996-08-14,-0.419664,-0.975059,0.405469,-1.313714,33,1996
"773",1996-08-21,-0.324275,-0.969442,0.206253,-0.859571,34,1996
"774",1996-08-28,-0.299442,-1.11108,0.233584,-3.518429,35,1996
"775",1996-09-04,-0.409599,-0.39151,0.284408,-3.498571,36,1996
"776",1996-09-11,-0.54048,-0.143847,0.325403,-2.720143,37,1996
"777",1996-09-18,-0.321263,-0.169069,-0.0867138,-0.687857,38,1996
"778",1996-09-25,-0.467478,-0.964156,-0.206178,1.297286,39,1996
"779",1996-10-02,-0.575345,-1.47334,-0.118443,0.252429,40,1996
"780",1996-10-09,-0.564824,-1.10533,-0.105986,0.509286,41,1996
"781",1996-10-16,-0.444015,-1.40172,-0.173207,0.480571,42,1996
"782",1996-10-23,-0.541259,-1.40995,-0.0168323,3.012571,43,1996
"783",1996-10-30,-0.602288,-0.761998,0.0770026,-0.244571,44,1996
"784",1996-11-06,-0.611809,-0.600079,-0.149416,-0.788857,45,1996
"785",1996-11-13,-0.536612,-0.547346,-0.216774,-2.501143,46,1996
"786",1996-11-20,-0.37593,-0.612553,-0.19077,-2.176,47,1996
"787",1996-11-27,-0.486947,-0.997278,-0.290463,-1.163286,48,1996
"788",1996-12-04,-0.355126,-0.865748,-0.464012,-0.739429,49,1996
"789",1996-12-11,-0.524604,-0.184319,-0.509019,-0.620714,50,1996
"790",1996-12-18,-0.682611,-0.300611,0.0318171,0.248571,51,1996
"791",1996-12-25,-0.776417,-0.263714,-0.623678,0.551,52,1996
"792",1997-01-01,-0.836703,0.267687,-0.887215,1.046857,1,1997
"793",1997-01-08,-0.727171,-0.224061,-0.988473,1.067714,2,1997
"794",1997-01-15,-0.851445,-0.406621,-0.751855,0.638571,3,1997
"795",1997-01-22,-0.756641,-0.163034,-0.721466,-0.233857,4,1997
"796",1997-01-29,-0.480293,-0.150134,-0.570468,-0.808143,5,1997
"797",1997-02-05,-0.591888,0.0618476,-0.637648,-0.993714,6,1997
"798",1997-02-12,-0.388732,0.141151,-0.703334,0.191429,7,1997
"799",1997-02-19,-0.525192,0.335814,-0.81743,-0.057286,8,1997
"800",1997-02-26,-0.450309,0.077062,-0.847505,0.357571,9,1997
"801",1997-03-05,-0.47815,0.56594,-0.362564,0.677,10,1997
"802",1997-03-12,-0.443067,-0.00116097,-0.736088,1.234143,11,1997
"803",1997-03-19,0.0247091,0.2413,-1.00203,0.450143,12,1997
"804",1997-03-26,-0.145815,0.103632,-0.874866,0.252571,13,1997
"805",1997-04-02,-0.0804202,0.44206,-0.626668,-0.025143,14,1997
"806",1997-04-09,0.119436,0.450784,-0.964413,0.322571,15,1997
"807",1997-04-16,0.225714,-0.285007,-0.886147,-0.774429,16,1997
"808",1997-04-23,0.549423,0.16955,-0.801428,-0.892286,17,1997
"809",1997-04-30,0.500061,0.213575,-1.0666,-0.082714,18,1997
"810",1997-05-07,0.759996,0.236803,-0.984691,1.686571,19,1997
"811",1997-05-14,0.579671,-0.203419,-0.710466,0.640571,20,1997
"812",1997-05-21,0.692158,0.106012,-0.525099,0.664143,21,1997
"813",1997-05-28,0.965427,0.364327,-1.2865,1.161286,22,1997
"814",1997-06-04,1.02632,0.11186,-1.00025,-0.117143,23,1997
"815",1997-06-11,1.20228,-0.0853564,-0.868493,1.048857,24,1997
"816",1997-06-18,1.35358,-0.160479,-0.84403,-0.981286,25,1997
"817",1997-06-25,1.53716,0.666772,-0.855001,-1.825857,26,1997
"818",1997-07-02,1.49112,0.774218,-0.645706,0.251571,27,1997
"819",1997-07-09,1.54369,1.03262,-0.510179,1.183857,28,1997
"820",1997-07-16,1.70974,0.798407,-0.620093,0.758857,29,1997
"821",1997-07-23,1.64192,1.26405,-0.750222,0.666286,30,1997
"822",1997-07-30,1.78467,1.05682,-0.592514,0.491,31,1997
"823",1997-08-06,1.75953,1.10894,-0.577996,1.899429,32,1997
"824",1997-08-13,1.93456,0.769931,-0.676789,-0.126286,33,1997
"825",1997-08-20,2.01034,0.771208,-0.278744,0.065571,34,1997
"826",1997-08-27,1.96183,0.898768,-0.312005,1.289286,35,1997
"827",1997-09-03,2.03622,0.863635,-0.0335493,-0.069714,36,1997
"828",1997-09-10,2.11961,1.24419,-0.314009,0.608429,37,1997
"829",1997-09-17,2.14233,1.31195,-0.212875,0.643857,38,1997
"830",1997-09-24,2.17261,1.57217,-0.204507,-0.393571,39,1997
"831",1997-10-01,2.35756,2.09379,0.15709,-0.713714,40,1997
"832",1997-10-08,2.46203,2.4634,0.0818604,-1.875429,41,1997
"833",1997-10-15,2.41897,2.24999,0.445654,-0.580143,42,1997
"834",1997-10-22,2.52958,2.2272,0.553124,-0.025857,43,1997
"835",1997-10-29,2.47951,1.74521,0.533341,0.543571,44,1997
"836",1997-11-05,2.50181,2.33476,0.698204,-0.005857,45,1997
"837",1997-11-12,2.6216,2.41856,0.856998,-2.381429,46,1997
"838",1997-11-19,2.63088,2.49531,0.731106,-2.398714,47,1997
"839",1997-11-26,2.76585,2.05388,0.412241,-2.983571,48,1997
"840",1997-12-03,2.55414,1.62421,0.889407,-1.669429,49,1997
"841",1997-12-10,2.61353,0.819942,0.929034,-0.427571,50,1997
"842",1997-12-17,2.67184,1.24594,0.844439,-0.239857,51,1997
"843",1997-12-24,2.6341,0.88222,0.744409,-1.202286,52,1997
"844",1997-12-31,2.59108,0.725099,0.751472,-0.057,53,1997
"845",1998-01-07,2.5355,0.736096,0.789413,0.134857,1,1998
"846",1998-01-14,2.38882,0.8745,0.936752,0.262857,2,1998
"847",1998-01-21,2.31601,0.712366,0.649252,0.427857,3,1998
"848",1998-01-28,2.33982,0.18745,0.677774,0.719286,4,1998
"849",1998-02-04,2.41025,0.553245,0.502832,0.499429,5,1998
"850",1998-02-11,2.21936,-0.195231,0.368983,1.414571,6,1998
"851",1998-02-18,1.80005,0.728007,0.708683,-0.038143,7,1998
"852",1998-02-25,1.65876,0.481099,0.505922,-0.383286,8,1998
"853",1998-03-04,1.38804,0.322183,0.37643,-0.238143,9,1998
"854",1998-03-11,1.49878,-0.106616,0.395979,1.001571,10,1998
"855",1998-03-18,1.31633,-0.443672,0.482048,1.026286,11,1998
"856",1998-03-25,1.41222,-0.265683,0.414447,1.495857,12,1998
"857",1998-04-01,1.12342,0.203299,0.230784,0.389857,13,1998
"858",1998-04-08,0.940577,-0.0203202,0.335928,1.219714,14,1998
"859",1998-04-15,0.613989,-0.413671,0.395093,1.944857,15,1998
"860",1998-04-22,0.642515,-0.0762474,0.46079,2.858286,16,1998
"861",1998-04-29,0.785438,0.157917,0.512951,1.410714,17,1998
"862",1998-05-06,1.26477,0.378648,0.391004,-0.897286,18,1998
"863",1998-05-13,0.866807,0.253538,0.286999,-0.107571,19,1998
"864",1998-05-20,0.391861,-0.141761,0.345987,0.199143,20,1998
"865",1998-05-27,0.0474522,-0.302624,0.38535,0.468429,21,1998
"866",1998-06-03,-0.627211,-0.155602,0.311265,0.224286,22,1998
"867",1998-06-10,-0.857337,0.465267,0.389782,1.026286,23,1998
"868",1998-06-17,-0.997112,0.0832672,0.333123,1.474143,24,1998
"869",1998-06-24,-1.17422,-0.107611,0.451737,1.207,25,1998
"870",1998-07-01,-1.12462,-0.565457,0.509569,1.486429,26,1998
"871",1998-07-08,-1.21405,-0.654662,0.43705,2.205,27,1998
"872",1998-07-15,-1.42526,-0.775993,0.480267,1.464714,28,1998
"873",1998-07-22,-1.46734,-0.915943,0.548014,1.421714,29,1998
"874",1998-07-29,-1.44337,-0.916533,0.322877,0.273,30,1998
"875",1998-08-05,-1.4574,-0.519764,0.0573915,1.138857,31,1998
"876",1998-08-12,-1.46454,-1.05818,0.0593873,1.326286,32,1998
"877",1998-08-19,-1.66737,-0.906688,0.0566076,-0.851857,33,1998
"878",1998-08-26,-1.25251,-0.834945,0.104563,1.392143,34,1998
"879",1998-09-02,-1.22408,-0.603947,0.104007,1.662,35,1998
"880",1998-09-09,-0.89272,-0.746553,0.0410574,-1.102286,36,1998
"881",1998-09-16,-1.06787,-0.857632,0.0338298,-0.789286,37,1998
"882",1998-09-23,-1.27733,-0.795812,0.138585,0.106,38,1998
"883",1998-09-30,-1.67546,-1.19645,0.121639,0.365429,39,1998
"884",1998-10-07,-1.47673,-0.888328,-0.09145,0.894429,40,1998
"885",1998-10-14,-1.43748,-1.63683,0.111547,-0.388571,41,1998
"886",1998-10-21,-1.47536,-0.661635,-0.195367,-0.014857,42,1998
"887",1998-10-28,-1.23217,-0.838445,0.0610544,1.076,43,1998
"888",1998-11-04,-1.57778,-0.459639,0.143506,0.818,44,1998
"889",1998-11-11,-1.51264,-1.04936,0.358172,1.402857,45,1998
"890",1998-11-18,-1.45519,-0.719726,0.120932,1.007143,46,1998
"891",1998-11-25,-1.54803,-0.997167,0.0810373,-0.058,47,1998
"892",1998-12-02,-1.50922,-0.551929,-0.0224907,1.061286,48,1998
"893",1998-12-09,-1.80512,-0.844267,-0.123407,2.099429,49,1998
"894",1998-12-16,-1.89717,-0.247073,-0.0820839,1.846429,50,1998
"895",1998-12-23,-2.00297,-0.518829,-0.233532,1.120857,51,1998
"896",1998-12-30,-1.98968,-0.328271,-0.205225,0.362,52,1998
"897",1999-01-06,-1.96582,-0.0563904,-0.468333,1.226857,1,1999
"898",1999-01-13,-1.70103,-0.303138,-0.46342,1.457571,2,1999
"899",1999-01-20,-1.73986,-0.497357,-0.285105,0.537286,3,1999
"900",1999-01-27,-1.73499,-0.185755,-0.138259,0.805571,4,1999
"901",1999-02-03,-1.58993,-0.259239,-0.104205,0.790429,5,1999
"902",1999-02-10,-1.60769,0.0930547,-0.187456,0.839429,6,1999
"903",1999-02-17,-1.34185,0.18026,-0.224997,0.470143,7,1999
"904",1999-02-24,-1.29696,0.0931266,-0.192114,-0.224857,8,1999
"905",1999-03-03,-0.954432,0.397123,-0.108324,-0.784,9,1999
"906",1999-03-10,-1.07696,0.309361,0.0256962,1.281571,10,1999
"907",1999-03-17,-1.10011,0.131455,0.0815982,0.204,11,1999
"908",1999-03-24,-0.951006,0.331893,0.06424,-0.147571,12,1999
"909",1999-03-31,-1.05531,0.419432,-0.119222,0.605429,13,1999
"910",1999-04-07,-0.949405,0.40244,0.263307,1.031429,14,1999
"911",1999-04-14,-0.950871,0.131043,0.513297,0.508,15,1999
"912",1999-04-21,-0.8778,0.188853,0.454156,0.481714,16,1999
"913",1999-04-28,-0.817576,-0.0359814,0.233458,1.534714,17,1999
"914",1999-05-05,-0.864005,0.0547251,0.273583,1.221429,18,1999
"915",1999-05-12,-0.769257,-0.363893,0.335703,1.533571,19,1999
"916",1999-05-19,-0.997801,-0.752937,0.430304,2.398143,20,1999
"917",1999-05-26,-0.929375,-0.707959,0.24887,1.512857,21,1999
"918",1999-06-02,-1.11696,-0.645525,0.081808,0.635143,22,1999
"919",1999-06-09,-1.13131,-0.303321,0.127135,-0.516,23,1999
"920",1999-06-16,-1.08411,-0.355884,0.26456,-2.960429,24,1999
"921",1999-06-23,-1.04423,-0.241257,0.173529,-1.807,25,1999
"922",1999-06-30,-0.852176,0.189821,0.346665,-0.401,26,1999
"923",1999-07-07,-0.795096,-0.395664,0.204458,1.909143,27,1999
"924",1999-07-14,-0.914821,0.391831,0.555539,0.753286,28,1999
"925",1999-07-21,-0.990571,0.322172,0.50214,-1.219429,29,1999
"926",1999-07-28,-1.12738,-0.0911429,0.319148,-0.339429,30,1999
"927",1999-08-04,-1.0938,0.0490615,0.0349376,0.048286,31,1999
"928",1999-08-11,-1.373,-0.0367063,0.23329,-0.056857,32,1999
"929",1999-08-18,-1.46574,0.274271,0.305148,0.769,33,1999
"930",1999-08-25,-1.38213,0.0902687,0.16346,-0.476286,34,1999
"931",1999-09-01,-1.46371,0.223198,0.148042,0.066857,35,1999
"932",1999-09-08,-1.13775,0.398834,0.0258125,0.222857,36,1999
"933",1999-09-15,-1.09068,0.283499,-0.0605264,-0.439714,37,1999
"934",1999-09-22,-0.961855,-0.318335,-0.041968,0.023286,38,1999
"935",1999-09-29,-0.856173,-0.0884499,0.0100027,0.163286,39,1999
"936",1999-10-06,-1.1096,-0.181045,-0.00637056,2.224286,40,1999
"937",1999-10-13,-0.976793,-0.286953,0.0555103,1.034714,41,1999
"938",1999-10-20,-1.14709,-0.706254,0.189952,1.556,42,1999
"939",1999-10-27,-1.38859,-0.589067,0.127572,1.725429,43,1999
"940",1999-11-03,-1.34413,-0.488918,-0.0735499,1.604429,44,1999
"941",1999-11-10,-1.34577,-0.0232564,0.113299,-0.591,45,1999
"942",1999-11-17,-1.50867,-0.184472,0.140259,1.231429,46,1999
"943",1999-11-24,-1.97612,-0.204504,0.0182514,1.084143,47,1999
"944",1999-12-01,-1.77886,-0.90611,0.0251405,1.644714,48,1999
"945",1999-12-08,-1.49797,-0.211954,0.139871,2.611143,49,1999
"946",1999-12-15,-1.72209,0.053604,0.429571,1.195429,50,1999
"947",1999-12-22,-1.70759,0.155295,0.257867,1.311714,51,1999
"948",1999-12-29,-2.01827,0.093841,0.134035,1.760286,52,1999
"949",2000-01-05,-2.11739,0.0202243,-0.00196655,1.731714,1,2000
"950",2000-01-12,-1.98528,-0.307758,-0.00477646,1.145714,2,2000
"951",2000-01-19,-1.90546,0.369809,-0.0552557,1.269571,3,2000
"952",2000-01-26,-2.14858,-0.0092751,0.125665,1.224286,4,2000
"953",2000-02-02,-1.98869,0.238325,0.166115,-1.035143,5,2000
"954",2000-02-09,-1.65589,0.215459,0.122482,0.545,6,2000
"955",2000-02-16,-1.42143,0.498242,0.259379,1.694,7,2000
"956",2000-02-23,-1.70429,0.496994,0.363073,0.638571,8,2000
"957",2000-03-01,-1.57778,0.335007,0.24041,1.179857,9,2000
"958",2000-03-08,-1.46372,0.423245,0.103803,0.407,10,2000
"959",2000-03-15,-1.22602,0.815068,0.0494801,-0.458,11,2000
"960",2000-03-22,-1.13478,0.837022,0.0110237,-0.310714,12,2000
"961",2000-03-29,-0.735776,0.792458,0.103748,0.156286,13,2000
"962",2000-04-05,-0.634735,0.637952,0.0691182,1.161857,14,2000
"963",2000-04-12,-0.850616,0.629287,0.23353,0.858714,15,2000
"964",2000-04-19,-0.812798,0.277961,0.238217,-0.778,16,2000
"965",2000-04-26,-0.72095,0.447556,0.181571,-0.540429,17,2000
"966",2000-05-03,-0.750513,0.535958,0.151896,1.470429,18,2000
"967",2000-05-10,-0.771975,0.599523,0.0571716,2.495857,19,2000
"968",2000-05-17,-0.855773,-0.015384,0.260878,2.035857,20,2000
"969",2000-05-24,-0.715882,-0.00888446,0.214199,0.473857,21,2000
"970",2000-05-31,-0.583923,0.0984794,0.150157,-1.759714,22,2000
"971",2000-06-07,-0.688905,-0.200654,0.219395,-0.307286,23,2000
"972",2000-06-14,-0.620884,-0.422088,0.0889702,0.683286,24,2000
"973",2000-06-21,-0.584371,-0.260711,-0.0138468,0.108429,25,2000
"974",2000-06-28,-0.593481,-0.259232,-0.0390679,0.514286,26,2000
"975",2000-07-05,-0.554197,-0.0792652,-0.205603,1.032429,27,2000
"976",2000-07-12,-0.522184,0.000251351,-0.00742644,0.610571,28,2000
"977",2000-07-19,-0.52645,0.135447,-0.136273,-0.557429,29,2000
"978",2000-07-26,-0.692729,0.395132,-0.0194192,-0.679143,30,2000
"979",2000-08-02,-0.471029,0.378027,-0.100912,-1.244143,31,2000
"980",2000-08-09,-0.410067,0.36131,0.0961623,0.217,32,2000
"981",2000-08-16,-0.501,0.168139,0.315578,-0.310429,33,2000
"982",2000-08-23,-0.515789,0.115532,0.0137633,-1.129,34,2000
"983",2000-08-30,-0.456303,-0.135547,-0.118643,-1.884286,35,2000
"984",2000-09-06,-0.532962,-0.108835,-0.0559855,-4.355,36,2000
"985",2000-09-13,-0.665616,0.324774,-0.00918631,-2.062571,37,2000
"986",2000-09-20,-0.642854,0.586629,-0.0552976,-0.098,38,2000
"987",2000-09-27,-0.494608,0.0835156,-0.0450853,-0.025857,39,2000
"988",2000-10-04,-0.720218,-0.206482,0.007542,0.792571,40,2000
"989",2000-10-11,-0.738972,-0.0474574,-0.09591,-0.054286,41,2000
"990",2000-10-18,-0.853601,0.227186,0.0497761,-0.161429,42,2000
"991",2000-10-25,-0.843824,-0.217809,0.0837645,0.486429,43,2000
"992",2000-11-01,-1.13563,-0.142121,-0.0248763,0.025857,44,2000
"993",2000-11-08,-1.15341,-0.158657,0.0627769,-1.371429,45,2000
"994",2000-11-15,-0.782484,-0.188478,-0.152063,-1.552857,46,2000
"995",2000-11-22,-0.779997,-0.178369,-0.0879856,-1.619143,47,2000
"996",2000-11-29,-0.777457,-0.145166,-0.121768,-1.820286,48,2000
"997",2000-12-06,-1.08475,-0.336833,-0.299897,-0.730429,49,2000
"998",2000-12-13,-1.03628,0.0499102,-0.342285,-1.344571,50,2000
"999",2000-12-20,-1.04691,0.255783,-0.239059,-0.593286,51,2000
"1000",2000-12-27,-1.11041,-0.147551,-0.206528,-2.289571,52,2000
"1001",2001-01-03,-1.09541,0.0340503,-0.218271,-1.646286,1,2001
"1002",2001-01-10,-1.07654,0.183605,-0.145381,-0.813,2,2001
"1003",2001-01-17,-0.881503,0.214246,-0.239934,0.241143,3,2001
"1004",2001-01-24,-0.857012,0.213641,-0.0913637,0.306571,4,2001
"1005",2001-01-31,-0.763055,0.0189448,-0.148997,-0.569286,5,2001
"1006",2001-02-07,-0.852229,0.139993,-0.404615,-0.198286,6,2001
"1007",2001-02-14,-0.797062,0.889094,-0.149966,1.051286,7,2001
"1008",2001-02-21,-0.649374,0.803951,-0.154248,-0.891571,8,2001
"1009",2001-02-28,-0.584265,0.51736,-0.115795,-1.050286,9,2001
"1010",2001-03-07,-0.56327,0.770612,-0.101607,-1.176429,10,2001
"1011",2001-03-14,-0.454456,0.216516,-0.0779449,0.823429,11,2001
"1012",2001-03-21,-0.260859,0.584583,0.0958065,-1.306143,12,2001
"1013",2001-03-28,-0.455837,0.536061,0.0844745,-0.384571,13,2001
"1014",2001-04-04,-0.346886,0.357638,0.0804697,-0.35,14,2001
"1015",2001-04-11,-0.124611,0.184953,0.159642,0.467429,15,2001
"1016",2001-04-18,-0.181781,0.248335,0.119388,1.154429,16,2001
"1017",2001-04-25,-0.279545,0.225151,0.169743,0.423143,17,2001
"1018",2001-05-02,-0.38834,0.583939,0.295633,1.463286,18,2001
"1019",2001-05-09,-0.286682,-0.201766,0.328299,-0.350714,19,2001
"1020",2001-05-16,-0.407967,-0.288058,0.335415,0.366714,20,2001
"1021",2001-05-23,-0.157948,-0.148248,0.469288,-2.327571,21,2001
"1022",2001-05-30,-0.106259,-0.378372,0.345404,-0.002429,22,2001
"1023",2001-06-06,0.0439756,0.489149,0.171283,0.944714,23,2001
"1024",2001-06-13,-0.0300106,-0.633139,0.0691534,-0.238286,24,2001
"1025",2001-06-20,0.0859369,0.258752,0.102477,0.058143,25,2001
"1026",2001-06-27,0.0737194,-0.429223,0.289344,0.962857,26,2001
"1027",2001-07-04,0.0389137,0.160879,0.035294,0.649286,27,2001
"1028",2001-07-11,0.00128172,-0.976995,-0.13791,-1.155143,28,2001
"1029",2001-07-18,0.0669147,-0.918147,-0.202327,-3.271714,29,2001
"1030",2001-07-25,-0.0114544,-0.548187,-0.213468,-0.037857,30,2001
"1031",2001-08-01,0.0656519,-0.277636,-0.00955662,1.071571,31,2001
"1032",2001-08-08,0.0489554,-0.564562,-0.077704,1.442143,32,2001
"1033",2001-08-15,-0.0725859,-0.860265,-0.0618021,1.572857,33,2001
"1034",2001-08-22,-0.0539741,-0.615711,-0.128344,-0.491857,34,2001
"1035",2001-08-29,-0.228792,-0.57879,-0.337364,0.023286,35,2001
"1036",2001-09-05,-0.165115,-0.159734,-0.330019,0.532571,36,2001
"1037",2001-09-12,-0.21086,-0.354523,-0.144534,0.560143,37,2001
"1038",2001-09-19,-0.243409,-0.496492,-0.193321,1.432143,38,2001
"1039",2001-09-26,-0.313104,-0.692111,-0.246722,1.921,39,2001
"1040",2001-10-03,-0.270441,-0.299351,-0.128312,3.205714,40,2001
"1041",2001-10-10,-0.268052,-0.316318,-0.0531573,1.588857,41,2001
"1042",2001-10-17,-0.142164,-0.800605,0.0450573,0.513714,42,2001
"1043",2001-10-24,-0.124975,-0.487128,-0.11411,0.247,43,2001
"1044",2001-10-31,-0.122102,-0.0243107,0.0250121,0.241571,44,2001
"1045",2001-11-07,-0.151964,0.341443,-0.00984697,1.348286,45,2001
"1046",2001-11-14,-0.14721,-0.114461,-0.0450634,0.938,46,2001
"1047",2001-11-21,-0.391398,0.255601,-0.116516,0.697857,47,2001
"1048",2001-11-28,-0.353279,0.135435,-0.201594,1.501286,48,2001
"1049",2001-12-05,-0.527755,-0.0862437,-0.212444,2.532,49,2001
"1050",2001-12-12,-0.482464,0.790691,-0.25158,2.483286,50,2001
"1051",2001-12-19,-0.47374,0.0559079,-0.349858,1.493714,51,2001
"1052",2001-12-26,-0.415009,-0.00312278,-0.465639,-0.103143,52,2001
"1053",2002-01-02,-0.463118,-0.198812,-0.487841,-0.410571,1,2002
"1054",2002-01-09,-0.199154,-0.39011,-0.269886,-0.283714,2,2002
"1055",2002-01-16,-0.2311,-0.0773406,-0.212706,0.546143,3,2002
"1056",2002-01-23,-0.0683979,-0.368065,-0.364978,1.584571,4,2002
"1057",2002-01-30,-0.0389102,-0.52003,-0.356326,1.778429,5,2002
"1058",2002-02-06,0.177769,0.15201,-0.383522,2.052857,6,2002
"1059",2002-02-13,0.233018,0.353921,-0.383103,1.404714,7,2002
"1060",2002-02-20,-0.0404809,0.0787975,-0.450977,0.870143,8,2002
"1061",2002-02-27,0.0563839,0.463825,-0.340665,0.120429,9,2002
"1062",2002-03-06,0.0442899,-0.63222,-0.199498,-0.991571,10,2002
"1063",2002-03-13,0.0292368,-0.398202,0.02966,-1.930857,11,2002
"1064",2002-03-20,0.0541319,-0.152587,0.0020623,-2.786857,12,2002
"1065",2002-03-27,-0.0253807,-0.280479,0.0548192,-1.712286,13,2002
"1066",2002-04-03,0.156906,0.0126517,0.183471,0.027429,14,2002
"1067",2002-04-10,0.258982,-0.160674,0.159791,0.480429,15,2002
"1068",2002-04-17,0.10885,-0.518476,0.253913,0.197857,16,2002
"1069",2002-04-24,0.188171,-0.194449,0.199956,0.060714,17,2002
"1070",2002-05-01,0.147388,-0.363811,0.364712,-1.355714,18,2002
"1071",2002-05-08,0.140125,-0.35625,0.436116,-2.832857,19,2002
"1072",2002-05-15,0.0896554,-0.482568,0.299618,-2.220714,20,2002
"1073",2002-05-22,0.385512,-0.153308,0.182295,-2.298714,21,2002
"1074",2002-05-29,0.630943,-0.394579,0.282833,-3.907571,22,2002
"1075",2002-06-05,0.880693,-0.347476,0.13527,-2.147429,23,2002
"1076",2002-06-12,0.879991,-0.0751982,-0.0528024,-2.464429,24,2002
"1077",2002-06-19,0.749465,-0.175047,0.0206402,-0.476429,25,2002
"1078",2002-06-26,0.675086,-0.621686,-0.0435789,0.849286,26,2002
"1079",2002-07-03,0.591655,-0.213818,-0.193652,-0.074429,27,2002
"1080",2002-07-10,0.612804,-0.637361,-0.183911,-2.228,28,2002
"1081",2002-07-17,0.734371,-0.334721,-0.146459,-0.864286,29,2002
"1082",2002-07-24,0.731501,-0.547258,-0.154413,-0.038,30,2002
"1083",2002-07-31,0.800222,-0.408503,-0.118563,1.285429,31,2002
"1084",2002-08-07,0.77698,-0.379839,0.223815,0.115143,32,2002
"1085",2002-08-14,0.840045,-0.361916,-0.0647683,-0.291143,33,2002
"1086",2002-08-21,0.907244,-0.502754,-0.502403,-0.459,34,2002
"1087",2002-08-28,0.948083,-0.241121,-0.7804,-0.366286,35,2002
"1088",2002-09-04,0.879478,0.400037,-0.340331,-0.267,36,2002
"1089",2002-09-11,0.98398,0.956416,-0.301684,-0.966,37,2002
"1090",2002-09-18,1.1024,0.562286,-0.329675,-0.526571,38,2002
"1091",2002-09-25,1.13929,0.425678,-0.132611,-1.621143,39,2002
"1092",2002-10-02,1.19152,0.754477,-0.214127,-1.448857,40,2002
"1093",2002-10-09,1.09647,0.641948,-0.143356,-2.431143,41,2002
"1094",2002-10-16,1.09554,0.390082,-0.153484,-2.886286,42,2002
"1095",2002-10-23,1.45927,0.76175,0.0556483,-2.624429,43,2002
"1096",2002-10-30,1.58399,0.507524,-0.0925683,-2.694714,44,2002
"1097",2002-11-06,1.52536,0.835947,-0.292829,-1.948143,45,2002
"1098",2002-11-13,1.62938,0.159096,-0.339308,-1.859571,46,2002
"1099",2002-11-20,1.62075,0.0683004,-0.415327,-0.240143,47,2002
"1100",2002-11-27,1.50859,-0.191744,-0.406276,1.145,48,2002
"1101",2002-12-04,1.58087,-0.422935,-0.108177,1.810286,49,2002
"1102",2002-12-11,1.41773,-0.45128,-0.200749,1.922857,50,2002
"1103",2002-12-18,1.45405,-0.357892,0.0226034,1.172429,51,2002
"1104",2002-12-25,1.37784,-0.044116,0.134631,0.370571,52,2002
"1105",2003-01-01,1.40106,-0.169592,0.0989986,0.296857,1,2003
"1106",2003-01-08,1.21509,-0.208283,0.127521,-0.448143,2,2003
"1107",2003-01-15,1.04396,-0.593519,0.177622,-1.288857,3,2003
"1108",2003-01-22,1.04291,-0.0870572,0.26556,-1.958143,4,2003
"1109",2003-01-29,0.752007,-0.0378011,0.248575,-0.404714,5,2003
"1110",2003-02-05,0.518753,0.133534,0.230014,0.315857,6,2003
"1111",2003-02-12,0.593393,-0.577675,0.36758,-0.203857,7,2003
"1112",2003-02-19,0.784083,0.366135,0.466297,-0.945571,8,2003
"1113",2003-02-26,0.66017,0.482361,0.660062,-0.894286,9,2003
"1114",2003-03-05,0.542077,0.362284,0.594286,-1.190143,10,2003
"1115",2003-03-12,0.51965,0.314442,0.660553,-0.700857,11,2003
"1116",2003-03-19,0.696869,0.515122,0.31685,0.32,12,2003
"1117",2003-03-26,0.407675,0.110401,0.423925,0.887571,13,2003
"1118",2003-04-02,0.274203,0.160102,0.411628,0.361571,14,2003
"1119",2003-04-09,0.120162,0.300262,0.317185,-0.334,15,2003
"1120",2003-04-16,0.0461938,0.0710527,0.247162,0.904143,16,2003
"1121",2003-04-23,-0.047829,0.243199,0.195081,0.320143,17,2003
"1122",2003-04-30,-0.181496,0.394429,0.199125,-0.528167,18,2003
"1123",2003-05-07,-0.491755,0.180118,0.266316,0.032286,19,2003
"1124",2003-05-14,-0.560871,0.118466,0.0405488,1.763429,20,2003
"1125",2003-05-21,-0.622227,-0.0945875,-0.0356158,0.450571,21,2003
"1126",2003-05-28,-0.47226,0.677886,0.0298484,-0.520571,22,2003
"1127",2003-06-04,-0.37386,0.603556,-0.0933972,-0.881,23,2003
"1128",2003-06-11,-0.268503,0.525843,-0.410343,-0.559143,24,2003
"1129",2003-06-18,-0.124783,0.702419,-0.0904085,-1.313714,25,2003
"1130",2003-06-25,0.0039406,1.07639,0.243953,-0.53,26,2003
"1131",2003-07-02,0.0810602,0.202861,0.116605,-0.534714,27,2003
"1132",2003-07-09,0.198804,0.395346,0.407134,-0.640286,28,2003
"1133",2003-07-16,0.225377,0.616185,0.219373,1.691571,29,2003
"1134",2003-07-23,0.118609,0.841732,0.221315,2.299286,30,2003
"1135",2003-07-30,0.00353368,0.640982,0.383369,0.652286,31,2003
"1136",2003-08-06,-0.0437852,0.367893,0.474007,1.584429,32,2003
"1137",2003-08-13,-0.0257874,0.513506,0.440074,1.140143,33,2003
"1138",2003-08-20,-0.160598,0.943551,0.493374,-0.235429,34,2003
"1139",2003-08-27,-0.148953,0.368195,0.371008,-0.011286,35,2003
"1140",2003-09-03,0.0882006,0.173244,0.401915,0.222571,36,2003
"1141",2003-09-10,-0.0145817,0.0780932,0.264673,-0.553286,37,2003
"1142",2003-09-17,0.100035,0.876408,0.402473,0.167143,38,2003
"1143",2003-09-24,0.367957,0.864747,0.338539,-0.704143,39,2003
"1144",2003-10-01,0.488653,-0.320333,0.428107,-1.572,40,2003
"1145",2003-10-08,0.611405,-0.291403,0.369388,-0.570143,41,2003
"1146",2003-10-15,0.302349,-0.121367,0.330407,1.129857,42,2003
"1147",2003-10-22,0.307731,0.133356,0.411893,1.274286,43,2003
"1148",2003-10-29,0.403379,0.328401,0.420724,-0.845286,44,2003
"1149",2003-11-05,0.303803,-0.254329,0.518503,-0.854,45,2003
"1150",2003-11-12,0.231602,-0.38311,0.510326,-1.062429,46,2003
"1151",2003-11-19,0.371294,0.0920616,0.380387,0.664571,47,2003
"1152",2003-11-26,0.494363,-0.0835027,0.451354,-1.404429,48,2003
"1153",2003-12-03,0.443785,0.466903,0.337991,-0.875857,49,2003
"1154",2003-12-10,0.33801,0.497188,0.5338,-1.611571,50,2003
"1155",2003-12-17,0.206997,0.211196,0.439579,-1.880286,51,2003
"1156",2003-12-24,0.166802,-0.389652,0.559549,-1.026571,52,2003
"1157",2003-12-31,0.0520733,-0.363327,0.33319,-0.256857,53,2003
"1158",2004-01-07,-0.0798062,-0.354947,0.221785,0.835429,1,2004
"1159",2004-01-14,-0.0834238,-0.411487,0.297162,0.922143,2,2004
"1160",2004-01-21,0.260045,-0.416907,0.19958,1.292714,3,2004
"1161",2004-01-28,0.140536,-0.192049,0.300804,0.173,4,2004
"1162",2004-02-04,0.0247721,-0.000325175,0.0905729,-0.766286,5,2004
"1163",2004-02-11,0.0301217,-0.00738992,-0.03007,-0.588286,6,2004
"1164",2004-02-18,0.0149392,-0.0185612,-0.0796018,-1.544857,7,2004
"1165",2004-02-25,0.00990434,-0.059582,-0.119777,-1.728714,8,2004
"1166",2004-03-03,-0.164604,0.109646,-0.182444,0.495714,9,2004
"1167",2004-03-10,-0.310412,0.730151,-0.162522,2.383286,10,2004
"1168",2004-03-17,-0.218846,0.459945,-0.284585,0.402286,11,2004
"1169",2004-03-24,-0.167391,0.413856,-0.39321,-1.760143,12,2004
"1170",2004-03-31,-0.0674447,0.234624,-0.411847,0.491857,13,2004
"1171",2004-04-07,0.00304906,-0.260481,-0.509546,0.205857,14,2004
"1172",2004-04-14,0.0353833,-0.153837,-0.56451,0.323143,15,2004
"1173",2004-04-21,0.132912,-0.156416,-0.415244,-0.717857,16,2004
"1174",2004-04-28,0.230995,-0.0627834,-0.501536,0.568429,17,2004
"1175",2004-05-05,0.0521984,-0.0697099,-0.335672,0.981857,18,2004
"1176",2004-05-12,0.065738,-0.58896,-0.472958,-0.154714,19,2004
"1177",2004-05-19,0.30892,-0.424641,-0.474959,-0.180571,20,2004
"1178",2004-05-26,0.273668,0.00663756,-0.301946,0.792571,21,2004
"1179",2004-06-02,0.276566,-0.326315,-0.136753,1.784714,22,2004
"1180",2004-06-09,0.303552,-0.827221,-0.278178,1.496857,23,2004
"1181",2004-06-16,0.124745,-0.451405,-0.386777,0.288286,24,2004
"1182",2004-06-23,-0.0519674,-0.43003,-0.36921,0.974714,25,2004
"1183",2004-06-30,-0.147224,-0.354899,-0.333971,0.621571,26,2004
"1184",2004-07-07,0.209691,-0.0964532,-0.362641,0.295429,27,2004
"1185",2004-07-14,0.372502,-0.290983,-0.0628392,1.040429,28,2004
"1186",2004-07-21,0.517339,-0.609529,0.0475794,2.951429,29,2004
"1187",2004-07-28,0.742556,-0.758148,0.0467509,2.222286,30,2004
"1188",2004-08-04,0.739318,-0.650949,-0.0408923,0.722286,31,2004
"1189",2004-08-11,0.647941,0.000436334,0.102694,-0.548714,32,2004
"1190",2004-08-18,0.489311,0.0961494,0.00806659,0.295143,33,2004
"1191",2004-08-25,0.590004,0.37073,-0.0316372,-1.208714,34,2004
"1192",2004-09-01,0.601807,0.139989,0.298093,0.611857,35,2004
"1193",2004-09-08,0.580987,0.498802,0.150978,1.530286,36,2004
"1194",2004-09-15,0.681299,0.00436689,0.229077,1.089429,37,2004
"1195",2004-09-22,0.797328,-0.0867787,0.0156096,-1.237857,38,2004
"1196",2004-09-29,0.766571,0.195094,0.157135,-0.729143,39,2004
"1197",2004-10-06,0.591365,0.21515,-0.122017,-0.382714,40,2004
"1198",2004-10-13,0.533969,0.354061,-0.262416,-0.875571,41,2004
"1199",2004-10-20,0.618118,-0.155332,-0.188871,1.094857,42,2004
"1200",2004-10-27,0.639445,-0.0123052,-0.221307,0.173571,43,2004
"1201",2004-11-03,0.535346,-0.0963458,-0.213214,1.178857,44,2004
"1202",2004-11-10,0.550738,0.129979,-0.133358,0.371571,45,2004
"1203",2004-11-17,0.627336,0.257161,-0.0449403,-0.403714,46,2004
"1204",2004-11-24,0.664085,0.0747296,0.0834089,-0.993,47,2004
"1205",2004-12-01,0.742727,-0.325871,0.176056,-1.663857,48,2004
"1206",2004-12-08,0.740465,0.097747,0.240637,-0.477714,49,2004
"1207",2004-12-15,0.688528,0.321642,0.109845,-2.161857,50,2004
"1208",2004-12-22,0.665332,0.310434,0.227999,-1.331571,51,2004
"1209",2004-12-29,0.521611,-0.213646,0.173675,0.410571,52,2004
"1210",2005-01-05,0.445871,-0.285587,0.339348,-0.06,1,2005
"1211",2005-01-12,0.446686,0.0548291,0.448601,-0.349429,2,2005
"1212",2005-01-19,0.435388,-0.612062,0.460276,-0.202,3,2005
"1213",2005-01-26,0.405148,0.0524243,0.608661,-0.277857,4,2005
"1214",2005-02-02,0.112119,-0.826853,0.616269,1.576143,5,2005
"1215",2005-02-09,0.17837,-0.826797,0.43414,0.809714,6,2005
"1216",2005-02-16,0.179568,-1.0469,0.618302,2.047,7,2005
"1217",2005-02-23,0.0223879,-1.16207,0.491205,0.723714,8,2005
"1218",2005-03-02,-0.0631366,-0.837554,0.592381,-0.160857,9,2005
"1219",2005-03-09,0.0522622,-0.773823,0.441445,-0.878714,10,2005
"1220",2005-03-16,0.344079,-0.959385,0.313718,0.865857,11,2005
"1221",2005-03-23,0.450735,-0.737573,0.466065,0.741,12,2005
"1222",2005-03-30,0.491472,0.167628,0.311056,0.066857,13,2005
"1223",2005-04-06,0.30846,0.182347,0.29982,0.910143,14,2005
"1224",2005-04-13,0.103228,0.13639,-0.21083,1.156857,15,2005
"1225",2005-04-20,0.315367,0.0972139,0.0548009,-0.429714,16,2005
"1226",2005-04-27,0.426236,0.606948,-0.0988829,-0.434286,17,2005
"1227",2005-05-04,0.373831,-0.0993364,0.0447275,0.224143,18,2005
"1228",2005-05-11,0.311373,0.00697158,-0.254191,-1.171429,19,2005
"1229",2005-05-18,0.340112,0.467337,-0.433668,-0.686714,20,2005
"1230",2005-05-25,0.330059,0.553677,-0.308452,0.416286,21,2005
"1231",2005-06-01,0.271858,0.372831,-0.537362,-0.678286,22,2005
"1232",2005-06-08,0.383766,-0.129035,-0.51955,-0.543857,23,2005
"1233",2005-06-15,0.384908,-0.105711,-0.499258,-1.392571,24,2005
"1234",2005-06-22,0.454955,-0.574593,-0.547028,-1.791857,25,2005
"1235",2005-06-29,0.479046,-0.210684,-0.38238,-1.685857,26,2005
"1236",2005-07-06,0.357884,-0.419781,-0.482994,1.294857,27,2005
"1237",2005-07-13,0.250386,-0.903077,-0.380024,-0.264429,28,2005
"1238",2005-07-20,0.100915,-0.544039,-0.323301,-0.299429,29,2005
"1239",2005-07-27,-0.0175261,-0.587852,-0.275539,-1.751286,30,2005
"1240",2005-08-03,-0.166161,-0.459259,-0.119102,0.370143,31,2005
"1241",2005-08-10,-0.11327,-0.30544,-0.107187,0.886143,32,2005
"1242",2005-08-17,0.101909,-0.0606247,-0.166481,-0.717,33,2005
"1243",2005-08-24,0.0389931,0.0440859,-0.131235,0.148286,34,2005
"1244",2005-08-31,-0.169136,-0.265574,-0.297916,0.815143,35,2005
"1245",2005-09-07,-0.304536,-0.665388,-0.198385,-0.361857,36,2005
"1246",2005-09-14,-0.335376,-0.707621,-0.150737,-0.506286,37,2005
"1247",2005-09-21,0.0442194,-0.737254,0.0132079,0.442571,38,2005
"1248",2005-09-28,-0.0361292,-0.426677,-0.0423748,0.995714,39,2005
"1249",2005-10-05,0.131716,-0.443503,-0.100352,1.284143,40,2005
"1250",2005-10-12,0.133179,-0.238988,-0.152741,-0.395714,41,2005
"1251",2005-10-19,-0.129596,-0.54324,0.0654736,-0.873714,42,2005
"1252",2005-10-26,-0.144,-0.27141,0.0227813,-0.421429,43,2005
"1253",2005-11-02,-0.28625,-0.122717,0.0971999,0.798714,44,2005
"1254",2005-11-09,-0.431392,-0.544601,-0.0129005,0.619286,45,2005
"1255",2005-11-16,-0.212035,0.0125782,-0.136869,-1.145429,46,2005
"1256",2005-11-23,-0.347997,0.167456,-0.119844,-1.644429,47,2005
"1257",2005-11-30,-0.590316,-0.200753,-0.121371,-1.252286,48,2005
"1258",2005-12-07,-0.662361,-0.333709,-0.170908,-2.086,49,2005
"1259",2005-12-14,-0.786055,0.0126294,-0.101027,-1.314571,50,2005
"1260",2005-12-21,-0.839796,-0.0741981,-0.0548536,-2.741143,51,2005
"1261",2005-12-28,-0.778,-0.867273,-0.196882,-1.482429,52,2005
"1262",2006-01-04,-0.818541,-0.342346,-0.261153,-0.074286,1,2006
"1263",2006-01-11,-0.973616,-0.111213,-0.280559,0.447143,2,2006
"1264",2006-01-18,-1.1908,0.166385,-0.195526,0.015429,3,2006
"1265",2006-01-25,-1.24447,-0.29169,-0.133572,0.820143,4,2006
"1266",2006-02-01,-0.954553,-0.0274645,0.0326825,-0.029857,5,2006
"1267",2006-02-08,-0.824719,-0.24085,-0.0214093,0.714,6,2006
"1268",2006-02-15,-0.677374,-1.08837,0.193945,0.109857,7,2006
"1269",2006-02-22,-0.610968,-0.623724,0.307123,-0.721143,8,2006
"1270",2006-03-01,-0.934705,-0.214091,0.592774,-1.271857,9,2006
"1271",2006-03-08,-0.775502,-0.727282,0.50131,-0.73,10,2006
"1272",2006-03-15,-0.778789,-0.34282,0.44482,0.307429,11,2006
"1273",2006-03-22,-0.650733,0.0802915,0.187933,1.336429,12,2006
"1274",2006-03-29,-0.504512,0.506465,0.292652,1.61,13,2006
"1275",2006-04-05,-0.321412,0.641166,0.249015,-0.336286,14,2006
"1276",2006-04-12,-0.0270469,0.235436,0.398041,-1.307714,15,2006
"1277",2006-04-19,-0.164195,0.127911,0.2919,0.771143,16,2006
"1278",2006-04-26,-0.129611,0.256706,0.175113,-0.149286,17,2006
"1279",2006-05-03,-0.142706,0.302909,0.29197,1.034571,18,2006
"1280",2006-05-10,-0.100729,-0.0484232,0.156078,1.84,19,2006
"1281",2006-05-17,0.158025,0.379738,0.302145,1.511857,20,2006
"1282",2006-05-24,0.114469,0.389557,0.367583,2.467286,21,2006
"1283",2006-05-31,0.212662,-0.183275,0.466053,0.673286,22,2006
"1284",2006-06-07,0.264117,-0.0384741,0.356653,0.951,23,2006
"1285",2006-06-14,0.259027,0.155698,0.507329,-1.387,24,2006
"1286",2006-06-21,0.180144,0.0816422,0.333873,-0.138429,25,2006
"1287",2006-06-28,0.0547558,-0.398131,0.487416,2.583714,26,2006
"1288",2006-07-05,0.0290584,-0.492269,0.308345,1.302,27,2006
"1289",2006-07-12,-0.0386134,0.0379557,0.334487,1.153,28,2006
"1290",2006-07-19,0.047349,-0.0679042,0.347526,1.484429,29,2006
"1291",2006-07-26,0.154412,0.263206,0.210337,0.018286,30,2006
"1292",2006-08-02,0.165114,-0.212783,0.200966,-1.963714,31,2006
"1293",2006-08-09,0.115375,0.143725,0.272183,-2.870143,32,2006
"1294",2006-08-16,0.276276,0.485101,0.091405,-2.651857,33,2006
"1295",2006-08-23,0.421898,0.684053,0.161176,-1.033429,34,2006
"1296",2006-08-30,0.481663,1.33856,0.185402,1.280286,35,2006
"1297",2006-09-06,0.565431,1.49068,0.213119,2.326143,36,2006
"1298",2006-09-13,0.561925,1.37653,0.202951,0.545714,37,2006
"1299",2006-09-20,0.656586,1.27465,0.0485788,-3.211571,38,2006
"1300",2006-09-27,0.470289,1.07423,0.120429,-1.594714,39,2006
"1301",2006-10-04,0.433928,1.3923,0.0806819,-1.048429,40,2006
"1302",2006-10-11,0.743234,1.4133,0.0195626,0.681143,41,2006
"1303",2006-10-18,0.692861,1.55178,0.198573,1.429,42,2006
"1304",2006-10-25,0.846125,1.56784,0.0348425,2.201571,43,2006
"1305",2006-11-01,0.834306,1.60135,0.11152,0.974,44,2006
"1306",2006-11-08,0.871791,1.45581,0.0918375,0.215571,45,2006
"1307",2006-11-15,1.10927,1.61058,0.107509,0.175714,46,2006
"1308",2006-11-22,1.15627,0.997714,-0.0989671,-0.016571,47,2006
"1309",2006-11-29,1.16238,0.797207,0.1302,-0.393857,48,2006
"1310",2006-12-06,1.20731,0.835707,0.208723,0.305143,49,2006
"1311",2006-12-13,1.16201,0.53916,0.180911,0.882429,50,2006
"1312",2006-12-20,1.09967,0.166372,0.0468664,0.528429,51,2006
"1313",2006-12-27,1.06251,0.174071,0.112759,0.808571,52,2006
"1314",2007-01-03,0.805993,0.665681,0.135752,1.255857,1,2007
"1315",2007-01-10,0.799693,0.168899,0.0196776,0.3,2,2007
"1316",2007-01-17,0.475033,-0.0865601,0.0645796,-0.768857,3,2007
"1317",2007-01-24,0.391177,0.195253,0.229753,-0.536857,4,2007
"1318",2007-01-31,0.25032,-0.297983,0.355351,-0.721286,5,2007
"1319",2007-02-07,0.0757015,0.385208,0.318328,0.062714,6,2007
"1320",2007-02-14,-0.111704,-0.438432,0.0336668,-0.398714,7,2007
"1321",2007-02-21,-0.151914,-0.0788623,-0.100802,0.643,8,2007
"1322",2007-02-28,-0.103326,0.0649423,0.0164688,-0.346286,9,2007
"1323",2007-03-07,-0.229399,0.330885,-0.122514,-0.279857,10,2007
"1324",2007-03-14,0.0315713,0.125037,-0.02818,-1.672286,11,2007
"1325",2007-03-21,-0.141722,0.85777,0.160944,-0.072,12,2007
"1326",2007-03-28,-0.069763,0.28965,0.241376,0.141714,13,2007
"1327",2007-04-04,-0.0869314,0.535364,0.158035,-0.635857,14,2007
"1328",2007-04-11,0.115025,0.385397,0.309588,-0.899714,15,2007
"1329",2007-04-18,0.0993456,0.0801795,0.13806,-0.676857,16,2007
"1330",2007-04-25,-0.010627,0.573953,0.251428,-1.18,17,2007
"1331",2007-05-02,-0.12893,0.536758,-0.0256294,-2.404,18,2007
"1332",2007-05-09,-0.441018,0.813441,0.173102,-0.651571,19,2007
"1333",2007-05-16,-0.44807,0.567546,0.19003,0.012714,20,2007
"1334",2007-05-23,-0.206898,0.250181,0.108923,0.096714,21,2007
"1335",2007-05-30,-0.208019,0.292297,0.311298,-0.375857,22,2007
"1336",2007-06-06,-0.169356,0.206712,0.295845,-0.451286,23,2007
"1337",2007-06-13,0.0512664,0.614285,0.292342,-0.690429,24,2007
"1338",2007-06-20,-0.0453985,0.689915,0.187535,-1.792286,25,2007
"1339",2007-06-27,-0.193843,0.0957244,0.00483479,-2.224286,26,2007
"1340",2007-07-04,-0.487679,-0.201667,-0.0111967,-2.83,27,2007
"1341",2007-07-11,-0.559939,0.41397,0.0668231,-1.451286,28,2007
"1342",2007-07-18,-0.365107,0.375327,0.0924919,-1.693857,29,2007
"1343",2007-07-25,-0.55779,0.558181,0.049448,-3.868429,30,2007
"1344",2007-08-01,-0.675648,0.478018,-0.0782446,-2.424429,31,2007
"1345",2007-08-08,-0.765543,0.012603,-0.146302,-0.553571,32,2007
"1346",2007-08-15,-0.651642,0.384632,-0.0439511,1.365,33,2007
"1347",2007-08-22,-0.797295,0.384504,-0.115571,0.298,34,2007
"1348",2007-08-29,-0.731598,0.436278,0.0200678,-0.617429,35,2007
"1349",2007-09-05,-0.855171,0.999757,-0.0970746,0.284571,36,2007
"1350",2007-09-12,-1.01454,0.919424,-0.0114111,-0.441286,37,2007
"1351",2007-09-19,-0.973043,0.772443,0.234279,-0.327143,38,2007
"1352",2007-09-26,-1.21557,0.92426,0.137879,0.442714,39,2007
"1353",2007-10-03,-1.36967,0.739233,0.0167452,0.768143,40,2007
"1354",2007-10-10,-1.87109,0.567889,-0.183295,-0.151143,41,2007
"1355",2007-10-17,-1.5157,0.770221,-0.250971,-0.615429,42,2007
"1356",2007-10-24,-1.49337,0.404588,-0.0542418,-1.041429,43,2007
"1357",2007-10-31,-1.52962,-0.0640929,-0.0264644,-1.052857,44,2007
"1358",2007-11-07,-1.69141,0.418884,0.0234992,-2.664143,45,2007
"1359",2007-11-14,-1.53209,0.130277,-0.0201372,-1.967714,46,2007
"1360",2007-11-21,-1.74742,-0.170324,-0.0717933,0.148143,47,2007
"1361",2007-11-28,-1.5996,-0.294134,-0.153344,1.074,48,2007
"1362",2007-12-05,-1.57249,-0.414508,0.0554475,1.302286,49,2007
"1363",2007-12-12,-1.73678,-0.55459,0.049127,2.604571,50,2007
"1364",2007-12-19,-1.65761,-0.981617,-0.0648402,2.017714,51,2007
"1365",2007-12-26,-1.71289,-0.0322714,0.080728,1.709714,52,2007
"1366",2008-01-02,-1.64981,0.0857295,0.0309336,1.202,1,2008
"1367",2008-01-09,-1.86002,-0.0500552,-0.0192562,-0.115286,2,2008
"1368",2008-01-16,-2.09277,-0.0671876,-0.0163835,1.619143,3,2008
"1369",2008-01-23,-2.32972,-0.290221,0.0552209,1.889857,4,2008
"1370",2008-01-30,-1.80455,-0.338341,0.315416,1.243429,5,2008
"1371",2008-02-06,-2.16429,-0.521771,0.325911,0.929857,6,2008
"1372",2008-02-13,-2.25791,-0.538473,0.350278,1.411857,7,2008
"1373",2008-02-20,-2.0194,0.082317,0.34895,1.580143,8,2008
"1374",2008-02-27,-1.67645,-0.0442101,0.503176,0.04,9,2008
"1375",2008-03-05,-1.39077,0.490403,0.489811,1.031571,10,2008
"1376",2008-03-12,-1.2245,0.52576,0.747432,0.542571,11,2008
"1377",2008-03-19,-1.13119,-0.0187969,0.600904,0.909571,12,2008
"1378",2008-03-26,-1.11214,0.151679,0.623944,0.409,13,2008
"1379",2008-04-02,-1.06093,0.197434,0.631524,0.394571,14,2008
"1380",2008-04-09,-0.999655,-0.53605,0.514249,-1.871429,15,2008
"1381",2008-04-16,-0.946427,-0.163289,0.578137,-0.000571,16,2008
"1382",2008-04-23,-0.916785,0.432771,0.686589,-1.158429,17,2008
"1383",2008-04-30,-0.728068,0.090116,0.651499,-1.882429,18,2008
"1384",2008-05-07,-0.910553,0.151236,0.684341,-2.187857,19,2008
"1385",2008-05-14,-0.777514,0.222889,0.738078,-1.021286,20,2008
"1386",2008-05-21,-0.535913,0.226813,0.795416,0.362571,21,2008
"1387",2008-05-28,-0.520317,0.876754,0.720446,1.321857,22,2008
"1388",2008-06-04,-0.466376,0.926318,0.508455,0.843714,23,2008
"1389",2008-06-11,-0.522385,0.639334,0.476795,0.693143,24,2008
"1390",2008-06-18,-0.529308,0.42355,0.596022,2.674857,25,2008
"1391",2008-06-25,-0.433522,0.626497,0.495614,0.93,26,2008
"1392",2008-07-02,-0.238173,0.268731,0.547248,0.279857,27,2008
"1393",2008-07-09,-0.107668,0.989796,0.495696,1.588143,28,2008
"1394",2008-07-16,-0.0258629,1.33661,0.560483,0.257286,29,2008
"1395",2008-07-23,-0.0858107,0.832512,0.246554,0.074714,30,2008
"1396",2008-07-30,-0.0357771,0.412359,0.365605,-0.470857,31,2008
"1397",2008-08-06,0.00653466,0.376299,0.53556,-0.916143,32,2008
"1398",2008-08-13,0.0861013,0.387264,0.233377,-0.836143,33,2008
"1399",2008-08-20,-0.13208,0.809086,0.265946,1.532857,34,2008
"1400",2008-08-27,-0.247545,0.948132,0.183648,0.639571,35,2008
"1401",2008-09-03,-0.234235,0.372578,0.175063,1.268571,36,2008
"1402",2008-09-10,-0.205332,0.236113,0.0130494,1.392714,37,2008
"1403",2008-09-17,-0.408748,0.0903298,0.0920208,0.887429,38,2008
"1404",2008-09-24,-0.415133,0.0834125,0.168445,1.912,39,2008
"1405",2008-10-01,-0.617432,0.227806,0.105064,0.405429,40,2008
"1406",2008-10-08,-0.4635,0.608599,-0.00924733,1.514571,41,2008
"1407",2008-10-15,-0.408196,0.508754,0.210182,1.551429,42,2008
"1408",2008-10-22,-0.454627,-0.274866,0.071706,0.805714,43,2008
"1409",2008-10-29,-0.319287,-0.267402,0.127958,1.21,44,2008
"1410",2008-11-05,-0.409649,-0.159114,0.101618,-0.549286,45,2008
"1411",2008-11-12,-0.242752,-0.191755,0.103577,1.138714,46,2008
"1412",2008-11-19,-0.335776,-0.259377,-0.0196696,1.110429,47,2008
"1413",2008-11-26,-0.556145,-0.123486,0.0111323,1.699286,48,2008
"1414",2008-12-03,-0.640437,-0.262464,-0.130534,2.049571,49,2008
"1415",2008-12-10,-0.838515,-0.441071,0.220349,1.899714,50,2008
"1416",2008-12-17,-0.820728,-0.445988,0.40958,1.100571,51,2008
"1417",2008-12-24,-1.04405,-0.0692874,0.339344,0.469286,52,2008
"1418",2008-12-31,-1.23944,0.0254446,0.164856,-0.071286,53,2008
"1419",2009-01-07,-1.29282,-0.413778,0.150341,0.798429,1,2009
"1420",2009-01-14,-1.23494,-0.270515,0.0899224,1.482571,2,2009
"1421",2009-01-21,-0.946197,-0.0338835,0.118079,0.990143,3,2009
"1422",2009-01-28,-1.07752,-0.10428,0.488942,0.786714,4,2009
"1423",2009-02-04,-1.0447,0.354602,0.345373,-0.000286,5,2009
"1424",2009-02-11,-0.897338,0.504768,0.30635,0.100857,6,2009
"1425",2009-02-18,-0.638103,0.401621,0.154479,0.408286,7,2009
"1426",2009-02-25,-0.645971,0.129543,0.258545,1.239,8,2009
"1427",2009-03-04,-0.73627,0.661063,0.374683,1.187857,9,2009
"1428",2009-03-11,-0.539856,0.676614,0.464506,0.674857,10,2009
"1429",2009-03-18,-0.644543,0.553464,0.544707,0.751857,11,2009
"1430",2009-03-25,-0.677597,0.764514,0.578937,-0.364286,12,2009
"1431",2009-04-01,-0.412178,0.252763,0.657342,0.365857,13,2009
"1432",2009-04-08,-0.234064,0.360682,0.738326,0.133857,14,2009
"1433",2009-04-15,-0.26317,0.226854,0.515779,0.015143,15,2009
"1434",2009-04-22,-0.295502,0.178389,0.461711,-0.14,16,2009
"1435",2009-04-29,-0.135919,-0.00103409,0.728478,-0.090571,17,2009
"1436",2009-05-06,0.051495,0.637845,0.856346,-1.238571,18,2009
"1437",2009-05-13,0.129145,0.677857,0.69368,-0.766286,19,2009
"1438",2009-05-20,0.320979,0.454714,0.743169,-0.510143,20,2009
"1439",2009-05-27,0.238549,0.101675,0.792076,-0.392143,21,2009
"1440",2009-06-03,0.153153,0.0284316,0.515809,-0.256286,22,2009
"1441",2009-06-10,0.372853,0.216024,0.367997,1.207429,23,2009
"1442",2009-06-17,0.511701,0.245045,0.469665,-0.224,24,2009
"1443",2009-06-24,0.673418,0.269552,0.369039,-1.584143,25,2009
"1444",2009-07-01,0.694505,0.00372813,0.312602,-2.496143,26,2009
"1445",2009-07-08,0.643326,-0.477107,0.202062,-2.048714,27,2009
"1446",2009-07-15,0.676538,-0.4412,0.0648634,-0.422286,28,2009
"1447",2009-07-22,0.68262,0.187203,0.0928174,-0.192,29,2009
"1448",2009-07-29,0.577604,0.328461,0.159893,-1.508857,30,2009
"1449",2009-08-05,0.575341,0.240192,0.160403,-0.839857,31,2009
"1450",2009-08-12,0.498462,0.11258,0.103245,-0.75,32,2009
"1451",2009-08-19,0.544308,0.192346,-0.00112744,-0.657714,33,2009
"1452",2009-08-26,0.751468,-0.0698647,-0.0265514,-0.201143,34,2009
"1453",2009-09-02,0.746007,-0.307425,0.266257,-1.154571,35,2009
"1454",2009-09-09,0.74324,-0.234613,-0.0172382,1.072286,36,2009
"1455",2009-09-16,0.732175,-0.227793,0.0182711,-0.132,37,2009
"1456",2009-09-23,0.640977,0.101115,0.14282,-1.396,38,2009
"1457",2009-09-30,0.505255,0.104926,0.0974374,1.263571,39,2009
"1458",2009-10-07,0.562806,0.0666645,0.374737,1.130714,40,2009
"1459",2009-10-14,0.724017,-0.25286,0.190037,-0.378429,41,2009
"1460",2009-10-21,0.952786,0.019975,0.131495,-0.587714,42,2009
"1461",2009-10-28,1.31479,0.370769,0.13125,0.089571,43,2009
"1462",2009-11-04,1.48492,-0.205725,0.0959053,-1.145143,44,2009
"1463",2009-11-11,1.48183,-0.111755,0.201266,-3.772143,45,2009
"1464",2009-11-18,1.51262,-0.253289,0.0584838,-2.478857,46,2009
"1465",2009-11-25,1.51941,-0.106522,0.0623024,-0.234,47,2009
"1466",2009-12-02,1.52608,0.163344,0.253851,-0.237429,48,2009
"1467",2009-12-09,1.60255,0.565006,0.268791,0.405143,49,2009
"1468",2009-12-16,1.70087,0.594692,0.496762,1.327571,50,2009
"1469",2009-12-23,1.78803,0.0200846,0.515903,0.888714,51,2009
"1470",2009-12-30,1.62721,0.284696,0.550134,-0.532,52,2009
"1471",2010-01-06,1.60712,0.340753,0.596669,-1.653,1,2010
"1472",2010-01-13,1.52004,0.36591,0.604492,-0.367143,2,2010
"1473",2010-01-20,1.29686,0.585262,0.744374,-0.093571,3,2010
"1474",2010-01-27,1.08729,0.229902,0.699491,-0.563143,4,2010
"1475",2010-02-03,1.0743,-0.155869,0.498058,-1.176,5,2010
"1476",2010-02-10,1.1264,-0.0140582,0.545439,-1.610429,6,2010
"1477",2010-02-17,1.10745,-0.00719349,0.521323,-1.183714,7,2010
"1478",2010-02-24,1.06776,-0.0203176,0.484145,0.675,8,2010
"1479",2010-03-03,1.02595,-0.0407695,0.710582,0.597,9,2010
"1480",2010-03-10,1.0943,0.233577,0.935572,0.882714,10,2010
"1481",2010-03-17,1.05917,0.344562,0.781833,-1.472429,11,2010
"1482",2010-03-24,0.936241,0.173387,0.999222,0.237571,12,2010
"1483",2010-03-31,0.84646,0.547493,0.914135,0.553,13,2010
"1484",2010-04-07,0.717318,0.822088,0.881486,0.651714,14,2010
"1485",2010-04-14,0.710608,0.557504,0.764745,0.651429,15,2010
"1486",2010-04-21,0.513152,0.372233,0.592031,-0.636143,16,2010
"1487",2010-04-28,0.328629,0.103669,0.40711,0.652,17,2010
"1488",2010-05-05,0.156622,-0.254297,0.40381,-0.889857,18,2010
"1489",2010-05-12,-0.216351,-0.291766,0.479199,-0.266571,19,2010
"1490",2010-05-19,-0.372871,-0.362272,0.46224,2.628286,20,2010
"1491",2010-05-26,-0.341886,-0.655902,0.656166,2.050857,21,2010
"1492",2010-06-02,-0.51678,-0.20844,0.712586,3.023286,22,2010
"1493",2010-06-09,-0.618468,-0.000210425,0.734889,1.977143,23,2010
"1494",2010-06-16,-0.674276,-0.0523403,0.610314,0.958714,24,2010
"1495",2010-06-23,-0.692787,0.133352,0.554033,2.262857,25,2010
"1496",2010-06-30,-0.810699,0.168782,0.449321,2.219,26,2010
"1497",2010-07-07,-0.994335,-0.251982,0.486969,2.180286,27,2010
"1498",2010-07-14,-1.20084,0.0148815,0.407965,1.975,28,2010
"1499",2010-07-21,-1.27188,-0.15121,0.172418,3.700143,29,2010
"1500",2010-07-28,-1.51089,-0.186231,0.152452,1.449571,30,2010
"1501",2010-08-04,-1.29713,-0.503935,-0.0621527,1.970714,31,2010
"1502",2010-08-11,-1.30198,-0.401176,-0.0447878,2.382286,32,2010
"1503",2010-08-18,-1.27344,-0.558312,0.227901,1.857,33,2010
"1504",2010-08-25,-1.69572,-0.311251,0.2383,-0.250857,34,2010
"1505",2010-09-01,-1.73297,-0.924601,0.241346,1.152571,35,2010
"1506",2010-09-08,-1.63403,-0.513708,0.120675,1.587571,36,2010
"1507",2010-09-15,-1.63553,-0.851199,0.0548077,0.197571,37,2010
"1508",2010-09-22,-1.66291,-1.11831,0.0510191,-0.840714,38,2010
"1509",2010-09-29,-1.99139,-1.24428,-0.11203,0.455429,39,2010
"1510",2010-10-06,-2.01229,-0.9958,0.233525,0.385286,40,2010
"1511",2010-10-13,-1.72722,-1.06291,0.196637,1.620714,41,2010
"1512",2010-10-20,-1.72353,-1.09124,0.190196,1.252857,42,2010
"1513",2010-10-27,-1.58838,-0.679976,0.326744,1.655857,43,2010
"1514",2010-11-03,-1.49605,-0.584833,0.253302,0.760143,44,2010
"1515",2010-11-10,-1.50482,-0.631374,0.326195,0.718571,45,2010
"1516",2010-11-17,-1.67878,-0.0134699,0.242628,2.070286,46,2010
"1517",2010-11-24,-1.78265,-0.104977,0.160757,2.082714,47,2010
"1518",2010-12-01,-1.70078,-0.142042,0.0736249,1.789143,48,2010
"1519",2010-12-08,-1.66644,-0.300727,0.205472,-0.776,49,2010
"1520",2010-12-15,-1.586,-0.0419751,0.19875,-0.242143,50,2010
"1521",2010-12-22,-1.87153,-0.455966,0.12999,0.861714,51,2010
"1522",2010-12-29,-1.61559,-0.0706937,0.210863,0.267143,52,2010
"1523",2011-01-05,-1.63387,-0.102773,0.189444,0.688143,1,2011
"1524",2011-01-12,-1.94879,-0.138872,0.295678,-0.163714,2,2011
"1525",2011-01-19,-1.68631,0.116733,0.367366,-0.833143,3,2011
"1526",2011-01-26,-1.82567,-0.00925967,0.311856,0.390143,4,2011
"1527",2011-02-02,-1.6185,0.035046,0.649001,0.550571,5,2011
"1528",2011-02-09,-1.27396,-0.118653,0.679553,1.161571,6,2011
"1529",2011-02-16,-1.37416,-0.262013,0.397114,1.038429,7,2011
"1530",2011-02-23,-1.35499,-0.0359573,0.447116,1.184571,8,2011
"1531",2011-03-02,-1.37799,0.0906959,0.612158,0.800714,9,2011
"1532",2011-03-09,-1.12711,-0.0517099,0.605713,0.452857,10,2011
"1533",2011-03-16,-0.92204,0.0546508,0.396737,0.398857,11,2011
"1534",2011-03-23,-0.946785,0.235556,0.591236,-1.334,12,2011
"1535",2011-03-30,-0.941507,1.18285,0.81494,-1.504429,13,2011
"1536",2011-04-06,-0.756815,0.539901,0.674615,-1.368286,14,2011
"1537",2011-04-13,-0.700305,0.440648,0.705974,-1.149714,15,2011
"1538",2011-04-20,-0.719305,0.414137,0.559811,-0.431286,16,2011
"1539",2011-04-27,-0.747313,0.0914066,0.435111,-0.231429,17,2011
"1540",2011-05-04,-0.637734,0.404759,0.366465,0.655429,18,2011
"1541",2011-05-11,-0.538036,0.323088,0.376796,1.077857,19,2011
"1542",2011-05-18,-0.326477,0.228292,0.256629,0.944714,20,2011
"1543",2011-05-25,-0.366974,-0.0947743,0.179497,2.499,21,2011
"1544",2011-06-01,-0.254669,-0.280912,0.141998,0.382143,22,2011
"1545",2011-06-08,-0.200814,0.089556,0.107818,0.857857,23,2011
"1546",2011-06-15,-0.228431,0.0260134,0.0646322,-0.950429,24,2011
"1547",2011-06-22,-0.150834,0.342436,-0.10157,-0.658,25,2011
"1548",2011-06-29,-0.119348,0.448776,0.00406711,0.264,26,2011
"1549",2011-07-06,-0.342942,0.334515,-0.248668,0.454,27,2011
"1550",2011-07-13,-0.266477,0.671819,0.068974,-1.403714,28,2011
"1551",2011-07-20,-0.355378,0.15177,0.393605,-1.235143,29,2011
"1552",2011-07-27,-0.358967,0.266464,0.120027,-3.254,30,2011
"1553",2011-08-03,-0.633575,0.622941,-0.0732688,-3.282714,31,2011
"1554",2011-08-10,-0.665287,0.3686,0.265617,-1.71,32,2011
"1555",2011-08-17,-0.921377,0.487164,0.194115,-1.644,33,2011
"1556",2011-08-24,-0.781384,0.538183,0.0412947,1.202714,34,2011
"1557",2011-08-31,-0.720514,0.42363,-0.0474605,-0.849714,35,2011
"1558",2011-09-07,-0.73227,0.841257,0.1315,-0.909429,36,2011
"1559",2011-09-14,-0.815514,0.857876,-0.0224541,-1.999571,37,2011
"1560",2011-09-21,-0.917687,1.0686,-0.0845969,-0.894571,38,2011
"1561",2011-09-28,-0.808373,0.762219,-0.0907249,-1.019286,39,2011
"1562",2011-10-05,-1.05568,0.876151,0.115045,-1.264714,40,2011
"1563",2011-10-12,-0.96219,0.202498,0.0981569,0.549,41,2011
"1564",2011-10-19,-0.946293,0.618794,-0.00128358,1.412714,42,2011
"1565",2011-10-26,-1.31851,0.40724,0.0712358,1.157286,43,2011
"1566",2011-11-02,-1.10658,0.205456,-0.027354,-1.857571,44,2011
"1567",2011-11-09,-0.988162,0.470034,-0.112594,-1.081857,45,2011
"1568",2011-11-16,-1.09499,0.184882,-0.139319,-1.442571,46,2011
"1569",2011-11-23,-1.09693,-0.0117704,-0.364637,-0.214143,47,2011
"1570",2011-11-30,-1.29242,-0.207608,-0.515595,2.045286,48,2011
"1571",2011-12-07,-1.167,0.0652506,-0.595534,3.426143,49,2011
"1572",2011-12-14,-1.04832,-0.22403,-0.666472,2.703286,50,2011
"1573",2011-12-21,-1.02957,-0.0626448,-0.737047,1.526571,51,2011
"1574",2011-12-28,-1.13178,-0.0413843,-0.969062,2.109714,52,2011
"1575",2012-01-04,-1.13719,-0.121373,-0.997762,1.495143,1,2012
"1576",2012-01-11,-1.09519,0.345814,-0.778649,1.715857,2,2012
"1577",2012-01-18,-1.28907,0.152902,-0.735712,1.806,3,2012
"1578",2012-01-25,-1.26878,0.143024,-0.551151,1.211571,4,2012
"1579",2012-02-01,-1.2978,0.0449856,-0.712592,1.639571,5,2012
"1580",2012-02-08,-1.0875,-0.412279,-0.893388,0.666143,6,2012
"1581",2012-02-15,-0.738086,-0.286526,-0.553743,-1.308143,7,2012
"1582",2012-02-22,-0.459208,-0.0162025,-0.552811,-1.304,8,2012
"1583",2012-02-29,-0.644464,-0.472758,-0.307105,-0.536143,9,2012
"1584",2012-03-07,-0.752471,-0.310139,-0.117784,0.351286,10,2012
"1585",2012-03-14,-0.692119,0.0563441,-0.308096,0.301429,11,2012
"1586",2012-03-21,-0.634632,0.712105,-0.284579,0.143429,12,2012
"1587",2012-03-28,-0.35735,0.451512,-0.148327,0.628429,13,2012
"1588",2012-04-04,-0.402327,0.113798,-0.059585,-0.735286,14,2012
"1589",2012-04-11,-0.420576,-0.225215,-0.516664,1.108714,15,2012
"1590",2012-04-18,-0.540956,0.23152,-0.404542,1.133571,16,2012
"1591",2012-04-25,-0.248652,0.0179644,-0.364333,1.421429,17,2012
"1592",2012-05-02,-0.209899,-0.351694,-0.404711,0.326714,18,2012
"1593",2012-05-09,-0.064174,0.0754619,-0.125169,-0.407571,19,2012
"1594",2012-05-16,-0.109709,0.0611782,-0.241713,-0.744714,20,2012
"1595",2012-05-23,-0.0691197,0.671214,0.0329392,0.821,21,2012
"1596",2012-05-30,0.129158,0.656637,-0.110916,0.942143,22,2012
"1597",2012-06-06,0.0853055,0.106777,-0.313659,-0.065857,23,2012
"1598",2012-06-13,0.263199,0.0864545,-0.265514,-1.451571,24,2012
"1599",2012-06-20,0.402863,-0.0138419,-0.263808,1.795571,25,2012
"1600",2012-06-27,0.549151,0.0394283,-0.310225,-1.588286,26,2012
"1601",2012-07-04,0.46212,-0.269508,-0.134409,-1.034286,27,2012
"1602",2012-07-11,0.346183,0.10723,-0.427021,1.604,28,2012
"1603",2012-07-18,0.455786,0.599049,-0.277812,2.798,29,2012
"1604",2012-07-25,0.550925,0.71813,-0.347191,1.591857,30,2012
"1605",2012-08-01,0.560563,0.760211,-0.450226,0.981714,31,2012
"1606",2012-08-08,0.730061,0.883917,-0.15896,0.019714,32,2012
"1607",2012-08-15,0.497804,0.994705,-0.247891,0.976286,33,2012
"1608",2012-08-22,0.517314,1.34689,-0.444918,0.930571,34,2012
"1609",2012-08-29,0.850927,1.42659,-0.360854,-0.391286,35,2012
"1610",2012-09-05,0.734639,1.35611,-0.408388,0.491429,36,2012
"1611",2012-09-12,0.485057,0.722574,-0.157708,0.381429,37,2012
"1612",2012-09-19,0.227941,0.807016,-0.397934,0.853429,38,2012
"1613",2012-09-26,0.113721,0.627543,-0.330792,0.363571,39,2012
"1614",2012-10-03,0.0450707,0.668194,-0.41043,0.251571,40,2012
"1615",2012-10-10,0.0358757,0.716587,-0.347253,0.478429,41,2012
"1616",2012-10-17,0.188654,0.325846,-0.476048,-0.953571,42,2012
"1617",2012-10-24,0.441085,0.484226,-0.317401,-1.296714,43,2012
"1618",2012-10-31,0.314319,0.258671,-0.363354,-1.015857,44,2012
"1619",2012-11-07,0.31491,0.188209,-0.299264,-2.284714,45,2012
"1620",2012-11-14,0.484408,0.691296,-0.224641,-1.048286,46,2012
"1621",2012-11-21,0.239623,0.130103,-0.246303,-1.831143,47,2012
"1622",2012-11-28,0.114149,0.207325,-0.203127,-1.145286,48,2012
"1623",2012-12-05,-0.114454,-0.1562,-0.317559,-0.725286,49,2012
"1624",2012-12-12,-0.127064,0.140948,-0.203792,0.073286,50,2012
"1625",2012-12-19,-0.269234,0.334828,0.0507935,-1.516,51,2012
"1626",2012-12-26,-0.198983,0.1641,0.214585,-0.940429,52,2012
"1627",2013-01-02,-0.384636,-0.408506,0.0680706,-0.930571,1,2013
"1628",2013-01-09,-0.673911,-0.0215438,0.135467,0.124429,2,2013
"1629",2013-01-16,-0.724743,0.486098,0.0965695,-0.050429,3,2013
"1630",2013-01-23,-0.267193,-0.138671,0.0514243,0.199857,4,2013
"1631",2013-01-30,-0.622762,-0.582395,0.26589,1.305143,5,2013
"1632",2013-02-06,-0.606336,-0.267943,0.183793,1.595,6,2013
"1633",2013-02-13,-0.422128,-0.490804,0.0383153,0.170429,7,2013
"1634",2013-02-20,-0.586099,-0.147838,-0.11721,0.272,8,2013
"1635",2013-02-27,-0.416702,0.398517,-0.111709,1.423143,9,2013
"1636",2013-03-06,-0.193024,0.167616,-0.0520346,0.596143,10,2013
"1637",2013-03-13,-0.413041,-0.144965,-0.00436186,0.973429,11,2013
"1638",2013-03-20,-0.215214,0.114999,0.0771572,1.758714,12,2013
"1639",2013-03-27,-0.13021,-0.00326496,0.239467,2.013857,13,2013
"1640",2013-04-03,-0.00614456,-0.0595478,0.110163,1.435,14,2013
"1641",2013-04-10,-0.0610746,-0.309173,0.199509,1.024,15,2013
"1642",2013-04-17,-0.171642,0.155455,0.188302,0.219429,16,2013
"1643",2013-04-24,-0.12594,-0.118051,0.192511,-0.000143,17,2013
"1644",2013-05-01,-0.0671248,0.0670344,0.372196,0.385714,18,2013
"1645",2013-05-08,-0.166783,0.0457259,0.407289,0.941429,19,2013
"1646",2013-05-15,-0.421682,-0.940262,0.115807,0.653143,20,2013
"1647",2013-05-22,-0.472616,-0.864806,0.173983,0.244143,21,2013
"1648",2013-05-29,-0.283611,-0.486765,0.148153,-0.599,22,2013
"1649",2013-06-05,-0.276713,-0.912387,0.13688,0.952714,23,2013
"1650",2013-06-12,-0.207955,-0.260613,-0.0822275,0.920143,24,2013
"1651",2013-06-19,-0.296636,-0.188333,-0.103766,-1.206429,25,2013
"1652",2013-06-26,-0.134101,-0.531143,0.0168184,-1.897,26,2013
"1653",2013-07-03,-0.259212,-0.550116,0.0637573,0.381429,27,2013
"1654",2013-07-10,-0.456418,-0.6996,-0.134082,0.639429,28,2013
"1655",2013-07-17,-0.500218,-0.540798,-0.0295478,0.972429,29,2013
"1656",2013-07-24,-0.342653,-0.730491,-0.0879204,1.748571,30,2013
"1657",2013-07-31,-0.323733,-0.933416,-0.0892701,0.208571,31,2013
"1658",2013-08-07,-0.35439,-0.483299,0.00741825,-0.680857,32,2013
"1659",2013-08-14,-0.502065,-0.283523,-0.00255852,-3.529429,33,2013
"1660",2013-08-21,-0.505189,-0.104823,0.088967,-2.139286,34,2013
"1661",2013-08-28,-0.168555,-0.418642,0.0564745,-0.241286,35,2013
"1662",2013-09-04,-0.0369686,-0.0768903,-0.0983175,-0.746286,36,2013
"1663",2013-09-11,-0.0364017,-0.251558,-0.258564,-1.010429,37,2013
"1664",2013-09-18,-0.116539,-0.259187,-0.289482,-1.659429,38,2013
"1665",2013-09-25,-0.291211,-0.352734,-0.213876,-2.724714,39,2013
"1666",2013-10-02,-0.35362,-0.0689126,-0.131756,-1.271857,40,2013
"1667",2013-10-09,-0.443086,-0.00796136,-0.202856,-1.218286,41,2013
"1668",2013-10-16,-0.512048,-0.116947,-0.137197,0.070143,42,2013
"1669",2013-10-23,-0.451462,-0.20802,-0.209604,-0.141714,43,2013
"1670",2013-10-30,-0.27082,0.00540916,-0.155275,-0.056143,44,2013
"1671",2013-11-06,-0.0986414,-0.0321689,-0.265817,0.791286,45,2013
"1672",2013-11-13,-0.0707065,-0.221758,-0.378056,0.341714,46,2013
"1673",2013-11-20,0.0541499,0.312483,-0.25345,-0.377,47,2013
"1674",2013-11-27,0.00547789,-0.0765997,-0.306211,-0.055429,48,2013
"1675",2013-12-04,0.138085,0.0413375,-0.184413,1.072429,49,2013
"1676",2013-12-11,-0.0552166,-0.29136,-0.132945,0.378571,50,2013
"1677",2013-12-18,-0.127847,-0.2829,-0.241917,0.221,51,2013
"1678",2013-12-25,-0.264108,-0.55817,0.068107,-0.741429,52,2013
"1679",2014-01-01,-0.401422,-0.3076,0.00658867,-1.073143,1,2014
"1680",2014-01-08,-0.645736,-0.345899,0.0134446,-0.799714,2,2014
"1681",2014-01-15,-0.768154,-0.170071,0.0406891,-0.852429,3,2014
"1682",2014-01-22,-0.484943,0.145338,-0.199799,-0.765,4,2014
"1683",2014-01-29,-0.809895,-0.0101997,-0.121697,-0.225857,5,2014
"1684",2014-02-05,-0.84132,0.152298,0.0686475,-0.003857,6,2014
"1685",2014-02-12,-0.620107,-0.50377,0.0923812,-0.87,7,2014
"1686",2014-02-19,-0.476172,0.09678,0.592679,1.034286,8,2014
"1687",2014-02-26,-0.71888,-0.0829609,0.294065,1.276143,9,2014
"1688",2014-03-05,-0.488071,-0.102673,0.191407,0.134286,10,2014
"1689",2014-03-12,-0.461033,-0.57177,0.0975293,-0.038857,11,2014
"1690",2014-03-19,0.0219582,-0.490072,0.250862,0.210143,12,2014
"1691",2014-03-26,0.1869,-0.462171,0.135491,1.257143,13,2014
"1692",2014-04-02,0.256864,-0.510666,0.201592,1.133286,14,2014
"1693",2014-04-09,0.180713,-0.321663,0.200809,1.081857,15,2014
"1694",2014-04-16,0.191112,0.0606815,0.218795,0.84,16,2014
"1695",2014-04-23,0.325136,0.183897,0.289653,-0.812,17,2014
"1696",2014-04-30,0.320003,0.020214,0.492694,0.932286,18,2014
"1697",2014-05-07,0.394867,-0.083117,0.53341,-0.457,19,2014
"1698",2014-05-14,0.380928,0.18272,0.508328,-0.624143,20,2014
"1699",2014-05-21,0.46492,0.201222,0.374356,-0.468143,21,2014
"1700",2014-05-28,0.567828,0.314678,0.513886,-0.758429,22,2014
"1701",2014-06-04,0.505393,-0.233092,0.533471,-0.072714,23,2014
"1702",2014-06-11,0.411045,-0.178751,0.435782,1.694143,24,2014
"1703",2014-06-18,0.445502,-0.293797,0.23927,0.766,25,2014
"1704",2014-06-25,0.490141,-0.396317,0.237424,1.03,26,2014
"1705",2014-07-02,0.36943,-0.349658,0.161699,0.215714,27,2014
"1706",2014-07-09,0.233529,-0.237954,-0.0655403,1.741571,28,2014
"1707",2014-07-16,0.154404,-0.610677,0.144945,0.863286,29,2014
"1708",2014-07-23,-0.125646,-0.50104,-0.185827,-1.239857,30,2014
"1709",2014-07-30,-0.163652,-0.675437,-0.248168,-0.521571,31,2014
"1710",2014-08-06,-0.0333517,-0.91472,-0.291588,1.050857,32,2014
"1711",2014-08-13,-0.0282737,-0.783905,-0.127995,0.175,33,2014
"1712",2014-08-20,0.25445,-0.552282,0.123356,0.042571,34,2014
"1713",2014-08-27,0.310027,-0.0619342,-0.0504196,-1.346143,35,2014
"1714",2014-09-03,0.312088,-0.649474,-0.0348503,-0.555,36,2014
"1715",2014-09-10,0.491263,-0.718225,-0.106826,-0.799143,37,2014
"1716",2014-09-17,0.440868,-0.189661,-0.165799,-1.462143,38,2014
"1717",2014-09-24,0.335701,0.0499214,-0.0463098,-1.339429,39,2014
"1718",2014-10-01,0.273649,-0.100064,0.0814716,-0.949857,40,2014
"1719",2014-10-08,0.345756,0.540053,-0.024401,0.222,41,2014
"1720",2014-10-15,0.393652,0.396427,0.0763511,1.017714,42,2014
"1721",2014-10-22,0.442092,0.0925346,-0.0301113,0.555429,43,2014
"1722",2014-10-29,0.531155,0.184403,-0.167994,-1.818857,44,2014
"1723",2014-11-05,0.71383,0.455941,-0.540773,-0.374,45,2014
"1724",2014-11-12,0.788542,0.306167,-0.41966,-0.887571,46,2014
"1725",2014-11-19,0.862969,0.00618908,-0.341157,-0.315286,47,2014
"1726",2014-11-26,0.905875,0.0407348,-0.245629,-0.389571,48,2014
"1727",2014-12-03,0.771775,0.058039,-0.345154,1.584429,49,2014
"1728",2014-12-10,0.817579,-0.255638,-0.347203,1.607286,50,2014
"1729",2014-12-17,0.769757,-0.62633,-0.356794,0.486857,51,2014
"1730",2014-12-24,0.639921,-0.542132,-0.314494,1.234286,52,2014
"1731",2014-12-31,0.454747,-0.533449,-0.444406,0.976286,53,2014
"1732",2015-01-07,0.336235,-0.424845,0.189159,0.767571,1,2015
"1733",2015-01-14,0.396177,-0.299426,0.0756847,-0.162714,2,2015
"1734",2015-01-21,0.477409,-0.383181,0.0429234,1.071,3,2015
"1735",2015-01-28,0.450714,-0.97503,0.608197,0.915143,4,2015
"1736",2015-02-04,0.445956,-0.718487,0.388402,0.444,5,2015
"1737",2015-02-11,0.451418,-0.466057,0.303694,1.533429,6,2015
"1738",2015-02-18,0.413705,-0.592323,0.0565412,1.499571,7,2015
"1739",2015-02-25,0.567262,-0.964583,0.0995101,1.205,8,2015
"1740",2015-03-04,0.454337,-0.62803,0.0399678,0.275857,9,2015
"1741",2015-03-11,0.416627,0.204615,0.0822057,-0.136,10,2015
"1742",2015-03-18,0.539374,0.0746554,0.176663,0.480429,11,2015
"1743",2015-03-25,0.572217,0.219231,0.189151,2.172429,12,2015
"1744",2015-04-01,0.611767,0.234309,0.444665,0.921,13,2015
"1745",2015-04-08,0.675545,0.302687,0.460439,0.473,14,2015
"1746",2015-04-15,0.861421,0.379883,0.199567,0.955857,15,2015
"1747",2015-04-22,0.895115,-0.03759,0.331416,1.631,16,2015
"1748",2015-04-29,0.958906,0.593435,0.383685,0.915286,17,2015
"1749",2015-05-06,0.960143,0.222672,0.55039,0.461,18,2015
"1750",2015-05-13,0.943796,0.201672,0.65014,0.661,19,2015
"1751",2015-05-20,1.00163,0.616163,0.318125,0.662,20,2015
"1752",2015-05-27,1.20292,0.85969,0.197983,-0.302429,21,2015
"1753",2015-06-03,1.19577,0.607813,0.284616,0.025429,22,2015
"1754",2015-06-10,1.25988,0.25344,0.122336,1.013714,23,2015
"1755",2015-06-17,1.35909,0.413021,0.0641811,-0.237,24,2015
"1756",2015-06-24,1.37589,0.251308,-0.260504,2.020286,25,2015
"1757",2015-07-01,1.38651,0.322791,-0.177709,-0.125286,26,2015
"1758",2015-07-08,1.44574,0.472852,-0.0981997,1.749286,27,2015
"1759",2015-07-15,1.5895,0.489999,0.00620566,2.484,28,2015
"1760",2015-07-22,1.53278,0.233772,-0.365507,1.994,29,2015
"1761",2015-07-29,1.62653,-0.0508386,-0.542897,1.144857,30,2015
"1762",2015-08-05,1.84211,0.31596,-0.427149,-0.316714,31,2015
"1763",2015-08-12,1.92421,0.403746,-0.231822,1.487571,32,2015
"1764",2015-08-19,1.98909,0.597489,-0.49856,1.407143,33,2015
"1765",2015-08-26,2.13975,0.927443,-0.521655,1.504714,34,2015
"1766",2015-09-02,2.04228,1.04479,-0.556832,0.911429,35,2015
"1767",2015-09-09,2.24284,1.11945,-0.204675,0.778714,36,2015
"1768",2015-09-16,2.24789,1.23601,-0.33492,0.322,37,2015
"1769",2015-09-23,2.20852,0.818043,-0.218115,0.475286,38,2015
"1770",2015-09-30,2.28615,0.463408,-0.156363,-0.036286,39,2015
"1771",2015-10-07,2.30512,1.36254,-0.0286136,-0.511429,40,2015
"1772",2015-10-14,2.31211,1.02397,-0.0378772,0.015143,41,2015
"1773",2015-10-21,2.37578,0.632586,-0.0153207,-0.506857,42,2015
"1774",2015-10-28,2.60988,0.558471,0.0026421,0.549714,43,2015
"1775",2015-11-04,2.75627,1.04198,0.118991,0.470714,44,2015
"1776",2015-11-11,2.95913,1.13251,0.263431,0.421714,45,2015
"1777",2015-11-18,3.0123,0.582272,0.0566757,-0.012143,46,2015
"1778",2015-11-25,2.92377,0.345643,0.0685046,1.333857,47,2015
"1779",2015-12-02,2.80407,-0.0201822,0.347271,1.780714,48,2015
"1780",2015-12-09,2.7627,-0.144335,0.623063,-0.991857,49,2015
"1781",2015-12-16,2.84351,0.115088,0.631472,-0.360286,50,2015
"1782",2015-12-23,2.67428,0.0224137,0.267491,-0.754857,51,2015
"1783",2015-12-30,2.62698,-0.416043,0.445212,1.103571,52,2015
"1784",2016-01-06,2.4843,-0.665185,0.494948,1.376429,1,2016
"1785",2016-01-13,2.53122,-0.758199,0.62899,0.235143,2,2016
"1786",2016-01-20,2.44038,-0.713798,0.817739,1.821429,3,2016
"1787",2016-01-27,2.41005,-0.419795,0.852552,1.673857,4,2016
"1788",2016-02-03,2.50946,-0.677262,0.452798,1.856286,5,2016
"1789",2016-02-10,2.42281,-0.377249,0.679307,1.292143,6,2016
"1790",2016-02-17,2.2886,-0.536878,0.73631,1.576,7,2016
"1791",2016-02-24,2.02509,-0.458201,0.410776,-0.014,8,2016
"1792",2016-03-02,1.84614,-0.0740839,0.573887,1.280857,9,2016
"1793",2016-03-09,1.71751,-0.102767,0.478192,1.862,10,2016
"1794",2016-03-16,1.63969,-0.0179442,0.46941,1.673143,11,2016
"1795",2016-03-23,1.40066,0.0823201,0.422671,3.044,12,2016
"1796",2016-03-30,1.45813,-0.399929,0.188738,0.708286,13,2016
"1797",2016-04-06,1.22183,-0.0560487,0.18784,1.358714,14,2016
"1798",2016-04-13,1.28915,-0.0331217,0.414328,0.663,15,2016
"1799",2016-04-20,1.00739,-0.239429,0.230178,-1.108143,16,2016
"1800",2016-04-27,0.789144,0.225803,0.293949,-0.490143,17,2016
"1801",2016-05-04,0.75185,0.130894,0.171159,-0.610429,18,2016
"1802",2016-05-11,0.5255,0.183906,0.214778,-0.196857,19,2016
"1803",2016-05-18,0.181553,-0.565248,0.291831,-0.474143,20,2016
"1804",2016-05-25,-0.158056,-0.343857,-0.0199154,0.855429,21,2016
"1805",2016-06-01,-0.205898,-0.544164,0.348323,1.709143,22,2016
"1806",2016-06-08,0.0439659,-0.840881,0.249162,2.065143,23,2016
"1807",2016-06-15,0.183312,-0.703149,0.412036,3.229714,24,2016
"1808",2016-06-22,-0.406046,-0.6817,0.770175,2.228143,25,2016
"1809",2016-06-29,-0.394587,-0.888228,0.63824,2.468429,26,2016
"1810",2016-07-06,-0.455537,-1.3666,0.57514,1.398143,27,2016
"1811",2016-07-13,-0.645569,-1.45387,0.434058,-0.160714,28,2016
"1812",2016-07-20,-0.617473,-1.04933,0.487073,0.880857,29,2016
"1813",2016-07-27,-0.541943,-1.21292,0.37543,-0.800857,30,2016
"1814",2016-08-03,-0.60646,-0.769737,0.276107,-1.356571,31,2016
"1815",2016-08-10,-0.670162,-0.576933,0.29611,-1.115143,32,2016
"1816",2016-08-17,-0.535115,-0.366759,0.297167,-1.763286,33,2016
"1817",2016-08-24,-0.686953,-0.813069,0.236753,0.339286,34,2016
"1818",2016-08-31,-0.778812,-1.3548,0.324201,1.677714,35,2016
"1819",2016-09-07,-0.710663,-1.53676,0.100022,3.206714,36,2016
"1820",2016-09-14,-0.667782,-1.14345,-0.0538746,3.632143,37,2016
"1821",2016-09-21,-0.432197,-1.31104,0.0942623,1.720857,38,2016
"1822",2016-09-28,-0.873944,-1.26786,0.0674668,-0.153286,39,2016
"1823",2016-10-05,-1.0186,-0.863926,0.140252,-0.673571,40,2016
"1824",2016-10-12,-0.727254,-0.842212,0.190228,-1.587429,41,2016
"1825",2016-10-19,-0.670385,-1.0594,0.313234,0.375714,42,2016
"1826",2016-10-26,-0.846831,-0.463573,0.0616836,1.169,43,2016
"1827",2016-11-02,-0.885821,-0.295296,0.244856,-1.321714,44,2016
"1828",2016-11-09,-0.73805,-0.690473,-0.141507,-2.061,45,2016
"1829",2016-11-16,-0.474781,-0.548673,0.197175,-2.036857,46,2016
"1830",2016-11-23,-0.422521,-0.493761,0.549304,-0.451714,47,2016
"1831",2016-11-30,-0.474346,-0.188077,0.482196,-0.760143,48,2016
"1832",2016-12-07,-0.654274,-0.254906,0.465997,-0.302143,49,2016
"1833",2016-12-14,-0.495163,-0.548521,0.657421,-0.501571,50,2016
"1834",2016-12-21,-0.379734,-0.413105,0.496609,-1.424857,51,2016
"1835",2016-12-28,-0.344485,-0.343339,0.468691,-0.437,52,2016
"1836",2017-01-04,-0.569221,-0.159924,0.52275,-0.524286,1,2017
"1837",2017-01-11,-0.444328,-0.310667,0.379795,-1.589571,2,2017
"1838",2017-01-18,-0.282672,-0.338682,0.539318,-1.217571,3,2017
"1839",2017-01-25,-0.510846,-0.200749,0.364104,-0.854429,4,2017
"1840",2017-02-01,-0.375077,-0.117206,0.207047,-0.230714,5,2017
"1841",2017-02-08,0.0275169,0.405633,0.140856,-0.008857,6,2017
"1842",2017-02-15,0.116079,0.417508,0.0352738,0.067714,7,2017
"1843",2017-02-22,0.174185,0.264742,0.104435,0.171429,8,2017
"1844",2017-03-01,-0.102939,-0.359637,0.134616,-1.355571,9,2017
"1845",2017-03-08,-0.314066,-0.184687,0.22797,-0.669429,10,2017
"1846",2017-03-15,0.271014,0.31231,0.273499,0.640286,11,2017
"1847",2017-03-22,0.131874,0.491449,0.13268,0.645571,12,2017
"1848",2017-03-29,0.222842,0.505633,0.196037,1.053143,13,2017
"1849",2017-04-05,0.251696,0.796349,0.22377,0.666286,14,2017
"1850",2017-04-12,0.198525,0.332651,0.472706,1.246143,15,2017
"1851",2017-04-19,0.489155,0.54087,0.309486,0.508714,16,2017
"1852",2017-04-26,0.403754,0.843699,0.427274,0.095143,17,2017
"1853",2017-05-03,0.392002,0.816482,0.279189,0.433143,18,2017
"1854",2017-05-10,0.448244,1.00484,0.376161,2.272429,19,2017
"1855",2017-05-17,0.29937,1.1163,-0.255009,0.845571,20,2017
"1856",2017-05-24,0.522375,0.898877,0.58872,0.053857,21,2017
"1857",2017-05-31,0.536993,0.680954,0.665954,1.021286,22,2017
"1858",2017-06-07,0.411286,0.385419,0.719772,0.575429,23,2017
"1859",2017-06-14,0.503531,0.44562,0.395149,-0.382286,24,2017
"1860",2017-06-21,0.65852,0.691543,0.686884,0.785857,25,2017
"1861",2017-06-28,0.613723,0.56048,0.104467,1.386286,26,2017
"1862",2017-07-05,0.573187,0.505641,-0.122929,2.514857,27,2017
"1863",2017-07-12,0.432849,0.540304,0.300798,0.527286,28,2017
"1864",2017-07-19,0.345559,0.389277,0.0969834,0.294571,29,2017
"1865",2017-07-26,-0.0521388,0.68469,0.0473157,-0.977571,30,2017
"1866",2017-08-02,0.115275,0.694595,0.0506387,1.344571,31,2017
"1867",2017-08-09,-0.31627,0.624536,-0.209191,0.090857,32,2017
"1868",2017-08-16,-0.521768,0.878485,0.485439,0.079714,33,2017
"1869",2017-08-23,-0.162754,0.746522,0.323572,0.593,34,2017
"1870",2017-08-30,-0.292198,0.780756,0.624799,2.127286,35,2017
"1871",2017-09-06,-0.645597,0.694472,0.247414,0.862714,36,2017
"1872",2017-09-13,-0.649947,0.145664,-0.169292,0.188286,37,2017
"1873",2017-09-20,-0.498956,0.249701,0.0644069,1.605714,38,2017
"1874",2017-09-27,-0.298739,0.0535806,0.0893469,2.094,39,2017
"1875",2017-10-04,-0.125746,-0.00465585,0.046148,-0.106714,40,2017
"1876",2017-10-11,-0.6144,0.779784,0.484019,-0.191857,41,2017
"1877",2017-10-18,-0.914124,-0.267928,0.28606,-0.846143,42,2017
"1878",2017-10-25,-0.561488,0.0696757,0.0913182,-1.052571,43,2017
"1879",2017-11-01,-0.449851,0.175596,0.0491061,-0.632,44,2017
"1880",2017-11-08,-1.16363,-0.185965,0.134094,-0.116714,45,2017
"1881",2017-11-15,-1.11416,-0.12238,0.134493,0.882857,46,2017
"1882",2017-11-22,-0.803113,-0.0642617,-0.168653,1.242286,47,2017
"1883",2017-11-29,-0.753723,-0.00617224,0.101045,2.101714,48,2017
"1884",2017-12-06,-0.894425,-0.414431,0.0294585,1.743143,49,2017
"1885",2017-12-13,-0.820611,-0.268624,-0.417374,0.434,50,2017
"1886",2017-12-20,-1.02941,0.171343,-0.589928,0.703571,51,2017
"1887",2017-12-27,-0.628356,-0.604185,-0.11046,0.715286,52,2017
"1888",2018-01-03,-0.893605,-0.532012,-0.0832798,0.580286,1,2018
"1889",2018-01-10,-1.03381,-0.400337,0.0411288,0.307714,2,2018
"1890",2018-01-17,-0.715101,-0.180302,-0.0531648,2.839571,3,2018
"1891",2018-01-24,-0.796913,-0.205463,-0.0368837,1.266143,4,2018
"1892",2018-01-31,-0.961127,0.0956653,-0.0379021,0.636,5,2018
"1893",2018-02-07,-0.973721,0.159788,-0.115674,0.928571,6,2018
"1894",2018-02-14,-1.04762,0.316874,-0.108033,1.305,7,2018
"1895",2018-02-21,-1.14404,0.99073,-0.404971,0.662143,8,2018
"1896",2018-02-28,-0.879234,0.494304,-0.390857,1.528143,9,2018
"1897",2018-03-07,-0.820126,-0.0827901,-0.0734383,0.970571,10,2018
"1898",2018-03-14,-0.744589,-0.194279,-0.213565,-0.210286,11,2018
"1899",2018-03-21,-0.880238,0.331432,-0.5051,0.442429,12,2018
"1900",2018-03-28,-0.758019,0.596854,-0.168638,-0.709571,13,2018
"1901",2018-04-04,-0.557639,0.527823,-0.0675077,-1.605857,14,2018
"1902",2018-04-11,-0.449426,0.368829,0.0288645,-1.270571,15,2018
"1903",2018-04-18,-0.277834,0.159901,0.114025,-1.236714,16,2018
"1904",2018-04-25,-0.0773515,0.221672,0.156444,-0.966857,17,2018
"1905",2018-05-02,-0.307505,0.899643,0.147406,0.635,18,2018
"1906",2018-05-09,-0.159767,0.678583,-0.184963,0.493,19,2018
"1907",2018-05-16,-0.117273,0.734267,0.120037,-0.275429,20,2018
"1908",2018-05-23,-0.155236,0.232194,0.0829763,-0.453,21,2018
"1909",2018-05-30,-0.0232451,0.198373,-0.0348271,-0.557143,22,2018
"1910",2018-06-06,-0.0463121,-0.0673052,-0.0160951,1.110857,23,2018
"1911",2018-06-13,0.167529,0.0677555,0.257303,0.210857,24,2018
"1912",2018-06-20,0.355303,0.396365,0.371749,-0.747857,25,2018
"1913",2018-06-27,0.38258,0.173887,0.404337,-0.564,26,2018
"1914",2018-07-04,0.308925,0.831398,0.0804651,0.298,27,2018
"1915",2018-07-11,0.182617,0.616093,0.0407624,1.157,28,2018
"1916",2018-07-18,0.330075,0.671797,0.220466,0.759429,29,2018
"1917",2018-07-25,0.184929,0.0894589,-0.24536,0.165429,30,2018
"1918",2018-08-01,-0.0184954,0.286947,0.00408754,-1.495286,31,2018
"1919",2018-08-08,0.102924,0.508048,-0.658132,-0.721286,32,2018
"1920",2018-08-15,0.366108,0.323791,-0.179919,-1.45,33,2018
"1921",2018-08-22,0.222021,0.483732,0.0532479,-0.115714,34,2018
"1922",2018-08-29,0.138547,0.40476,-0.194521,1.819857,35,2018
"1923",2018-09-05,0.210714,0.160456,-0.422458,3.218429,36,2018
"1924",2018-09-12,0.263612,0.971658,0.0741124,0.894286,37,2018
"1925",2018-09-19,0.232063,1.37139,0.0181203,1.033286,38,2018
"1926",2018-09-26,0.533993,1.38904,-0.186888,0.360286,39,2018
"1927",2018-10-03,0.594767,0.65795,-0.0398369,1.962714,40,2018
"1928",2018-10-10,0.490009,0.432585,-0.118361,0.283857,41,2018
"1929",2018-10-17,0.813617,0.740862,0.0594,-0.697,42,2018
"1930",2018-10-24,0.970121,0.917289,0.27681,0.535714,43,2018
"1931",2018-10-31,1.09468,0.460614,0.248897,0.408,44,2018
"1932",2018-11-07,0.727869,0.457118,-0.207225,0.104,45,2018
"1933",2018-11-14,0.678934,0.700513,0.0866837,1.647429,46,2018
"1934",2018-11-21,1.21086,1.26128,0.0632567,1.434857,47,2018
"1935",2018-11-28,1.14181,0.99328,0.0797623,0.998143,48,2018
"1936",2018-12-05,0.982087,0.534947,0.239041,0.877857,49,2018
"1937",2018-12-12,1.04595,0.425453,0.198232,1.424714,50,2018
"1938",2018-12-19,0.960156,-0.025248,0.419373,0.658571,51,2018
"1939",2018-12-26,0.615475,0.227458,0.165571,0.759429,52,2018
"1940",2019-01-02,0.655983,0.709862,0.222395,1.312857,1,2019
"1941",2019-01-09,0.337573,0.0520147,-0.10466,0.117,2,2019
"1942",2019-01-16,0.435424,-0.0725379,0.0390768,0.223,3,2019
"1943",2019-01-23,0.338871,-0.299282,0.565034,0.788571,4,2019
"1944",2019-01-30,0.233872,0.0116476,0.444281,0.766143,5,2019
"1945",2019-02-06,0.302776,-0.0397693,0.367436,1.604,6,2019
"1946",2019-02-13,0.490006,0.279276,0.0410349,-0.569143,7,2019
"1947",2019-02-20,0.646554,-0.000704379,0.523317,-2.240286,8,2019
"1948",2019-02-27,1.03145,-0.320183,0.385597,-1.308571,9,2019
"1949",2019-03-06,0.932047,-0.285212,0.310694,-0.150857,10,2019
"1950",2019-03-13,0.895043,0.105578,0.781928,0.766571,11,2019
"1951",2019-03-20,1.01383,0.411253,1.0545,1.148857,12,2019
"1952",2019-03-27,0.908319,0.245548,1.01236,1.124429,13,2019
"1953",2019-04-03,0.881946,0.0848774,1.04441,1.314571,14,2019
"1954",2019-04-10,0.864856,-0.10286,0.934163,0.232286,15,2019
"1955",2019-04-17,0.732342,0.186927,0.400396,-0.502,16,2019
"1956",2019-04-24,0.870464,0.194737,0.302322,0.712143,17,2019
"1957",2019-05-01,0.816244,0.599262,0.397147,0.318857,18,2019
"1958",2019-05-08,0.458701,0.676996,0.324997,1.665857,19,2019
"1959",2019-05-15,0.600868,1.38705,0.173003,1.487429,20,2019
"1960",2019-05-22,0.779618,1.76262,0.201747,-0.713143,21,2019
"1961",2019-05-29,0.920622,1.13794,0.434677,-1.640857,22,2019
"1962",2019-06-05,0.829028,0.721985,-0.105305,0.883714,23,2019
"1963",2019-06-12,0.685006,0.607071,0.270105,1.928857,24,2019
"1964",2019-06-19,0.474892,0.395428,0.109594,1.746714,25,2019
"1965",2019-06-26,0.285856,0.936827,0.0522384,1.423286,26,2019
"1966",2019-07-03,0.510041,0.792843,-0.283049,0.769857,27,2019
"1967",2019-07-10,0.315986,0.598523,-0.145636,-1.062571,28,2019
"1968",2019-07-17,0.131912,1.01671,0.238404,-1.263143,29,2019
"1969",2019-07-24,0.371793,0.409453,-0.114647,-0.228714,30,2019
"1970",2019-07-31,0.444291,0.228606,0.365596,0.059143,31,2019
"1971",2019-08-07,0.317096,1.55116,0.150577,-2.016429,32,2019
"1972",2019-08-14,0.0610317,1.62312,-0.514158,-1.169143,33,2019
"1973",2019-08-21,-0.078933,1.59804,-0.358061,-0.608857,34,2019
"1974",2019-08-28,-0.305376,1.54426,-0.799841,-0.584714,35,2019
"1975",2019-09-04,-0.221286,0.735569,-0.398596,-0.272429,36,2019
"1976",2019-09-11,-0.398793,1.11174,-0.149093,0.580857,37,2019
"1977",2019-09-18,-0.285206,1.6959,0.23138,1.518571,38,2019
"1978",2019-09-25,0.414348,1.6802,0.0036104,0.599,39,2019
"1979",2019-10-02,0.40978,1.9339,0.167583,0.061571,40,2019
"1980",2019-10-09,0.342569,2.8499,-0.510629,-0.077429,41,2019
"1981",2019-10-16,0.716577,1.99883,0.0279359,-0.107429,42,2019
"1982",2019-10-23,0.552692,2.12244,-0.0923174,-2.346429,43,2019
"1983",2019-10-30,0.666103,3.09088,0.469975,-2.244571,44,2019
"1984",2019-11-06,0.465702,2.4834,0.150381,-2.451857,45,2019
"1985",2019-11-13,0.70403,2.30905,0.618888,-0.979571,46,2019
"1986",2019-11-20,0.698564,2.47658,0.881837,-1.816714,47,2019
"1987",2019-11-27,0.372329,1.86552,1.12514,-1.721857,48,2019
"1988",2019-12-04,0.244616,1.14582,0.566105,-2.648286,49,2019
"1989",2019-12-11,0.466288,1.23583,1.11371,-1.576,50,2019
"1990",2019-12-18,0.56083,0.951057,0.521499,-1.505714,51,2019
"1991",2019-12-25,0.365447,0.438796,1.07561,0.151714,52,2019
"1992",2020-01-01,0.595587,0.575427,0.739575,-0.371286,1,2020
"1993",2020-01-08,0.451084,0.39775,1.33632,-0.855571,2,2020
"1994",2020-01-15,0.306896,-0.0868709,1.40142,0.521857,3,2020
"1995",2020-01-22,0.176301,0.495254,1.11579,-0.429143,4,2020
"1996",2020-01-29,0.654098,0.28662,1.3065,-0.188429,5,2020
"1997",2020-02-05,0.130515,0.0638525,1.03367,0.448714,6,2020
"1998",2020-02-12,0.0340956,0.180712,0.308381,-0.010143,7,2020
"1999",2020-02-19,0.498286,-0.39103,0.384398,0.209286,8,2020
"2000",2020-02-26,0.425544,-0.589085,0.362319,0.606,9,2020
"2001",2020-03-04,0.441416,-0.783448,0.657167,0.821286,10,2020
"2002",2020-03-11,0.461576,-0.520606,1.11587,1.797571,11,2020
"2003",2020-03-18,0.758939,-0.0784632,0.779506,1.454857,12,2020
"2004",2020-03-25,0.436536,0.155011,0.721907,1.581143,13,2020
"2005",2020-04-01,0.569949,0.536039,0.688766,0.990333,14,2020
