"","NEAus.anom","SEAus.anom","date","week","year"
"1",5.05381,6.74014,2001-01-03,1,2001
"2",9.39506,7.9474,2001-01-10,2,2001
"3",18.73,20.2604,2001-01-17,3,2001
"4",10.8904,16.7419,2001-01-24,4,2001
"5",7.87813,3.64503,2001-01-31,5,2001
"6",3.25011,-5.01686,2001-02-07,6,2001
"7",-2.41382,-6.78049,2001-02-14,7,2001
"8",-3.79587,-1.03675,2001-02-21,8,2001
"9",1.14625,1.70236,2001-02-28,9,2001
"10",-0.980045,-2.41483,2001-03-07,10,2001
"11",-0.0518412,1.45955,2001-03-14,11,2001
"12",2.6948,-2.82959,2001-03-21,12,2001
"13",-0.965962,-1.43339,2001-03-28,13,2001
"14",-4.30693,2.51604,2001-04-04,14,2001
"15",-2.45508,-1.09171,2001-04-11,15,2001
"16",-2.89668,0.826589,2001-04-18,16,2001
"17",-2.69004,0.186894,2001-04-25,17,2001
"18",5.97205,6.53927,2001-05-02,18,2001
"19",2.60775,3.72915,2001-05-09,19,2001
"20",0.177494,1.60434,2001-05-16,20,2001
"21",0.699004,1.74174,2001-05-23,21,2001
"22",2.42257,2.73149,2001-05-30,22,2001
"23",4.65233,4.00932,2001-06-06,23,2001
"24",7.09975,5.33753,2001-06-13,24,2001
"25",9.57497,6.56767,2001-06-20,25,2001
"26",11.9737,7.61974,2001-06-27,26,2001
"27",14.1894,8.42237,2001-07-04,27,2001
"28",16.1181,8.91612,2001-07-11,28,2001
"29",17.6553,9.05465,2001-07-18,29,2001
"30",18.6885,8.80462,2001-07-25,30,2001
"31",19.0662,8.13704,2001-08-01,31,2001
"32",18.5021,6.99411,2001-08-08,32,2001
"33",16.3076,5.19857,2001-08-15,33,2001
"34",10.6866,2.18514,2001-08-22,34,2001
"35",7.9226,1.68276,2001-08-29,35,2001
"36",26.9433,12.4055,2001-09-05,36,2001
"37",13.1461,5.50515,2001-09-12,37,2001
"38",9.45811,10.5636,2001-09-19,38,2001
"39",7.84316,9.28694,2001-09-26,39,2001
"40",4.23884,-1.77698,2001-10-03,40,2001
"41",10.5017,-4.76665,2001-10-10,41,2001
"42",-8.05596,-4.61918,2001-10-17,42,2001
"43",4.02504,5.70188,2001-10-24,43,2001
"44",10.5888,-0.789576,2001-10-31,44,2001
"45",25.6337,0.400711,2001-11-07,45,2001
"46",-2.5947,-5.07093,2001-11-14,46,2001
"47",3.39568,-3.59083,2001-11-21,47,2001
"48",-3.5344,-5.62222,2001-11-28,48,2001
"49",17.4291,8.08802,2001-12-05,49,2001
"50",10.4575,-3.10277,2001-12-12,50,2001
"51",-0.458144,0.798813,2001-12-19,51,2001
"52",9.4053,0.728484,2001-12-26,52,2001
"53",12.9268,-0.626315,2002-01-02,1,2002
"54",1.33311,-0.839279,2002-01-09,2,2002
"55",1.90081,0.80388,2002-01-16,3,2002
"56",3.77468,2.93982,2002-01-23,4,2002
"57",7.67365,3.31643,2002-01-30,5,2002
"58",11.2874,-0.991115,2002-02-06,6,2002
"59",8.20611,0.100833,2002-02-13,7,2002
"60",3.71944,1.97753,2002-02-20,8,2002
"61",1.09711,1.04897,2002-02-27,9,2002
"62",5.88098,4.26702,2002-03-06,10,2002
"63",6.74747,3.75922,2002-03-13,11,2002
"64",4.26552,8.93268,2002-03-20,12,2002
"65",-2.08054,-5.14523,2002-03-27,13,2002
"66",2.78239,2.39825,2002-04-03,14,2002
"67",-0.456545,5.4046,2002-04-10,15,2002
"68",0.176833,2.95084,2002-04-17,16,2002
"69",3.51861,4.82879,2002-04-24,17,2002
"70",1.34115,3.06702,2002-05-01,18,2002
"71",0.476064,4.20803,2002-05-08,19,2002
"72",1.41146,3.44215,2002-05-15,20,2002
"73",2.76916,0.883631,2002-05-22,21,2002
"74",2.8591,3.42639,2002-05-29,22,2002
"75",2.63625,4.4268,2002-06-05,23,2002
"76",2.59087,3.53431,2002-06-12,24,2002
"77",0.712205,2.9365,2002-06-19,25,2002
"78",0.728022,4.33565,2002-06-26,26,2002
"79",3.08761,3.50026,2002-07-03,27,2002
"80",2.70089,4.86344,2002-07-10,28,2002
"81",6.57474,4.68801,2002-07-17,29,2002
"82",5.7934,4.14314,2002-07-24,30,2002
"83",5.83925,6.75607,2002-07-31,31,2002
"84",2.74042,-0.6806,2002-08-07,32,2002
"85",-1.70876,2.89879,2002-08-14,33,2002
"86",2.30877,-0.560171,2002-08-21,34,2002
"87",7.29494,4.42743,2002-08-28,35,2002
"88",10.9031,10.8431,2002-09-04,36,2002
"89",11.132,3.33468,2002-09-11,37,2002
"90",10.1014,8.96185,2002-09-18,38,2002
"91",18.5359,5.76893,2002-09-25,39,2002
"92",22.3001,15.0313,2002-10-02,40,2002
"93",24.2772,17.0087,2002-10-09,41,2002
"94",24.225,19.8818,2002-10-16,42,2002
"95",19.7132,13.2101,2002-10-23,43,2002
"96",19.7902,14.6333,2002-10-30,44,2002
"97",26.4911,16.4624,2002-11-06,45,2002
"98",25.0247,21.513,2002-11-13,46,2002
"99",6.89695,17.3365,2002-11-20,47,2002
"100",2.15677,11.1005,2002-11-27,48,2002
"101",4.54445,10.2431,2002-12-04,49,2002
"102",8.30224,11.9353,2002-12-11,50,2002
"103",11.264,12.44,2002-12-18,51,2002
"104",10.5557,7.09645,2002-12-25,52,2002
"105",5.42634,-2.372,2003-01-01,1,2003
"106",3.74673,5.62898,2003-01-08,2,2003
"107",3.99971,7.06302,2003-01-15,3,2003
"108",19.5247,22.6806,2003-01-22,4,2003
"109",12.4926,12.0545,2003-01-29,5,2003
"110",5.04743,9.78719,2003-02-05,6,2003
"111",7.85422,12.2899,2003-02-12,7,2003
"112",2.81189,8.18249,2003-02-19,8,2003
"113",-2.07375,-0.777511,2003-02-26,9,2003
"114",6.47027,2.2888,2003-03-05,10,2003
"115",3.04605,-0.0354916,2003-03-12,11,2003
"116",4.30626,0.130044,2003-03-19,12,2003
"117",2.95461,1.01797,2003-03-26,13,2003
"118",2.4643,1.55723,2003-04-02,14,2003
"119",3.02506,1.41957,2003-04-09,15,2003
"120",-1.12863,-1.62623,2003-04-16,16,2003
"121",-0.997105,2.37835,2003-04-23,17,2003
"122",2.45667,0.737835,2003-04-30,18,2003
"123",0.795865,3.7645,2003-05-07,19,2003
"124",1.53357,1.80857,2003-05-14,20,2003
"125",2.32966,2.57555,2003-05-21,21,2003
"126",2.17181,2.71629,2003-05-28,22,2003
"127",5.24437,4.33636,2003-06-04,23,2003
"128",3.54311,4.18587,2003-06-11,24,2003
"129",3.97054,3.3614,2003-06-18,25,2003
"130",8.04589,3.23717,2003-06-25,26,2003
"131",7.42186,4.67351,2003-07-02,27,2003
"132",6.19669,5.02997,2003-07-09,28,2003
"133",2.79547,5.0803,2003-07-16,29,2003
"134",4.76854,4.0237,2003-07-23,30,2003
"135",4.82468,4.02849,2003-07-30,31,2003
"136",2.17538,3.79049,2003-08-06,32,2003
"137",-1.18921,1.86591,2003-08-13,33,2003
"138",2.19263,-1.61746,2003-08-20,34,2003
"139",1.01051,-2.99084,2003-08-27,35,2003
"140",-2.29056,-3.28508,2003-09-03,36,2003
"141",-2.1348,1.97244,2003-09-10,37,2003
"142",-1.52637,9.05369,2003-09-17,38,2003
"143",-0.424542,2.84433,2003-09-24,39,2003
"144",-3.65905,-3.28193,2003-10-01,40,2003
"145",-1.54255,-0.692147,2003-10-08,41,2003
"146",-5.09762,-4.70901,2003-10-15,42,2003
"147",-4.74508,2.76832,2003-10-22,43,2003
"148",13.3404,-1.64393,2003-10-29,44,2003
"149",3.00702,-0.108791,2003-11-05,45,2003
"150",-3.72759,0.0818261,2003-11-12,46,2003
"151",-1.73342,3.53671,2003-11-19,47,2003
"152",-2.9822,-2.94776,2003-11-26,48,2003
"153",-6.14954,-3.03032,2003-12-03,49,2003
"154",-1.24013,0.294889,2003-12-10,50,2003
"155",2.44729,2.4907,2003-12-17,51,2003
"156",3.86566,3.61067,2003-12-24,52,2003
"157",4.18197,4.04028,2003-12-31,53,2003
"158",4.10781,3.9669,2004-01-07,1,2004
"159",2.92648,2.70306,2004-01-14,2,2004
"160",0.777405,-0.547757,2004-01-21,3,2004
"161",-2.01055,-4.84924,2004-01-28,4,2004
"162",-2.83642,-1.61035,2004-02-04,5,2004
"163",-3.13467,2.29196,2004-02-11,6,2004
"164",-1.39311,1.69648,2004-02-18,7,2004
"165",-1.21899,-1.44286,2004-02-25,8,2004
"166",-2.39675,-2.52722,2004-03-03,9,2004
"167",-1.55029,-2.24899,2004-03-10,10,2004
"168",-0.488562,1.06672,2004-03-17,11,2004
"169",1.26851,0.839272,2004-03-24,12,2004
"170",0.662084,1.53192,2004-03-31,13,2004
"171",-0.718281,1.3168,2004-04-07,14,2004
"172",-0.529376,5.01139,2004-04-14,15,2004
"173",0.074003,0.690086,2004-04-21,16,2004
"174",-2.34125,-1.52506,2004-04-28,17,2004
"175",-1.74096,-0.579554,2004-05-05,18,2004
"176",-0.11763,1.35284,2004-05-12,19,2004
"177",2.24478,1.12577,2004-05-19,20,2004
"178",-0.251283,-2.28685,2004-05-26,21,2004
"179",-2.67286,-0.733085,2004-06-02,22,2004
"180",0.0922569,1.89908,2004-06-09,23,2004
"181",2.28604,1.71072,2004-06-16,24,2004
"182",0.240107,2.25546,2004-06-23,25,2004
"183",1.69486,1.99002,2004-06-30,26,2004
"184",2.13292,2.55952,2004-07-07,27,2004
"185",3.38422,1.75567,2004-07-14,28,2004
"186",5.11724,3.13756,2004-07-21,29,2004
"187",-0.117829,1.19051,2004-07-28,30,2004
"188",-2.15956,0.36944,2004-08-04,31,2004
"189",-0.371614,0.668436,2004-08-11,32,2004
"190",-2.92277,-0.445056,2004-08-18,33,2004
"191",4.62626,3.52831,2004-08-25,34,2004
"192",-2.05214,-2.76943,2004-09-01,35,2004
"193",-1.43995,-5.72273,2004-09-08,36,2004
"194",-2.89771,-3.44811,2004-09-15,37,2004
"195",1.10433,3.06755,2004-09-22,38,2004
"196",2.5011,9.83684,2004-09-29,39,2004
"197",8.17651,8.6744,2004-10-06,40,2004
"198",24.2798,24.8763,2004-10-13,41,2004
"199",16.0222,1.89117,2004-10-20,42,2004
"200",31.6191,8.0685,2004-10-27,43,2004
"201",18.3785,0.72626,2004-11-03,44,2004
"202",19.0371,-2.76297,2004-11-10,45,2004
"203",13.0609,2.03999,2004-11-17,46,2004
"204",-2.3723,-1.40622,2004-11-24,47,2004
"205",1.22304,6.78188,2004-12-01,48,2004
"206",-1.07333,-1.3024,2004-12-08,49,2004
"207",4.32184,0.874962,2004-12-15,50,2004
"208",2.72517,1.88442,2004-12-22,51,2004
"209",-4.85717,-2.57604,2004-12-29,52,2004
"210",-0.0691429,-3.91216,2005-01-05,1,2005
"211",0.0840146,6.17347,2005-01-12,2,2005
"212",-3.48009,-0.983995,2005-01-19,3,2005
"213",0.55099,-0.539195,2005-01-26,4,2005
"214",2.80228,0.327276,2005-02-02,5,2005
"215",2.39202,0.880796,2005-02-09,6,2005
"216",1.57439,0.481563,2005-02-16,7,2005
"217",4.39009,1.18233,2005-02-23,8,2005
"218",0.657572,2.33544,2005-03-02,9,2005
"219",3.93395,-2.06901,2005-03-09,10,2005
"220",-0.141263,0.427022,2005-03-16,11,2005
"221",5.42936,0.326907,2005-03-23,12,2005
"222",0.148432,3.73025,2005-03-30,13,2005
"223",0.664755,1.00753,2005-04-06,14,2005
"224",-0.112216,2.618,2005-04-13,15,2005
"225",2.54041,4.54408,2005-04-20,16,2005
"226",-0.366953,6.52896,2005-04-27,17,2005
"227",4.52039,6.36419,2005-05-04,18,2005
"228",2.38188,2.71207,2005-05-11,19,2005
"229",3.37744,4.18905,2005-05-18,20,2005
"230",3.58405,4.32487,2005-05-25,21,2005
"231",0.724171,4.36608,2005-06-01,22,2005
"232",3.21223,5.50467,2005-06-08,23,2005
"233",4.06828,3.21575,2005-06-15,24,2005
"234",2.15747,3.37583,2005-06-22,25,2005
"235",1.9311,2.43217,2005-06-29,26,2005
"236",-0.780766,1.21752,2005-07-06,27,2005
"237",0.588152,-0.225178,2005-07-13,28,2005
"238",-2.27311,0.0547686,2005-07-20,29,2005
"239",-0.657778,2.14974,2005-07-27,30,2005
"240",-2.89707,0.313022,2005-08-03,31,2005
"241",-0.968477,1.46238,2005-08-10,32,2005
"242",0.835726,1.20687,2005-08-17,33,2005
"243",0.877108,3.02118,2005-08-24,34,2005
"244",-0.212189,4.32687,2005-08-31,35,2005
"245",3.6686,23.3806,2005-09-07,36,2005
"246",2.77874,2.47207,2005-09-14,37,2005
"247",6.10079,13.5379,2005-09-21,38,2005
"248",3.55307,10.3372,2005-09-28,39,2005
"249",7.61396,16.1932,2005-10-05,40,2005
"250",2.18011,16.4264,2005-10-12,41,2005
"251",0.844111,7.68228,2005-10-19,42,2005
"252",-3.85808,2.74412,2005-10-26,43,2005
"253",-4.93152,6.03929,2005-11-02,44,2005
"254",-1.49456,7.2554,2005-11-09,45,2005
"255",-2.82448,-1.22779,2005-11-16,46,2005
"256",-3.53182,-1.70004,2005-11-23,47,2005
"257",-3.00663,-5.49694,2005-11-30,48,2005
"258",-3.10207,-0.335291,2005-12-07,49,2005
"259",5.35274,-0.875026,2005-12-14,50,2005
"260",1.49608,3.04352,2005-12-21,51,2005
"261",-0.580144,4.36265,2005-12-28,52,2005
"262",2.11041,5.24645,2006-01-04,1,2006
"263",1.55588,1.73513,2006-01-11,2,2006
"264",-6.8211,0.265743,2006-01-18,3,2006
"265",-4.53844,3.32814,2006-01-25,4,2006
"266",-4.90133,1.67149,2006-02-01,5,2006
"267",3.00469,-0.337558,2006-02-08,6,2006
"268",-0.085862,0.668017,2006-02-15,7,2006
"269",0.148397,-1.13206,2006-02-22,8,2006
"270",-2.00555,-3.14198,2006-03-01,9,2006
"271",-0.6576,0.341807,2006-03-08,10,2006
"272",-2.26793,0.645102,2006-03-15,11,2006
"273",-2.74076,-1.55341,2006-03-22,12,2006
"274",-1.64486,-1.1321,2006-03-29,13,2006
"275",-1.32397,-2.77294,2006-04-05,14,2006
"276",-3.65682,-3.30164,2006-04-12,15,2006
"277",-3.67456,-4.57625,2006-04-19,16,2006
"278",-2.89323,-0.745118,2006-04-26,17,2006
"279",-2.24659,-2.68217,2006-05-03,18,2006
"280",0.525944,-2.6581,2006-05-10,19,2006
"281",-0.140318,-1.00118,2006-05-17,20,2006
"282",-0.718885,-2.70223,2006-05-24,21,2006
"283",1.94685,0.355854,2006-05-31,22,2006
"284",-0.468738,-0.867754,2006-06-07,23,2006
"285",-2.84807,0.441695,2006-06-14,24,2006
"286",0.0858691,2.96522,2006-06-21,25,2006
"287",0.0993694,0.919833,2006-06-28,26,2006
"288",-1.08684,1.0584,2006-07-05,27,2006
"289",-0.820663,1.18161,2006-07-12,28,2006
"290",-0.425594,-1.37257,2006-07-19,29,2006
"291",-1.03687,-2.28056,2006-07-26,30,2006
"292",1.10314,1.17971,2006-08-02,31,2006
"293",0.341771,-0.392198,2006-08-09,32,2006
"294",2.50498,-0.227196,2006-08-16,33,2006
"295",3.01655,1.56314,2006-08-23,34,2006
"296",2.36531,1.409,2006-08-30,35,2006
"297",0.802892,-0.270674,2006-09-06,36,2006
"298",-0.737934,-2.55851,2006-09-13,37,2006
"299",6.02866,17.139,2006-09-20,38,2006
"300",6.0537,0.857234,2006-09-27,39,2006
"301",2.71488,-2.86961,2006-10-04,40,2006
"302",5.91721,1.71877,2006-10-11,41,2006
"303",6.0885,3.24338,2006-10-18,42,2006
"304",-0.406708,-4.33961,2006-10-25,43,2006
"305",10.8845,-10.1123,2006-11-01,44,2006
"306",1.77538,-3.04748,2006-11-08,45,2006
"307",11.7726,-4.67526,2006-11-15,46,2006
"308",11.468,13.2232,2006-11-22,47,2006
"309",21.0406,27.8633,2006-11-29,48,2006
"310",21.8306,-1.6701,2006-12-06,49,2006
"311",1.97,7.30171,2006-12-13,50,2006
"312",9.2466,13.1874,2006-12-20,51,2006
"313",-1.07365,-3.35243,2006-12-27,52,2006
"314",2.51844,0.449056,2007-01-03,1,2007
"315",1.79455,4.66732,2007-01-10,2,2007
"316",-0.232696,16.009,2007-01-17,3,2007
"317",5.30878,1.20408,2007-01-24,4,2007
"318",5.408,2.0348,2007-01-31,5,2007
"319",7.08656,5.77585,2007-02-07,6,2007
"320",4.57968,0.245606,2007-02-14,7,2007
"321",3.14916,4.85565,2007-02-21,8,2007
"322",5.0298,6.65316,2007-02-28,9,2007
"323",3.69766,4.40571,2007-03-07,10,2007
"324",5.91169,4.71724,2007-03-14,11,2007
"325",-1.31787,1.25217,2007-03-21,12,2007
"326",-2.6585,-1.01941,2007-03-28,13,2007
"327",1.60272,1.46017,2007-04-04,14,2007
"328",-1.01441,2.73643,2007-04-11,15,2007
"329",2.26651,3.95723,2007-04-18,16,2007
"330",2.90304,4.16572,2007-04-25,17,2007
"331",1.57414,2.89032,2007-05-02,18,2007
"332",1.44134,3.41922,2007-05-09,19,2007
"333",2.43462,1.05329,2007-05-16,20,2007
"334",3.47663,1.95132,2007-05-23,21,2007
"335",2.05851,1.20228,2007-05-30,22,2007
"336",0.917495,1.81683,2007-06-06,23,2007
"337",3.90833,3.42511,2007-06-13,24,2007
"338",1.42082,-0.254076,2007-06-20,25,2007
"339",-0.458549,2.21878,2007-06-27,26,2007
"340",1.09974,4.35095,2007-07-04,27,2007
"341",1.28445,3.33042,2007-07-11,28,2007
"342",3.53667,3.71409,2007-07-18,29,2007
"343",1.89596,1.27166,2007-07-25,30,2007
"344",-0.845994,-0.960064,2007-08-01,31,2007
"345",-0.96604,0.801826,2007-08-08,32,2007
"346",-1.78142,0.172982,2007-08-15,33,2007
"347",-2.39088,0.391289,2007-08-22,34,2007
"348",-6.67377,-2.0913,2007-08-29,35,2007
"349",-3.41034,-0.0871907,2007-09-05,36,2007
"350",-0.0952767,0.766747,2007-09-12,37,2007
"351",21.3003,21.4797,2007-09-19,38,2007
"352",8.50154,13.2899,2007-09-26,39,2007
"353",7.45558,18.0415,2007-10-03,40,2007
"354",12.3652,12.0853,2007-10-10,41,2007
"355",20.3448,29.3084,2007-10-17,42,2007
"356",2.90016,13.3904,2007-10-24,43,2007
"357",2.86761,3.2755,2007-10-31,44,2007
"358",-0.365851,-2.30752,2007-11-07,45,2007
"359",-4.0835,1.88625,2007-11-14,46,2007
"360",-5.48659,3.15197,2007-11-21,47,2007
"361",-6.05505,1.7171,2007-11-28,48,2007
"362",3.89672,2.78536,2007-12-05,49,2007
"363",4.51341,2.10337,2007-12-12,50,2007
"364",-2.7072,-2.60535,2007-12-19,51,2007
"365",-8.651,-3.6633,2007-12-26,52,2007
"366",-6.92393,-0.218243,2008-01-02,1,2008
"367",-0.567475,0.478117,2008-01-09,2,2008
"368",1.13987,-0.805983,2008-01-16,3,2008
"369",2.70077,-2.32318,2008-01-23,4,2008
"370",-1.15507,-2.01547,2008-01-30,5,2008
"371",2.56122,-4.44065,2008-02-06,6,2008
"372",5.94898,-4.87605,2008-02-13,7,2008
"373",1.60039,-0.69911,2008-02-20,8,2008
"374",3.34864,-3.8154,2008-02-27,9,2008
"375",1.32853,1.2288,2008-03-05,10,2008
"376",0.854158,5.52708,2008-03-12,11,2008
"377",-1.84058,2.05928,2008-03-19,12,2008
"378",-1.37944,-3.95187,2008-03-26,13,2008
"379",-0.681453,-0.81716,2008-04-02,14,2008
"380",-0.877101,-0.620425,2008-04-09,15,2008
"381",-1.17635,-1.16546,2008-04-16,16,2008
"382",-0.71946,-0.285866,2008-04-23,17,2008
"383",-0.10737,-1.66393,2008-04-30,18,2008
"384",1.18795,-0.761087,2008-05-07,19,2008
"385",1.2204,1.45518,2008-05-14,20,2008
"386",-0.940297,-0.705295,2008-05-21,21,2008
"387",-0.545725,2.26851,2008-05-28,22,2008
"388",0.121325,2.36347,2008-06-04,23,2008
"389",2.09644,-2.08119,2008-06-11,24,2008
"390",-0.359513,-0.124118,2008-06-18,25,2008
"391",0.116678,2.83391,2008-06-25,26,2008
"392",1.76147,3.67128,2008-07-02,27,2008
"393",2.5659,2.32018,2008-07-09,28,2008
"394",4.09612,7.71718,2008-07-16,29,2008
"395",-1.07002,0.035449,2008-07-23,30,2008
"396",-1.77835,0.998107,2008-07-30,31,2008
"397",1.06007,-2.21677,2008-08-06,32,2008
"398",-3.2878,-3.08944,2008-08-13,33,2008
"399",-2.8596,-3.60285,2008-08-20,34,2008
"400",-7.84755,-3.30803,2008-08-27,35,2008
"401",-10.505,-7.62587,2008-09-03,36,2008
"402",-7.3272,-2.40579,2008-09-10,37,2008
"403",-8.26301,-2.64666,2008-09-17,38,2008
"404",-8.47087,-8.05609,2008-09-24,39,2008
"405",-14.2066,-5.41537,2008-10-01,40,2008
"406",-16.9904,-7.68157,2008-10-08,41,2008
"407",-10.9004,-0.12551,2008-10-15,42,2008
"408",-5.17745,0.478281,2008-10-22,43,2008
"409",-3.99331,5.81186,2008-10-29,44,2008
"410",-6.0928,-3.56241,2008-11-05,45,2008
"411",-11.2512,-6.06549,2008-11-12,46,2008
"412",-7.52689,-7.75294,2008-11-19,47,2008
"413",-9.64909,-9.45966,2008-11-26,48,2008
"414",-10.2517,-5.74971,2008-12-03,49,2008
"415",-10.0158,-6.92786,2008-12-10,50,2008
"416",-11.3939,-6.18595,2008-12-17,51,2008
"417",-2.35703,-4.30448,2008-12-24,52,2008
"418",-5.76846,-4.3148,2008-12-31,53,2008
"419",-5.6197,-1.87166,2009-01-07,1,2009
"420",-4.03377,-2.83904,2009-01-14,2,2009
"421",0.835122,-1.79795,2009-01-21,3,2009
"422",-1.75158,0.538314,2009-01-28,4,2009
"423",-2.00118,5.1359,2009-02-04,5,2009
"424",1.49326,6.30737,2009-02-11,6,2009
"425",4.87621,0.75471,2009-02-18,7,2009
"426",-0.799439,1.95769,2009-02-25,8,2009
"427",2.29514,-1.11307,2009-03-04,9,2009
"428",0.485251,-3.59788,2009-03-11,10,2009
"429",-2.99578,-4.39842,2009-03-18,11,2009
"430",-1.68989,-2.06238,2009-03-25,12,2009
"431",-5.17243,-1.56154,2009-04-01,13,2009
"432",-3.89247,-4.58036,2009-04-08,14,2009
"433",-0.981757,-3.84129,2009-04-15,15,2009
"434",-1.32496,-1.35046,2009-04-22,16,2009
"435",-2.09769,-3.97168,2009-04-29,17,2009
"436",-1.1381,-1.15063,2009-05-06,18,2009
"437",2.33364,-0.668209,2009-05-13,19,2009
"438",-2.09108,-2.88428,2009-05-20,20,2009
"439",0.154316,-1.36615,2009-05-27,21,2009
"440",-1.68334,-2.57884,2009-06-03,22,2009
"441",-1.01932,-2.55833,2009-06-10,23,2009
"442",1.5165,-0.283805,2009-06-17,24,2009
"443",4.46915,-1.57063,2009-06-24,25,2009
"444",1.59027,-0.481315,2009-07-01,26,2009
"445",0.803368,-1.38478,2009-07-08,27,2009
"446",-0.394508,-3.87565,2009-07-15,28,2009
"447",-1.69661,-2.59499,2009-07-22,29,2009
"448",-2.23212,-2.94825,2009-07-29,30,2009
"449",-2.96949,-3.67613,2009-08-05,31,2009
"450",-4.181,-4.32783,2009-08-12,32,2009
"451",-5.81912,-5.04504,2009-08-19,33,2009
"452",-7.7851,-5.81345,2009-08-26,34,2009
"453",-9.91521,-6.5525,2009-09-02,35,2009
"454",-11.9897,-7.23623,2009-09-09,36,2009
"455",-13.6181,-7.91196,2009-09-16,37,2009
"456",-14.0756,-8.95625,2009-09-23,38,2009
"457",-11.7734,-11.5631,2009-09-30,39,2009
"458",-7.20996,-16.6801,2009-10-07,40,2009
"459",-6.01251,-15.3454,2009-10-14,41,2009
"460",3.21869,0.662467,2009-10-21,42,2009
"461",-8.89575,-5.33048,2009-10-28,43,2009
"462",-7.16962,-5.00598,2009-11-04,44,2009
"463",-12.5868,-3.35745,2009-11-11,45,2009
"464",1.00201,8.96429,2009-11-18,46,2009
"465",-9.66866,1.03889,2009-11-25,47,2009
"466",-5.51758,-10.1955,2009-12-02,48,2009
"467",1.971,-1.68382,2009-12-09,49,2009
"468",5.84835,-0.77965,2009-12-16,50,2009
"469",-2.91507,-4.34461,2009-12-23,51,2009
"470",-8.23009,-5.42062,2009-12-30,52,2009
"471",-13.6983,-6.54012,2010-01-06,1,2010
"472",-6.35396,-2.24478,2010-01-13,2,2010
"473",-2.73972,-3.8163,2010-01-20,3,2010
"474",3.2982,0.811831,2010-01-27,4,2010
"475",-2.89607,-5.94579,2010-02-03,5,2010
"476",-3.76868,-4.76725,2010-02-10,6,2010
"477",1.03417,-3.55276,2010-02-17,7,2010
"478",-3.15202,-2.19649,2010-02-24,8,2010
"479",-1.15723,-5.4777,2010-03-03,9,2010
"480",-3.11594,-5.1373,2010-03-10,10,2010
"481",-6.28978,-3.04403,2010-03-17,11,2010
"482",-6.26249,-0.577828,2010-03-24,12,2010
"483",-4.77559,-3.07916,2010-03-31,13,2010
"484",-2.17399,-2.49051,2010-04-07,14,2010
"485",-3.21411,-3.88852,2010-04-14,15,2010
"486",-7.36962,-3.24215,2010-04-21,16,2010
"487",-1.07386,-3.58191,2010-04-28,17,2010
"488",-1.94994,-2.0248,2010-05-05,18,2010
"489",-1.8799,-2.10466,2010-05-12,19,2010
"490",-2.47928,-0.224382,2010-05-19,20,2010
"491",-2.46806,-0.954785,2010-05-26,21,2010
"492",-1.94889,-0.344379,2010-06-02,22,2010
"493",-0.884278,-2.49855,2010-06-09,23,2010
"494",0.995925,-0.200849,2010-06-16,24,2010
"495",-0.761375,0.741608,2010-06-23,25,2010
"496",-0.852985,-0.851721,2010-06-30,26,2010
"497",-5.80583,-1.30936,2010-07-07,27,2010
"498",-3.41446,0.592955,2010-07-14,28,2010
"499",-1.83509,-2.4242,2010-07-21,29,2010
"500",-2.30117,-2.43723,2010-07-28,30,2010
"501",-4.74047,-5.03753,2010-08-04,31,2010
"502",-5.0775,-4.54588,2010-08-11,32,2010
"503",-10.6544,-6.76962,2010-08-18,33,2010
"504",-11.3304,-3.24314,2010-08-25,34,2010
"505",-12.6253,-4.83219,2010-09-01,35,2010
"506",-13.7865,2.18626,2010-09-08,36,2010
"507",-16.8233,-7.18232,2010-09-15,37,2010
"508",-15.3626,7.70553,2010-09-22,38,2010
"509",-5.53656,2.46636,2010-09-29,39,2010
"510",-8.72611,11.6941,2010-10-06,40,2010
"511",-3.05159,15.5869,2010-10-13,41,2010
"512",-4.68587,-0.359108,2010-10-20,42,2010
"513",2.11057,10.7585,2010-10-27,43,2010
"514",-3.95408,0.523606,2010-11-03,44,2010
"515",-3.51396,-1.94134,2010-11-10,45,2010
"516",-8.92698,-5.16305,2010-11-17,46,2010
"517",-9.81373,-2.60661,2010-11-24,47,2010
"518",-12.135,-8.33092,2010-12-01,48,2010
"519",-8.18009,-7.06878,2010-12-08,49,2010
"520",-11.0626,-7.18192,2010-12-15,50,2010
"521",-10.3773,-4.81212,2010-12-22,51,2010
"522",-8.7088,-5.2402,2010-12-29,52,2010
"523",-6.95842,-1.95038,2011-01-05,1,2011
"524",-4.89427,-3.66552,2011-01-12,2,2011
"525",-5.23387,-5.99818,2011-01-19,3,2011
"526",-3.88958,-1.19035,2011-01-26,4,2011
"527",-3.72176,-3.97904,2011-02-02,5,2011
"528",-8.24463,-4.59718,2011-02-09,6,2011
"529",-5.26589,-5.01481,2011-02-16,7,2011
"530",-3.89294,-3.53931,2011-02-23,8,2011
"531",-2.1376,-2.91105,2011-03-02,9,2011
"532",-4.76525,-1.98165,2011-03-09,10,2011
"533",-7.26844,-6.40111,2011-03-16,11,2011
"534",-11.8074,-10.3539,2011-03-23,12,2011
"535",-12.5338,-9.12535,2011-03-30,13,2011
"536",-5.26741,-2.97064,2011-04-06,14,2011
"537",-5.1481,-6.8329,2011-04-13,15,2011
"538",-5.36984,-2.87238,2011-04-20,16,2011
"539",0.16702,-2.92769,2011-04-27,17,2011
"540",1.17549,-2.78187,2011-05-04,18,2011
"541",-1.99967,-5.53834,2011-05-11,19,2011
"542",-0.827264,-5.32601,2011-05-18,20,2011
"543",-1.93281,-5.40759,2011-05-25,21,2011
"544",-1.41205,-1.65688,2011-06-01,22,2011
"545",2.21614,-4.54731,2011-06-08,23,2011
"546",-3.0536,-1.83748,2011-06-15,24,2011
"547",-1.41922,-1.10034,2011-06-22,25,2011
"548",-1.74471,-0.583235,2011-06-29,26,2011
"549",-2.41219,-1.44148,2011-07-06,27,2011
"550",-4.00113,-0.443691,2011-07-13,28,2011
"551",-1.30025,-0.958252,2011-07-20,29,2011
"552",2.07406,1.33336,2011-07-27,30,2011
"553",3.83356,3.27443,2011-08-03,31,2011
"554",2.29104,-4.31513,2011-08-10,32,2011
"555",-1.11938,-0.94888,2011-08-17,33,2011
"556",-3.9208,-5.6873,2011-08-24,34,2011
"557",0.55983,-3.16506,2011-08-31,35,2011
"558",-0.262631,-4.49513,2011-09-07,36,2011
"559",-1.75865,-4.25464,2011-09-14,37,2011
"560",19.2844,10.3578,2011-09-21,38,2011
"561",29.0353,4.27942,2011-09-28,39,2011
"562",16.7682,-2.48047,2011-10-05,40,2011
"563",14.3547,4.37284,2011-10-12,41,2011
"564",18.3259,0.916891,2011-10-19,42,2011
"565",9.01495,8.6672,2011-10-26,43,2011
"566",13.7837,-4.28489,2011-11-02,44,2011
"567",11.905,6.01044,2011-11-09,45,2011
"568",9.68424,7.94143,2011-11-16,46,2011
"569",-11.0654,-7.47621,2011-11-23,47,2011
"570",-6.81837,-8.47089,2011-11-30,48,2011
"571",-8.55578,-8.37665,2011-12-07,49,2011
"572",-6.08662,-8.95196,2011-12-14,50,2011
"573",-4.3335,-5.96688,2011-12-21,51,2011
"574",-3.60185,-6.01712,2011-12-28,52,2011
"575",5.11232,1.11677,2012-01-04,1,2012
"576",14.6409,4.64719,2012-01-11,2,2012
"577",3.70553,-0.374605,2012-01-18,3,2012
"578",1.69787,-2.05507,2012-01-25,4,2012
"579",2.13976,-3.23295,2012-02-01,5,2012
"580",0.745054,-6.31615,2012-02-08,6,2012
"581",0.321016,-4.17474,2012-02-15,7,2012
"582",1.6281,2.51295,2012-02-22,8,2012
"583",-5.68159,1.52023,2012-02-29,9,2012
"584",-8.83695,-3.31731,2012-03-07,10,2012
"585",-4.3895,-4.0216,2012-03-14,11,2012
"586",-0.0668479,-3.04821,2012-03-21,12,2012
"587",-1.24182,-2.24097,2012-03-28,13,2012
"588",-0.433253,0.973003,2012-04-04,14,2012
"589",-2.2407,-3.20909,2012-04-11,15,2012
"590",-2.28338,-0.311488,2012-04-18,16,2012
"591",-2.5039,-3.70323,2012-04-25,17,2012
"592",-1.98119,-2.94265,2012-05-02,18,2012
"593",-0.422922,1.58931,2012-05-09,19,2012
"594",-0.78672,-0.987395,2012-05-16,20,2012
"595",-0.00728306,-0.698741,2012-05-23,21,2012
"596",-4.08232,-1.24778,2012-05-30,22,2012
"597",-2.72796,-3.78449,2012-06-06,23,2012
"598",-0.089635,-0.0825011,2012-06-13,24,2012
"599",1.11768,1.16583,2012-06-20,25,2012
"600",0.839727,2.07233,2012-06-27,26,2012
"601",1.50412,-1.60493,2012-07-04,27,2012
"602",4.90705,0.906617,2012-07-11,28,2012
"603",-1.7183,-0.813017,2012-07-18,29,2012
"604",-0.649358,-1.06734,2012-07-25,30,2012
"605",-2.25172,-4.4444,2012-08-01,31,2012
"606",-1.9833,-2.07596,2012-08-08,32,2012
"607",0.58143,1.34995,2012-08-15,33,2012
"608",1.90087,0.055735,2012-08-22,34,2012
"609",4.14352,-2.81351,2012-08-29,35,2012
"610",-4.28218,-5.77614,2012-09-05,36,2012
"611",-8.0447,-5.92118,2012-09-12,37,2012
"612",3.85487,0.873413,2012-09-19,38,2012
"613",11.3726,2.88085,2012-09-26,39,2012
"614",-3.28225,1.2139,2012-10-03,40,2012
"615",-0.141156,-0.254481,2012-10-10,41,2012
"616",6.40859,9.77344,2012-10-17,42,2012
"617",8.67605,7.32717,2012-10-24,43,2012
"618",10.7987,1.79957,2012-10-31,44,2012
"619",3.16883,-4.20953,2012-11-07,45,2012
"620",-1.00702,1.44198,2012-11-14,46,2012
"621",11.7812,0.822503,2012-11-21,47,2012
"622",7.75542,9.73724,2012-11-28,48,2012
"623",13.1917,1.29785,2012-12-05,49,2012
"624",17.4459,7.73277,2012-12-12,50,2012
"625",17.6363,-2.93277,2012-12-19,51,2012
"626",-2.20376,-3.31753,2012-12-26,52,2012
"627",-1.49824,-0.409848,2013-01-02,1,2013
"628",0.829154,4.42814,2013-01-09,2,2013
"629",4.57414,8.79606,2013-01-16,3,2013
"630",10.4557,0.747228,2013-01-23,4,2013
"631",2.78833,-4.49863,2013-01-30,5,2013
"632",5.54901,-2.25174,2013-02-06,6,2013
"633",4.71873,-0.710841,2013-02-13,7,2013
"634",-1.22712,-2.22122,2013-02-20,8,2013
"635",2.7598,-1.42243,2013-02-27,9,2013
"636",-1.83234,-4.10179,2013-03-06,10,2013
"637",-1.78741,-0.910156,2013-03-13,11,2013
"638",-1.40789,-1.49679,2013-03-20,12,2013
"639",-5.81689,-4.40035,2013-03-27,13,2013
"640",-5.77312,-1.91941,2013-04-03,14,2013
"641",-3.09726,0.947743,2013-04-10,15,2013
"642",-1.73753,-1.30097,2013-04-17,16,2013
"643",-2.46487,-2.95879,2013-04-24,17,2013
"644",-0.239588,1.06441,2013-05-01,18,2013
"645",-1.63514,1.69062,2013-05-08,19,2013
"646",-1.99206,-2.11097,2013-05-15,20,2013
"647",-1.04774,-1.14391,2013-05-22,21,2013
"648",0.175802,1.72775,2013-05-29,22,2013
"649",-0.895135,-1.83375,2013-06-05,23,2013
"650",1.43994,0.407958,2013-06-12,24,2013
"651",1.0283,0.150479,2013-06-19,25,2013
"652",3.78135,1.25632,2013-06-26,26,2013
"653",3.75493,3.97867,2013-07-03,27,2013
"654",2.37117,2.51747,2013-07-10,28,2013
"655",2.08333,1.57145,2013-07-17,29,2013
"656",2.42134,-1.02836,2013-07-24,30,2013
"657",-1.21668,-3.52627,2013-07-31,31,2013
"658",-0.0483738,-3.94459,2013-08-07,32,2013
"659",-2.02784,-5.03346,2013-08-14,33,2013
"660",-2.014,-5.77683,2013-08-21,34,2013
"661",-6.65563,-7.41387,2013-08-28,35,2013
"662",-2.16064,-0.203649,2013-09-04,36,2013
"663",-6.7021,-4.4143,2013-09-11,37,2013
"664",-5.02376,-3.0038,2013-09-18,38,2013
"665",2.1181,-3.51537,2013-09-25,39,2013
"666",2.74706,0.394387,2013-10-02,40,2013
"667",-5.18918,-8.86305,2013-10-09,41,2013
"668",-11.0606,-9.81606,2013-10-16,42,2013
"669",-14.2068,-7.79757,2013-10-23,43,2013
"670",-13.3551,-9.744,2013-10-30,44,2013
"671",-13.4888,-7.76404,2013-11-06,45,2013
"672",-9.98377,-15.5931,2013-11-13,46,2013
"673",-11.2021,-11.055,2013-11-20,47,2013
"674",-11.9659,-9.49115,2013-11-27,48,2013
"675",-13.4266,-8.38006,2013-12-04,49,2013
"676",-11.1764,-10.7197,2013-12-11,50,2013
"677",-11.241,-5.83682,2013-12-18,51,2013
"678",-9.88938,-7.23809,2013-12-25,52,2013
"679",2.8741,-2.40509,2014-01-01,1,2014
"680",-1.50284,-5.00092,2014-01-08,2,2014
"681",-2.39788,4.22095,2014-01-15,3,2014
"682",5.24774,3.85008,2014-01-22,4,2014
"683",-0.476497,-0.90229,2014-01-29,5,2014
"684",-3.34445,0.718323,2014-02-05,6,2014
"685",6.03769,5.53127,2014-02-12,7,2014
"686",4.11288,-0.561549,2014-02-19,8,2014
"687",0.818694,-0.528978,2014-02-26,9,2014
"688",-0.59385,-1.93267,2014-03-05,10,2014
"689",2.28119,2.55551,2014-03-12,11,2014
"690",1.79593,-1.24432,2014-03-19,12,2014
"691",-2.84062,-2.42238,2014-03-26,13,2014
"692",-3.09415,-2.01882,2014-04-02,14,2014
"693",1.11038,-2.17127,2014-04-09,15,2014
"694",1.00091,-0.212097,2014-04-16,16,2014
"695",1.43405,0.676117,2014-04-23,17,2014
"696",0.0875389,-1.21011,2014-04-30,18,2014
"697",-1.26179,-2.87563,2014-05-07,19,2014
"698",-1.17284,-3.27595,2014-05-14,20,2014
"699",-0.605503,2.35469,2014-05-21,21,2014
"700",0.989893,1.25703,2014-05-28,22,2014
"701",-1.76048,0.000646594,2014-06-04,23,2014
"702",0.140339,1.89036,2014-06-11,24,2014
"703",1.18429,1.78592,2014-06-18,25,2014
"704",1.86654,1.50603,2014-06-25,26,2014
"705",1.13552,1.6766,2014-07-02,27,2014
"706",2.09259,1.18703,2014-07-09,28,2014
"707",0.686349,-1.10881,2014-07-16,29,2014
"708",1.18788,0.197758,2014-07-23,30,2014
"709",-2.5799,-2.16992,2014-07-30,31,2014
"710",-2.08363,-3.32547,2014-08-06,32,2014
"711",-0.36097,-5.66465,2014-08-13,33,2014
"712",-4.7776,-7.95937,2014-08-20,34,2014
"713",-1.7008,-4.96758,2014-08-27,35,2014
"714",-4.99126,-9.45913,2014-09-03,36,2014
"715",-5.8855,-10.7788,2014-09-10,37,2014
"716",-4.73869,-10.7729,2014-09-17,38,2014
"717",-2.61187,-4.7075,2014-09-24,39,2014
"718",-6.62978,-3.24139,2014-10-01,40,2014
"719",-6.66503,-5.82175,2014-10-08,41,2014
"720",-8.87896,-12.3182,2014-10-15,42,2014
"721",1.11732,1.82566,2014-10-22,43,2014
"722",7.45986,1.7836,2014-10-29,44,2014
"723",0.149036,-2.31227,2014-11-05,45,2014
"724",0.993929,7.59867,2014-11-12,46,2014
"725",7.85263,5.15475,2014-11-19,47,2014
"726",1.06596,-5.09179,2014-11-26,48,2014
"727",-8.36473,-4.53525,2014-12-03,49,2014
"728",-7.34195,-5.62546,2014-12-10,50,2014
"729",-5.39848,-7.06543,2014-12-17,51,2014
"730",-3.59515,-6.29412,2014-12-24,52,2014
"731",-6.62165,-3.38834,2014-12-31,53,2014
"732",-12.4156,-6.03804,2015-01-07,1,2015
"733",-6.3493,-4.70276,2015-01-14,2,2015
"734",-1.52346,-3.16,2015-01-21,3,2015
"735",-0.419178,-6.76705,2015-01-28,4,2015
"736",-2.10159,-4.44947,2015-02-04,5,2015
"737",-1.6043,0.332172,2015-02-11,6,2015
"738",2.72547,1.20949,2015-02-18,7,2015
"739",5.33903,1.91958,2015-02-25,8,2015
"740",3.11125,1.00275,2015-03-04,9,2015
"741",0.837034,-3.12706,2015-03-11,10,2015
"742",1.60019,0.144823,2015-03-18,11,2015
"743",4.28469,1.39901,2015-03-25,12,2015
"744",2.18292,-2.64086,2015-04-01,13,2015
"745",0.156867,-3.19822,2015-04-08,14,2015
"746",2.06673,2.83269,2015-04-15,15,2015
"747",-0.0756302,-5.54245,2015-04-22,16,2015
"748",1.32109,-3.07356,2015-04-29,17,2015
"749",-0.616154,-0.415405,2015-05-06,18,2015
"750",-2.76874,-2.64506,2015-05-13,19,2015
"751",-0.834213,-2.5419,2015-05-20,20,2015
"752",1.75281,-0.131813,2015-05-27,21,2015
"753",-0.259838,-0.274206,2015-06-03,22,2015
"754",1.66749,1.7451,2015-06-10,23,2015
"755",-1.82677,-2.2629,2015-06-17,24,2015
"756",-1.66187,-0.78844,2015-06-24,25,2015
"757",-0.343881,-0.611855,2015-07-01,26,2015
"758",1.39789,0.544325,2015-07-08,27,2015
"759",2.04447,-0.710365,2015-07-15,28,2015
"760",3.53617,0.26953,2015-07-22,29,2015
"761",3.29926,0.145789,2015-07-29,30,2015
"762",0.923478,-0.272685,2015-08-05,31,2015
"763",-1.18916,-3.31481,2015-08-12,32,2015
"764",0.605112,-2.65376,2015-08-19,33,2015
"765",-3.50796,-8.54279,2015-08-26,34,2015
"766",3.49011,-5.2157,2015-09-02,35,2015
"767",0.438739,-1.7784,2015-09-09,36,2015
"768",6.87184,-2.17281,2015-09-16,37,2015
"769",1.89004,-5.59322,2015-09-23,38,2015
"770",5.1872,-0.117176,2015-09-30,39,2015
"771",3.9171,13.8026,2015-10-07,40,2015
"772",6.64308,2.25766,2015-10-14,41,2015
"773",9.02111,11.708,2015-10-21,42,2015
"774",17.5928,9.62277,2015-10-28,43,2015
"775",31.9726,5.11105,2015-11-04,44,2015
"776",19.1586,7.01061,2015-11-11,45,2015
"777",7.32574,11.702,2015-11-18,46,2015
"778",19.0514,15.1477,2015-11-25,47,2015
"779",8.20618,3.38512,2015-12-02,48,2015
"780",5.14618,4.57288,2015-12-09,49,2015
"781",3.14903,10.661,2015-12-16,50,2015
"782",4.3937,7.58644,2015-12-23,51,2015
"783",1.60686,4.33262,2015-12-30,52,2015
"784",3.4584,1.12227,2016-01-06,1,2016
"785",6.59545,5.41747,2016-01-13,2,2016
"786",2.27683,3.84601,2016-01-20,3,2016
"787",7.06226,3.46291,2016-01-27,4,2016
"788",4.59515,-0.290747,2016-02-03,5,2016
"789",2.27436,4.19021,2016-02-10,6,2016
"790",7.94123,5.16153,2016-02-17,7,2016
"791",9.12486,4.73234,2016-02-24,8,2016
"792",6.64386,4.44926,2016-03-02,9,2016
"793",4.02407,4.43551,2016-03-09,10,2016
"794",3.27341,4.35534,2016-03-16,11,2016
"795",2.66842,2.88702,2016-03-23,12,2016
"796",2.27489,2.90508,2016-03-30,13,2016
"797",4.79494,2.74947,2016-04-06,14,2016
"798",1.09568,2.80604,2016-04-13,15,2016
"799",3.59213,2.8009,2016-04-20,16,2016
"800",2.06747,1.86026,2016-04-27,17,2016
"801",1.16204,1.40561,2016-05-04,18,2016
"802",0.778066,2.26886,2016-05-11,19,2016
"803",3.19945,2.22036,2016-05-18,20,2016
"804",1.22834,4.2126,2016-05-25,21,2016
"805",1.79494,-0.0136282,2016-06-01,22,2016
"806",0.759925,-0.0354703,2016-06-08,23,2016
"807",0.196678,-1.68411,2016-06-15,24,2016
"808",-1.08474,-1.66732,2016-06-22,25,2016
"809",0.329123,-0.199144,2016-06-29,26,2016
"810",-0.896918,0.202185,2016-07-06,27,2016
"811",-1.35482,-2.13318,2016-07-13,28,2016
"812",-2.71579,-2.48861,2016-07-20,29,2016
"813",-2.4973,-3.83162,2016-07-27,30,2016
"814",-1.83984,-4.3357,2016-08-03,31,2016
"815",-2.65258,-3.91823,2016-08-10,32,2016
"816",-4.12268,-2.23431,2016-08-17,33,2016
"817",-5.44429,-9.1076,2016-08-24,34,2016
"818",-5.15454,-8.14246,2016-08-31,35,2016
"819",-1.96199,8.2637,2016-09-07,36,2016
"820",-10.0387,-4.21031,2016-09-14,37,2016
"821",-15.3208,-12.4146,2016-09-21,38,2016
"822",-17.204,-11.7417,2016-09-28,39,2016
"823",-12.0194,-8.69606,2016-10-05,40,2016
"824",-11.7572,-10.2348,2016-10-12,41,2016
"825",-15.6453,-16.6571,2016-10-19,42,2016
"826",-12.1767,-5.11654,2016-10-26,43,2016
"827",-14.1884,-12.449,2016-11-02,44,2016
"828",-8.17629,-5.59412,2016-11-09,45,2016
"829",-10.8251,-8.07165,2016-11-16,46,2016
"830",-5.94648,-6.85225,2016-11-23,47,2016
"831",-8.81363,-8.70589,2016-11-30,48,2016
"832",0.779806,-5.0617,2016-12-07,49,2016
"833",-9.42298,-6.75422,2016-12-14,50,2016
"834",-8.26768,-8.81254,2016-12-21,51,2016
"835",-11.5757,-2.68857,2016-12-28,52,2016
"836",-10.7671,-5.39738,2017-01-04,1,2017
"837",-8.12264,-2.11271,2017-01-11,2,2017
"838",-8.75593,-3.71893,2017-01-18,3,2017
"839",-5.49497,-4.49336,2017-01-25,4,2017
"840",-5.4928,0.330047,2017-02-01,5,2017
"841",-5.30252,-0.659568,2017-02-08,6,2017
"842",-1.59866,-2.55633,2017-02-15,7,2017
"843",-0.568953,-3.72804,2017-02-22,8,2017
"844",-1.35486,-4.38817,2017-03-01,9,2017
"845",-5.17464,-8.47198,2017-03-08,10,2017
"846",-5.60421,-6.60763,2017-03-15,11,2017
"847",-3.86063,-2.40128,2017-03-22,12,2017
"848",-2.59163,-1.79568,2017-03-29,13,2017
"849",-3.91825,-4.75505,2017-04-05,14,2017
"850",-5.067,-1.39473,2017-04-12,15,2017
"851",-2.68035,0.708667,2017-04-19,16,2017
"852",-5.27067,-6.22777,2017-04-26,17,2017
"853",-4.16397,-2.94418,2017-05-03,18,2017
"854",-4.10834,-2.42504,2017-05-10,19,2017
"855",-3.42818,-2.49646,2017-05-17,20,2017
"856",0.0565024,-1.82454,2017-05-24,21,2017
"857",1.42919,-1.18398,2017-05-31,22,2017
"858",-1.09704,-2.98637,2017-06-07,23,2017
"859",-0.667846,1.99113,2017-06-14,24,2017
"860",-0.151445,1.97349,2017-06-21,25,2017
"861",-0.482274,-1.53808,2017-06-28,26,2017
"862",-4.42093,0.525752,2017-07-05,27,2017
"863",-2.41541,-2.46851,2017-07-12,28,2017
"864",-1.0904,0.0257003,2017-07-19,29,2017
"865",-0.939139,-0.78029,2017-07-26,30,2017
"866",-3.59626,-5.15867,2017-08-02,31,2017
"867",-4.00502,-6.0089,2017-08-09,32,2017
"868",-3.38076,-5.81026,2017-08-16,33,2017
"869",-7.85449,-6.25728,2017-08-23,34,2017
"870",-4.76061,-8.41954,2017-08-30,35,2017
"871",-11.2633,-10.5567,2017-09-06,36,2017
"872",-6.05807,-7.30443,2017-09-13,37,2017
"873",1.12952,6.98324,2017-09-20,38,2017
"874",-3.5518,-1.15048,2017-09-27,39,2017
"875",-9.96009,-1.59807,2017-10-04,40,2017
"876",-12.186,3.47001,2017-10-11,41,2017
"877",-12.4368,-5.35222,2017-10-18,42,2017
"878",-9.32133,-3.2714,2017-10-25,43,2017
"879",0.516138,3.14049,2017-11-01,44,2017
"880",6.74342,-4.425,2017-11-08,45,2017
"881",-5.7151,-5.56183,2017-11-15,46,2017
"882",-6.77882,-8.82991,2017-11-22,47,2017
"883",-8.22513,-1.04936,2017-11-29,48,2017
"884",-8.37024,-9.96543,2017-12-06,49,2017
"885",-5.11728,-3.85629,2017-12-13,50,2017
"886",-0.382613,-0.935117,2017-12-20,51,2017
"887",2.33134,3.76777,2017-12-27,52,2017
"888",6.97737,-1.97835,2018-01-03,1,2018
"889",-0.373831,1.62489,2018-01-10,2,2018
"890",0.261501,1.9263,2018-01-17,3,2018
"891",3.88224,8.68062,2018-01-24,4,2018
"892",-0.639076,-0.844075,2018-01-31,5,2018
"893",-3.88236,-1.06348,2018-02-07,6,2018
"894",2.6058,1.61438,2018-02-14,7,2018
"895",5.00023,2.56306,2018-02-21,8,2018
"896",2.06882,-0.1465,2018-02-28,9,2018
"897",1.88955,-4.33879,2018-03-07,10,2018
"898",-8.56941,-0.660066,2018-03-14,11,2018
"899",-9.17669,-0.959176,2018-03-21,12,2018
"900",-4.38495,-1.62442,2018-03-28,13,2018
"901",-2.28885,2.02916,2018-04-04,14,2018
"902",-2.14904,0.970815,2018-04-11,15,2018
"903",-2.94426,-1.56982,2018-04-18,16,2018
"904",1.37223,0.213319,2018-04-25,17,2018
"905",0.345253,-1.49071,2018-05-02,18,2018
"906",-0.804185,-1.90063,2018-05-09,19,2018
"907",0.0214797,-1.12908,2018-05-16,20,2018
"908",0.724995,1.03006,2018-05-23,21,2018
"909",-1.26618,-1.10233,2018-05-30,22,2018
"910",-0.366939,-0.493298,2018-06-06,23,2018
"911",0.357026,-1.51762,2018-06-13,24,2018
"912",-0.196486,-0.967784,2018-06-20,25,2018
"913",-0.834852,-0.91061,2018-06-27,26,2018
"914",-2.16922,-1.04457,2018-07-04,27,2018
"915",-1.21187,0.0529852,2018-07-11,28,2018
"916",-1.73186,-1.11972,2018-07-18,29,2018
"917",1.84643,0.621043,2018-07-25,30,2018
"918",-0.089976,-2.9242,2018-08-01,31,2018
"919",-2.53809,-4.01958,2018-08-08,32,2018
"920",0.844153,2.85852,2018-08-15,33,2018
"921",-4.15061,-3.79184,2018-08-22,34,2018
"922",-4.6815,-7.14871,2018-08-29,35,2018
"923",-8.95552,-9.26162,2018-09-05,36,2018
"924",-0.0753957,8.60304,2018-09-12,37,2018
"925",-9.91316,-11.0787,2018-09-19,38,2018
"926",-5.50089,-6.64449,2018-09-26,39,2018
"927",-5.53533,1.39681,2018-10-03,40,2018
"928",1.73264,-9.14584,2018-10-10,41,2018
"929",-7.38274,-5.708,2018-10-17,42,2018
"930",-7.68168,-5.18502,2018-10-24,43,2018
"931",-3.23775,-4.66758,2018-10-31,44,2018
"932",-8.32469,-11.3425,2018-11-07,45,2018
"933",-3.68243,-8.33888,2018-11-14,46,2018
"934",-6.98423,-10.1029,2018-11-21,47,2018
"935",-4.26425,-8.7763,2018-11-28,48,2018
"936",-2.9127,-5.4477,2018-12-05,49,2018
"937",-7.4599,-4.54347,2018-12-12,50,2018
"938",-4.49423,-3.67094,2018-12-19,51,2018
"939",-7.30371,-2.79821,2018-12-26,52,2018
"940",-4.35674,0.721478,2019-01-02,1,2019
"941",-2.81823,-3.19486,2019-01-09,2,2019
"942",-1.56146,5.49019,2019-01-16,3,2019
"943",2.42201,7.26097,2019-01-23,4,2019
"944",0.237193,-0.35606,2019-01-30,5,2019
"945",-1.32937,-0.305938,2019-02-06,6,2019
"946",1.31197,-2.72042,2019-02-13,7,2019
"947",4.53645,1.88563,2019-02-20,8,2019
"948",4.56923,2.828,2019-02-27,9,2019
"949",0.967603,2.12352,2019-03-06,10,2019
"950",2.73168,7.12304,2019-03-13,11,2019
"951",2.55292,1.37208,2019-03-20,12,2019
"952",-0.885521,-5.60025,2019-03-27,13,2019
"953",-4.66076,-3.38054,2019-04-03,14,2019
"954",-0.851912,-2.15259,2019-04-10,15,2019
"955",-3.23123,2.6959,2019-04-17,16,2019
"956",-2.65156,-3.61976,2019-04-24,17,2019
"957",-3.89975,-4.7279,2019-05-01,18,2019
"958",-4.41715,-1.78003,2019-05-08,19,2019
"959",-5.0623,-0.65333,2019-05-15,20,2019
"960",-2.52157,1.30277,2019-05-22,21,2019
"961",-1.99338,-1.67007,2019-05-29,22,2019
"962",-2.70337,-1.97138,2019-06-05,23,2019
"963",-1.71593,0.24184,2019-06-12,24,2019
"964",-1.89412,-1.54189,2019-06-19,25,2019
"965",0.365439,3.53503,2019-06-26,26,2019
"966",0.380027,1.55808,2019-07-03,27,2019
"967",-0.0610783,0.861874,2019-07-10,28,2019
"968",-2.27364,-0.429928,2019-07-17,29,2019
"969",-0.311829,0.249131,2019-07-24,30,2019
"970",0.344514,-0.901721,2019-07-31,31,2019
"971",-0.753893,-3.60509,2019-08-07,32,2019
"972",-2.56958,-6.62748,2019-08-14,33,2019
"973",-4.25985,-8.76223,2019-08-21,34,2019
"974",-4.41159,-7.74141,2019-08-28,35,2019
"975",-2.53866,-2.77839,2019-09-04,36,2019
"976",-2.25697,-2.27636,2019-09-11,37,2019
"977",0.982119,-1.44463,2019-09-18,38,2019
"978",-4.54001,-2.14098,2019-09-25,39,2019
"979",1.52303,2.07003,2019-10-02,40,2019
"980",4.36932,1.32598,2019-10-09,41,2019
"981",-0.0428884,1.99115,2019-10-16,42,2019
"982",-4.85736,-2.97461,2019-10-23,43,2019
"983",-8.41357,-6.01452,2019-10-30,44,2019
"984",-10.8027,-5.71596,2019-11-06,45,2019
"985",-5.4369,-4.97499,2019-11-13,46,2019
"986",-0.840707,4.4711,2019-11-20,47,2019
"987",-1.49875,-2.0453,2019-11-27,48,2019
"988",-7.28294,-4.06452,2019-12-04,49,2019
"989",12.8339,6.81505,2019-12-11,50,2019
"990",13.9043,29.6988,2019-12-18,51,2019
"991",35.8188,43.5265,2019-12-25,52,2019
"992",14.8832,20.0022,2020-01-01,1,2020
"993",19.8628,50.9623,2020-01-08,2,2020
"994",12.8764,13.4396,2020-01-15,3,2020
"995",6.44057,10.0086,2020-01-22,4,2020
"996",1.57382,8.92834,2020-01-29,5,2020
"997",0.84934,5.61965,2020-02-05,6,2020
"998",6.65445,9.3037,2020-02-12,7,2020
"999",5.84802,4.17025,2020-02-19,8,2020
"1000",4.0332,3.17893,2020-02-26,9,2020
"1001",3.62501,2.93338,2020-03-04,10,2020
"1002",4.22814,1.32376,2020-03-11,11,2020
"1003",2.56637,3.32484,2020-03-18,12,2020
"1004",4.28531,3.93424,2020-03-25,13,2020
"1005",3.98526,1.956,2020-04-01,14,2020
"1006",2.58459,1.30113,2020-04-08,15,2020
"1007",1.97043,4.30873,2020-04-15,16,2020
"1008",1.18984,3.67609,2020-04-22,17,2020
"1009",2.3999,2.18257,2020-04-29,18,2020
"1010",3.1058,1.94851,2020-05-06,19,2020
"1011",2.22335,-0.0845901,2020-05-13,20,2020
"1012",1.8945,1.50336,2020-05-20,21,2020
"1013",2.16526,3.77044,2020-05-27,22,2020
"1014",3.58436,2.22067,2020-06-03,23,2020
"1015",3.37141,4.80562,2020-06-10,24,2020
"1016",3.40238,5.68228,2020-06-17,25,2020
"1017",4.66975,4.59106,2020-06-24,26,2020
"1018",4.15739,5.22443,2020-07-01,27,2020
"1019",3.27468,3.42411,2020-07-08,28,2020
"1020",2.1849,3.18402,2020-07-15,29,2020
"1021",1.66101,-0.785668,2020-07-22,30,2020
"1022",0.412882,1.68629,2020-07-29,31,2020
"1023",1.73823,-2.61799,2020-08-05,32,2020
"1024",-1.79706,-7.4103,2020-08-12,33,2020
"1025",-5.16425,-5.63438,2020-08-19,34,2020
"1026",-2.30295,1.95685,2020-08-26,35,2020
"1027",0.476263,7.00583,2020-09-02,36,2020
"1028",1.08147,0.13214,2020-09-09,37,2020
"1029",-7.51849,-1.61664,2020-09-16,38,2020
"1030",-5.76893,1.71903,2020-09-23,39,2020
"1031",5.06024,12.6444,2020-09-30,40,2020
"1032",-7.6949,2.18054,2020-10-07,41,2020
"1033",-1.3225,3.23953,2020-10-14,42,2020
"1034",-1.91466,3.20558,2020-10-21,43,2020
"1035",-4.02255,-5.28995,2020-10-28,44,2020
"1036",-3.92814,-0.203379,2020-11-04,45,2020
"1037",-2.32767,1.98082,2020-11-11,46,2020
"1038",2.65432,4.64292,2020-11-18,47,2020
"1039",-3.54836,5.3038,2020-11-25,48,2020
"1040",-6.47802,4.20598,2020-12-02,49,2020
"1041",-1.94114,-5.16776,2020-12-09,50,2020
"1042",-6.48267,-4.32006,2020-12-16,51,2020
"1043",-6.12359,-5.86667,2020-12-23,52,2020
"1044",-9.03761,-4.24121,2020-12-30,53,2020
"1045",-4.62287,-7.92359,2021-01-06,1,2021
"1046",-7.0221,-6.28952,2021-01-13,2,2021
"1047",-4.72487,-4.60023,2021-01-20,3,2021
"1048",-4.74159,-2.09893,2021-01-27,4,2021
"1049",-2.35929,-5.0213,2021-02-03,5,2021
"1050",-4.59238,-3.67283,2021-02-10,6,2021
"1051",-3.40201,-2.1236,2021-02-17,7,2021
"1052",1.163,-1.31136,2021-02-24,8,2021
"1053",3.50335,-1.18128,2021-03-03,9,2021
"1054",0.116955,-2.22865,2021-03-10,10,2021
"1055",-2.80667,-5.98275,2021-03-17,11,2021
"1056",-6.00448,-2.35058,2021-03-24,12,2021
"1057",-5.82585,-1.17233,2021-03-31,13,2021
"1058",-3.45084,-2.26671,2021-04-07,14,2021
