"","NEAus.co","SEAus.co","NEAus.clim","SEAus.clim","date","week","year"
"1",76.1588,73.1684,71.105,66.4283,2001-01-03,1,2001
"2",78.2408,73.2814,68.8457,65.334,2001-01-10,2,2001
"3",85.7171,84.7555,66.9871,64.4951,2001-01-17,3,2001
"4",76.4173,80.6084,65.5269,63.8665,2001-01-24,4,2001
"5",72.3192,67.042,64.441,63.397,2001-01-31,5,2001
"6",66.9396,58.0192,63.6895,63.036,2001-02-07,6,2001
"7",60.81,55.9594,63.2238,62.7398,2001-02-14,7,2001
"8",59.197,61.4379,62.9929,62.4746,2001-02-21,8,2001
"9",64.0943,63.9211,62.9481,62.2187,2001-02-28,9,2001
"10",62.0662,59.5474,63.0462,61.9622,2001-03-07,10,2001
"11",63.1992,63.1646,63.251,61.7051,2001-03-14,11,2001
"12",66.2274,58.6243,63.5326,61.4538,2001-03-21,12,2001
"13",62.9,59.7845,63.866,61.2179,2001-03-28,13,2001
"14",59.9217,63.5218,64.2287,61.0058,2001-04-04,14,2001
"15",62.1435,59.731,64.5986,60.8227,2001-04-11,15,2001
"16",62.0558,61.4954,64.9525,60.6688,2001-04-18,16,2001
"17",62.5755,60.7265,65.2655,60.5396,2001-04-25,17,2001
"18",71.4845,66.9665,65.5124,60.4272,2001-05-02,18,2001
"19",68.2775,64.0529,65.6697,60.3238,2001-05-09,19,2001
"20",65.8973,61.8293,65.7198,60.2249,2001-05-16,20,2001
"21",66.3538,61.8757,65.6548,60.1339,2001-05-23,21,2001
"22",67.9036,62.7962,65.4811,60.0647,2001-05-30,22,2001
"23",69.8748,64.0533,65.2225,60.044,2001-06-06,23,2001
"24",72.022,65.4489,64.9223,60.1114,2001-06-13,24,2001
"25",74.2177,66.8855,64.6427,60.3178,2001-06-20,25,2001
"26",76.4359,68.3406,64.4622,60.7209,2001-06-27,26,2001
"27",78.6595,69.8018,64.47,61.3794,2001-07-04,27,2001
"28",80.8768,71.2624,64.7587,62.3463,2001-07-11,28,2001
"29",83.0701,72.7152,65.4148,63.6605,2001-07-18,29,2001
"30",85.1977,74.1452,66.5093,65.3406,2001-07-25,30,2001
"31",87.154,75.5154,68.0878,67.3784,2001-08-01,31,2001
"32",88.6651,76.7299,70.1631,69.7358,2001-08-08,32,2001
"33",89.0169,77.5424,72.7093,72.3438,2001-08-15,33,2001
"34",86.3466,77.2905,75.66,75.1053,2001-08-22,34,2001
"35",86.8326,79.5832,78.91,77.9005,2001-08-29,35,2001
"36",109.264,93.0003,82.3203,80.5947,2001-09-05,36,2001
"37",98.8738,88.5544,85.7277,83.0493,2001-09-12,37,2001
"38",98.414,95.6956,88.9559,85.132,2001-09-19,38,2001
"39",99.6724,96.0154,91.8292,86.7284,2001-09-26,39,2001
"40",98.4253,85.9747,94.1865,87.7517,2001-10-03,40,2001
"41",106.395,83.3829,95.8934,88.1495,2001-10-10,41,2001
"42",88.7977,83.2897,96.8537,87.9089,2001-10-17,42,2001
"43",101.041,92.7587,97.0161,87.0568,2001-10-24,43,2001
"44",106.967,84.8676,96.3784,85.6572,2001-10-31,44,2001
"45",120.62,84.206,94.9861,83.8053,2001-11-07,45,2001
"46",90.3336,76.5476,92.9283,81.6186,2001-11-14,46,2001
"47",93.7246,75.6357,90.3289,79.2266,2001-11-21,47,2001
"48",83.8018,71.1376,87.3362,76.7599,2001-11-28,48,2001
"49",101.539,82.4277,84.1099,74.3396,2001-12-05,49,2001
"50",91.2671,68.9661,80.8096,72.0688,2001-12-12,50,2001
"51",77.1242,70.8245,77.5823,70.0256,2001-12-19,51,2001
"52",83.959,68.9884,74.5537,68.2599,2001-12-26,52,2001
"53",84.3862,65.9812,71.4594,66.6076,2002-01-02,1,2002
"54",70.4774,64.6345,69.1443,65.4737,2002-01-09,2,2002
"55",69.1287,65.4048,67.2279,64.601,2002-01-16,3,2002
"56",69.4865,66.8852,65.7119,63.9454,2002-01-23,4,2002
"57",72.2483,66.7727,64.5746,63.4563,2002-01-30,5,2002
"58",75.0656,62.0916,63.7782,63.0827,2002-02-06,6,2002
"59",71.4809,62.8804,63.2748,62.7796,2002-02-13,7,2002
"60",66.7328,64.4891,63.0134,62.5116,2002-02-20,8,2002
"61",64.0419,63.3041,62.9448,62.2552,2002-02-27,9,2002
"62",68.9059,66.266,63.0249,61.999,2002-03-06,10,2002
"63",69.9639,65.5009,63.2164,61.7417,2002-03-13,11,2002
"64",67.7542,70.4217,63.4887,61.489,2002-03-20,12,2002
"65",61.7355,56.1051,63.8161,61.2503,2002-03-27,13,2002
"66",66.9583,63.4326,64.1759,61.0344,2002-04-03,14,2002
"67",64.0896,66.2516,64.5462,60.847,2002-04-10,15,2002
"68",65.0807,63.64,64.9038,60.6892,2002-04-17,16,2002
"69",68.7429,65.3856,65.2243,60.5568,2002-04-24,17,2002
"70",66.8233,63.5096,65.4821,60.4426,2002-05-01,18,2002
"71",66.1296,64.5463,65.6535,60.3382,2002-05-08,19,2002
"72",67.1311,63.6809,65.7197,60.2388,2002-05-15,20,2002
"73",68.4402,61.0297,65.6711,60.1461,2002-05-22,21,2002
"74",68.371,63.4988,65.5118,60.0724,2002-05-29,22,2002
"75",67.8994,64.4694,65.2632,60.0426,2002-06-05,23,2002
"76",67.5564,63.6289,64.9655,60.0946,2002-06-12,24,2002
"77",65.3908,63.2142,64.6786,60.2777,2002-06-19,25,2002
"78",65.2066,64.9846,64.4786,60.649,2002-06-26,26,2002
"79",67.5415,64.7679,64.4538,61.2676,2002-07-03,27,2002
"80",67.3978,67.051,64.6969,62.1876,2002-07-10,28,2002
"81",71.8704,68.1385,65.2957,63.4505,2002-07-17,29,2002
"82",72.1174,69.2213,66.324,65.0782,2002-07-24,30,2002
"83",73.671,73.8226,67.8318,67.0665,2002-07-31,31,2002
"84",72.5771,68.7011,69.8367,69.3817,2002-08-07,32,2002
"85",70.61,74.8581,72.3188,71.9593,2002-08-14,33,2002
"86",77.5261,74.1456,75.2173,74.7058,2002-08-21,34,2002
"87",85.7273,81.9315,78.4324,77.5041,2002-08-28,35,2002
"88",92.7324,91.0644,81.8293,80.2213,2002-09-04,36,2002
"89",96.3797,86.0531,85.2477,82.7185,2002-09-11,37,2002
"90",98.6138,93.8237,88.5124,84.8618,2002-09-18,38,2002
"91",109.983,92.3027,91.4468,86.5338,2002-09-25,39,2002
"92",116.187,102.674,93.8868,87.643,2002-10-02,40,2002
"93",119.971,105.141,95.6935,88.1319,2002-10-09,41,2002
"94",120.99,107.864,96.7647,87.9818,2002-10-16,42,2002
"95",116.756,100.424,97.0424,87.2139,2002-10-23,43,2002
"96",116.307,100.521,96.5172,85.8874,2002-10-30,44,2002
"97",121.719,100.556,95.2282,84.0933,2002-11-06,45,2002
"98",118.283,103.46,93.2586,81.9466,2002-11-13,46,2002
"99",97.625,96.9123,90.728,79.5759,2002-11-20,47,2002
"100",89.9385,88.2126,87.7818,77.1121,2002-11-27,48,2002
"101",89.1234,84.9215,84.579,74.6784,2002-12-04,49,2002
"102",89.5821,84.3161,81.2798,72.3808,2002-12-11,50,2002
"103",89.2978,82.7414,78.0339,70.3014,2002-12-18,51,2002
"104",85.5259,75.5905,74.9702,68.4941,2002-12-25,52,2002
"105",77.2476,64.4208,71.8213,66.7928,2003-01-01,1,2003
"106",73.1977,71.2479,69.4509,65.6189,2003-01-08,2,2003
"107",71.4766,71.7742,67.4769,64.7112,2003-01-15,3,2003
"108",85.4293,86.7082,65.9045,64.0276,2003-01-22,4,2003
"109",77.2078,75.5724,64.7152,63.5179,2003-01-29,5,2003
"110",68.9203,72.918,63.8728,63.1308,2003-02-05,6,2003
"111",71.1849,75.11,63.3307,62.8201,2003-02-12,7,2003
"112",65.8497,70.7312,63.0378,62.5487,2003-02-19,8,2003
"113",60.8708,61.5141,62.9445,62.2916,2003-02-26,9,2003
"114",69.4761,64.3245,63.0059,62.0357,2003-03-05,10,2003
"115",66.2295,61.7428,63.1835,61.7783,2003-03-12,11,2003
"116",67.7521,61.6545,63.4459,61.5245,2003-03-19,12,2003
"117",66.7214,62.3012,63.7668,61.2832,2003-03-26,13,2003
"118",66.5876,62.6208,64.1233,61.0635,2003-04-02,14,2003
"119",67.5185,62.2915,64.4935,60.8719,2003-04-09,15,2003
"120",63.7258,59.0838,64.8544,60.71,2003-04-16,16,2003
"121",64.1846,62.9528,65.1817,60.5744,2003-04-23,17,2003
"122",67.9067,61.1959,65.4501,60.4581,2003-04-30,18,2003
"123",66.431,64.1173,65.6351,60.3528,2003-05-07,19,2003
"124",67.2507,62.0613,65.7171,60.2527,2003-05-14,20,2003
"125",68.0147,62.7341,65.6851,60.1586,2003-05-21,21,2003
"126",67.7126,62.7972,65.5408,60.0809,2003-05-28,22,2003
"127",70.5472,64.3792,65.3029,60.0429,2003-06-04,23,2003
"128",68.5521,64.2662,65.009,60.0804,2003-06-11,24,2003
"129",68.6867,63.6028,64.7162,60.2414,2003-06-18,25,2003
"130",72.5445,63.8193,64.4986,60.5822,2003-06-25,26,2003
"131",71.865,65.8354,64.4432,61.1619,2003-07-02,27,2003
"132",70.839,67.0659,64.6423,62.0359,2003-07-09,28,2003
"133",67.9808,68.3283,65.1853,63.248,2003-07-16,29,2003
"134",70.9172,68.8469,66.1486,64.8232,2003-07-23,30,2003
"135",72.4106,70.7898,67.586,66.7613,2003-07-30,31,2003
"136",71.6956,72.8236,69.5202,69.0331,2003-08-06,32,2003
"137",70.7476,73.4441,71.9368,71.5782,2003-08-13,33,2003
"138",76.9738,72.6898,74.7811,74.3073,2003-08-20,34,2003
"139",78.969,74.1153,77.9585,77.1061,2003-08-27,35,2003
"140",79.0482,76.5583,81.3388,79.8434,2003-09-03,36,2003
"141",82.6298,84.3528,84.7646,82.3804,2003-09-10,37,2003
"142",86.5358,93.6357,88.0622,84.582,2003-09-17,38,2003
"143",90.6297,89.1719,91.0543,86.3276,2003-09-24,39,2003
"144",89.915,84.2396,93.5741,87.5216,2003-10-01,40,2003
"145",93.936,87.409,95.4785,88.1012,2003-10-08,41,2003
"146",91.5618,83.333,96.6594,88.042,2003-10-15,42,2003
"147",92.3071,90.1279,97.0522,87.3596,2003-10-22,43,2003
"148",109.981,84.464,96.6404,86.1079,2003-10-29,44,2003
"149",98.4635,84.2653,95.4564,84.374,2003-11-05,45,2003
"150",89.8499,82.3519,93.5775,82.2701,2003-11-12,46,2003
"151",89.3851,83.46,91.1186,79.9232,2003-11-19,47,2003
"152",85.2399,74.5172,88.2221,77.4649,2003-11-26,48,2003
"153",78.8966,71.9896,85.0461,75.02,2003-12-03,49,2003
"154",80.5111,72.9922,81.7512,72.6973,2003-12-10,50,2003
"155",80.9364,73.0734,78.4891,70.5827,2003-12-17,51,2003
"156",79.2582,72.345,75.3925,68.7344,2003-12-24,52,2003
"157",76.7493,71.2216,72.5673,67.1814,2003-12-31,53,2003
"158",73.8736,69.7363,69.7658,65.7694,2004-01-07,1,2004
"159",70.6607,67.5291,67.7342,64.826,2004-01-14,2,2004
"160",66.8825,63.5657,66.105,64.1134,2004-01-21,3,2004
"161",62.8523,58.7328,64.8629,63.5821,2004-01-28,4,2004
"162",61.1372,61.5701,63.9736,63.1804,2004-02-04,5,2004
"163",60.257,65.1533,63.3917,62.8613,2004-02-11,6,2004
"164",61.6732,64.2826,63.0663,62.5862,2004-02-18,7,2004
"165",61.7284,60.8853,62.9474,62.3281,2004-02-25,8,2004
"166",60.5924,59.5452,62.9891,62.0724,2004-03-03,9,2004
"167",61.602,59.5661,63.1523,61.8151,2004-03-10,10,2004
"168",62.9157,62.6269,63.4042,61.5602,2004-03-17,11,2004
"169",64.9868,62.1558,63.7183,61.3165,2004-03-24,12,2004
"170",64.7331,62.6252,64.071,61.0933,2004-03-31,13,2004
"171",63.7223,62.2143,64.4406,60.8975,2004-04-07,14,2004
"172",64.2749,65.7428,64.8043,60.7314,2004-04-14,15,2004
"173",65.212,61.2825,65.138,60.5924,2004-04-21,16,2004
"174",63.075,58.9488,65.4163,60.4739,2004-04-28,17,2004
"175",63.8736,59.7879,65.6146,60.3674,2004-05-05,18,2004
"176",65.5946,61.6196,65.7123,60.2667,2004-05-12,19,2004
"177",67.9415,61.2971,65.6967,60.1714,2004-05-19,20,2004
"178",65.3165,57.8034,65.5677,60.0903,2004-05-26,21,2004
"179",62.6685,59.3116,65.3414,60.0446,2004-06-02,22,2004
"180",65.1447,61.9677,65.0525,60.0687,2004-06-09,23,2004
"181",67.0413,61.9195,64.7553,60.2088,2004-06-16,24,2004
"182",64.762,62.7757,64.5219,60.5202,2004-06-23,25,2004
"183",66.1325,63.0523,64.4377,61.0623,2004-06-30,26,2004
"184",66.7277,64.4508,64.5948,61.8912,2004-07-07,27,2004
"185",68.4678,64.8086,65.0836,63.053,2004-07-14,28,2004
"186",71.1002,67.7132,65.9829,64.5756,2004-07-21,29,2004
"187",67.2325,67.6535,67.3503,66.463,2004-07-28,30,2004
"188",67.054,69.0595,69.2136,68.6901,2004-08-04,31,2004
"189",71.1921,71.8694,71.5637,71.201,2004-08-11,32,2004
"190",71.429,73.4652,74.3518,73.9103,2004-08-18,33,2004
"191",82.115,80.2352,77.4888,76.7069,2004-08-25,34,2004
"192",78.797,76.6919,80.8492,79.4613,2004-09-01,35,2004
"193",82.839,76.3127,84.2789,82.0355,2004-09-08,36,2004
"194",84.708,80.8447,87.6057,84.2928,2004-09-15,37,2004
"195",91.7564,89.1776,90.6521,86.1101,2004-09-22,38,2004
"196",95.7499,97.2244,93.2488,87.3876,2004-09-29,39,2004
"197",103.425,96.7318,95.2487,88.0574,2004-10-06,40,2004
"198",120.818,112.966,96.5379,88.0894,2004-10-13,41,2004
"199",113.068,89.3847,97.0455,87.4936,2004-10-20,42,2004
"200",128.367,94.3871,96.7478,86.3186,2004-10-27,43,2004
"201",114.049,85.3735,95.6704,84.6472,2004-11-03,44,2004
"202",112.922,79.8256,93.8844,82.5886,2004-11-10,45,2004
"203",104.561,82.3084,91.5002,80.2684,2004-11-17,46,2004
"204",86.2845,76.4118,88.6568,77.8181,2004-11-24,47,2004
"205",86.7338,82.146,85.5108,75.3641,2004-12-01,48,2004
"206",81.1499,71.7157,82.2233,73.0181,2004-12-08,49,2004
"207",83.2697,71.7445,78.9479,70.8696,2004-12-15,50,2004
"208",78.5456,70.8651,75.8204,68.9807,2004-12-22,51,2004
"209",68.0939,64.8088,72.9511,67.3848,2004-12-29,52,2004
"210",70.3504,62.1752,70.4196,66.0874,2005-01-05,1,2005
"211",68.3575,71.2435,68.2734,65.07,2005-01-12,2,2005
"212",63.0499,63.3123,66.5299,64.2963,2005-01-19,3,2005
"213",65.731,63.1792,65.18,63.7184,2005-01-26,4,2005
"214",66.9965,63.6121,64.1942,63.2848,2005-02-02,5,2005
"215",65.9215,63.8273,63.5295,62.9465,2005-02-09,6,2005
"216",64.7105,63.1436,63.1361,62.6621,2005-02-16,7,2005
"217",67.3532,63.5835,62.9631,62.4012,2005-02-23,8,2005
"218",63.6208,64.4811,62.9633,62.1456,2005-03-02,9,2005
"219",67.0292,59.8196,63.0953,61.8886,2005-03-09,10,2005
"220",63.1836,62.0593,63.3248,61.6323,2005-03-16,11,2005
"221",69.053,61.7114,63.6236,61.3844,2005-03-23,12,2005
"222",64.116,64.8848,63.9676,61.1545,2005-03-30,13,2005
"223",64.9994,61.9579,64.3346,60.9504,2005-04-06,14,2005
"224",64.5902,63.3939,64.7024,60.7759,2005-04-13,15,2005
"225",67.5876,65.1738,65.0472,60.6297,2005-04-20,16,2005
"226",64.9769,67.0351,65.3439,60.5062,2005-04-27,17,2005
"227",70.0878,66.7612,65.5674,60.397,2005-05-04,18,2005
"228",68.0774,63.0072,65.6956,60.2951,2005-05-11,19,2005
"229",69.0904,64.3868,65.713,60.1978,2005-05-18,20,2005
"230",69.1996,64.4359,65.6156,60.111,2005-05-25,21,2005
"231",66.1385,64.4184,65.4143,60.0523,2005-06-01,22,2005
"232",68.3508,65.5569,65.1386,60.0522,2005-06-08,23,2005
"233",68.9054,63.3695,64.8371,60.1538,2005-06-15,24,2005
"234",66.7347,63.7861,64.5773,60.4103,2005-06-22,25,2005
"235",66.3723,63.3127,64.4412,60.8805,2005-06-29,26,2005
"236",63.7391,62.8397,64.5199,61.6222,2005-07-06,27,2005
"237",65.4933,62.4599,64.9052,62.685,2005-07-13,28,2005
"238",63.4071,64.1578,65.6802,64.103,2005-07-20,29,2005
"239",66.2519,68.0372,66.9096,65.8874,2005-07-27,30,2005
"240",65.7333,68.3348,68.6304,68.0218,2005-08-03,31,2005
"241",69.8762,71.9215,70.8446,70.4591,2005-08-10,32,2005
"242",74.3507,74.3289,73.515,73.122,2005-08-17,33,2005
"243",77.4407,78.9274,76.5636,75.9062,2005-08-24,34,2005
"244",79.6626,83.0135,79.8748,78.6866,2005-08-31,35,2005
"245",86.9703,104.707,83.3017,81.3265,2005-09-07,36,2005
"246",89.4548,86.1598,86.6761,83.6877,2005-09-14,37,2005
"247",95.9213,99.1801,89.8205,85.6421,2005-09-21,38,2005
"248",96.1149,97.4195,92.5619,87.0823,2005-09-28,39,2005
"249",102.36,104.124,94.7455,87.9305,2005-10-05,40,2005
"250",98.4272,104.572,96.2471,88.1455,2005-10-12,41,2005
"251",97.8266,95.408,96.9825,87.7257,2005-10-19,42,2005
"252",93.0564,89.4533,96.9144,86.7091,2005-10-26,43,2005
"253",91.1229,91.2087,96.0544,85.1695,2005-11-02,44,2005
"254",92.9667,90.4646,94.4612,83.2092,2005-11-09,45,2005
"255",89.4103,79.7225,92.2348,80.9503,2005-11-16,46,2005
"256",85.9753,76.8238,89.5071,78.5239,2005-11-23,47,2005
"257",83.4245,70.5618,86.4311,76.0587,2005-11-30,48,2005
"258",80.0657,73.3364,83.1678,73.6717,2005-12-07,49,2005
"259",85.2268,70.5841,79.8741,71.4591,2005-12-14,50,2005
"260",78.188,72.5349,76.6919,69.4914,2005-12-21,51,2005
"261",73.1592,72.1727,73.7393,67.8101,2005-12-28,52,2005
"262",72.8688,71.5014,70.7584,66.2549,2006-01-04,1,2006
"263",70.1114,66.9346,68.5555,65.1995,2006-01-11,2,2006
"264",59.9334,64.6594,66.7545,64.3936,2006-01-18,3,2006
"265",60.8113,67.1191,65.3497,63.7909,2006-01-25,4,2006
"266",59.4129,65.0114,64.3143,63.3399,2006-02-01,5,2006
"267",66.6114,62.6531,63.6067,62.9907,2006-02-08,6,2006
"268",63.0918,63.3687,63.1776,62.7007,2006-02-15,7,2006
"269",63.1246,61.3058,62.9762,62.4378,2006-02-22,8,2006
"270",60.9487,59.0402,62.9543,62.1822,2006-03-01,9,2006
"271",62.4121,62.2672,63.0697,61.9254,2006-03-08,10,2006
"272",61.0193,62.3137,63.2872,61.6686,2006-03-15,11,2006
"273",60.8369,59.8656,63.5776,61.419,2006-03-22,12,2006
"274",62.2717,60.0538,63.9165,61.1859,2006-03-29,13,2006
"275",62.9576,58.2048,64.2816,60.9778,2006-04-05,14,2006
"276",60.9939,57.4973,64.6507,60.799,2006-04-12,15,2006
"277",61.3257,56.0728,65.0003,60.649,2006-04-19,16,2006
"278",62.4122,59.7776,65.3054,60.5227,2006-04-26,17,2006
"279",63.2943,57.7299,65.5409,60.4121,2006-05-03,18,2006
"280",66.2097,57.6513,65.6838,60.3094,2006-05-10,19,2006
"281",65.5773,59.2101,65.7176,60.2113,2006-05-17,20,2006
"282",64.9174,57.42,65.6363,60.1222,2006-05-24,21,2006
"283",67.3954,60.4138,65.4485,60.058,2006-05-31,22,2006
"284",64.7122,59.1794,65.1809,60.0471,2006-06-07,23,2006
"285",62.0313,60.5728,64.8794,60.1311,2006-06-14,24,2006
"286",64.6947,63.3272,64.6088,60.362,2006-06-21,25,2006
"287",64.549,61.7178,64.4496,60.798,2006-06-28,26,2006
"288",63.4051,62.556,64.4919,61.4976,2006-07-05,27,2006
"289",64.0074,63.6937,64.8281,62.512,2006-07-12,28,2006
"290",65.1174,62.5054,65.543,63.878,2006-07-19,29,2006
"291",65.6676,63.3298,66.7044,65.6104,2006-07-26,30,2006
"292",69.4571,68.8766,68.354,67.6969,2006-08-02,31,2006
"293",70.8408,69.7028,70.4991,70.095,2006-08-09,32,2006
"294",75.6131,72.5043,73.1081,72.7315,2006-08-16,33,2006
"295",79.1255,77.0688,76.1089,75.5056,2006-08-23,34,2006
"296",81.7563,79.7038,79.391,78.2948,2006-08-30,35,2006
"297",83.6142,80.6926,82.8113,80.9633,2006-09-06,36,2006
"298",85.466,80.814,86.204,83.3725,2006-09-13,37,2006
"299",95.4207,102.531,89.392,85.3922,2006-09-20,38,2006
"300",98.2548,87.7686,92.2011,86.9113,2006-09-27,39,2006
"301",97.1877,84.9779,94.4728,87.8475,2006-10-04,40,2006
"302",101.995,89.8728,96.078,88.154,2006-10-11,41,2006
"303",103.015,91.0669,96.9263,87.8235,2006-10-18,42,2006
"304",96.5667,82.5489,96.9734,86.8885,2006-10-25,43,2006
"305",107.108,75.3055,96.224,85.4178,2006-11-01,44,2006
"306",96.5057,80.463,94.7303,83.5105,2006-11-08,45,2006
"307",104.359,76.6111,92.5869,81.2863,2006-11-15,46,2006
"308",101.39,92.099,89.9218,78.8758,2006-11-22,47,2006
"309",107.926,104.272,86.8858,76.4086,2006-11-29,48,2006
"310",105.47,72.3339,83.6394,74.004,2006-12-06,49,2006
"311",82.3109,79.0632,80.3409,71.7615,2006-12-13,50,2006
"312",86.3815,82.943,77.1349,69.7556,2006-12-20,51,2006
"313",73.0697,64.6795,74.1434,68.0319,2006-12-27,52,2006
"314",73.6235,66.8773,71.105,66.4283,2007-01-03,1,2007
"315",70.6403,70.0013,68.8457,65.334,2007-01-10,2,2007
"316",66.7544,80.5041,66.9871,64.4951,2007-01-17,3,2007
"317",70.8357,65.0706,65.5269,63.8665,2007-01-24,4,2007
"318",69.849,65.4318,64.441,63.397,2007-01-31,5,2007
"319",70.7761,68.8119,63.6895,63.036,2007-02-07,6,2007
"320",67.8035,62.9854,63.2238,62.7398,2007-02-14,7,2007
"321",66.142,67.3303,62.9929,62.4746,2007-02-21,8,2007
"322",67.9779,68.8718,62.9481,62.2187,2007-02-28,9,2007
"323",66.7439,66.3679,63.0462,61.9622,2007-03-07,10,2007
"324",69.1627,66.4223,63.251,61.7051,2007-03-14,11,2007
"325",62.2148,62.706,63.5326,61.4538,2007-03-21,12,2007
"326",61.2075,60.1985,63.866,61.2179,2007-03-28,13,2007
"327",65.8314,62.4659,64.2287,61.0058,2007-04-04,14,2007
"328",63.5842,63.5591,64.5986,60.8227,2007-04-11,15,2007
"329",67.219,64.6261,64.9525,60.6688,2007-04-18,16,2007
"330",68.1686,64.7053,65.2655,60.5396,2007-04-25,17,2007
"331",67.0865,63.3176,65.5124,60.4272,2007-05-02,18,2007
"332",67.1111,63.743,65.6697,60.3238,2007-05-09,19,2007
"333",68.1544,61.2782,65.7198,60.2249,2007-05-16,20,2007
"334",69.1314,62.0853,65.6548,60.1339,2007-05-23,21,2007
"335",67.5396,61.267,65.4811,60.0647,2007-05-30,22,2007
"336",66.14,61.8608,65.2225,60.044,2007-06-06,23,2007
"337",68.8306,63.5365,64.9223,60.1114,2007-06-13,24,2007
"338",66.0635,60.0638,64.6427,60.3178,2007-06-20,25,2007
"339",64.0036,62.9397,64.4622,60.7209,2007-06-27,26,2007
"340",65.5698,65.7304,64.47,61.3794,2007-07-04,27,2007
"341",66.0432,65.6767,64.7587,62.3463,2007-07-11,28,2007
"342",68.9515,67.3746,65.4148,63.6605,2007-07-18,29,2007
"343",68.4052,66.6123,66.5093,65.3406,2007-07-25,30,2007
"344",67.2418,66.4183,68.0878,67.3784,2007-08-01,31,2007
"345",69.197,70.5376,70.1631,69.7358,2007-08-08,32,2007
"346",70.9279,72.5168,72.7093,72.3438,2007-08-15,33,2007
"347",73.2692,75.4966,75.66,75.1053,2007-08-22,34,2007
"348",72.2362,75.8092,78.91,77.9005,2007-08-29,35,2007
"349",78.91,80.5076,82.3203,80.5947,2007-09-05,36,2007
"350",85.6324,83.816,85.7277,83.0493,2007-09-12,37,2007
"351",110.256,106.612,88.9559,85.132,2007-09-19,38,2007
"352",100.331,100.018,91.8292,86.7284,2007-09-26,39,2007
"353",101.642,105.793,94.1865,87.7517,2007-10-03,40,2007
"354",108.259,100.235,95.8934,88.1495,2007-10-10,41,2007
"355",117.198,117.217,96.8537,87.9089,2007-10-17,42,2007
"356",99.9163,100.447,97.0161,87.0568,2007-10-24,43,2007
"357",99.246,88.9327,96.3784,85.6572,2007-10-31,44,2007
"358",94.6202,81.4978,94.9861,83.8053,2007-11-07,45,2007
"359",88.8448,83.5048,92.9283,81.6186,2007-11-14,46,2007
"360",84.8423,82.3785,90.3289,79.2266,2007-11-21,47,2007
"361",81.2811,78.477,87.3362,76.7599,2007-11-28,48,2007
"362",88.0067,77.125,84.1099,74.3396,2007-12-05,49,2007
"363",85.323,74.1722,80.8096,72.0688,2007-12-12,50,2007
"364",74.8751,67.4203,77.5823,70.0256,2007-12-19,51,2007
"365",65.9027,64.5966,74.5537,68.2599,2007-12-26,52,2007
"366",64.5355,66.3893,71.4594,66.6076,2008-01-02,1,2008
"367",68.5768,65.9519,69.1443,65.4737,2008-01-09,2,2008
"368",68.3678,63.795,67.2279,64.601,2008-01-16,3,2008
"369",68.4126,61.6222,65.7119,63.9454,2008-01-23,4,2008
"370",63.4196,61.4408,64.5746,63.4563,2008-01-30,5,2008
"371",66.3394,58.6421,63.7782,63.0827,2008-02-06,6,2008
"372",69.2238,57.9035,63.2748,62.7796,2008-02-13,7,2008
"373",64.6138,61.8124,63.0134,62.5116,2008-02-20,8,2008
"374",66.2934,58.4398,62.9448,62.2552,2008-02-27,9,2008
"375",64.3534,63.2278,63.0249,61.999,2008-03-05,10,2008
"376",64.0706,67.2687,63.2164,61.7417,2008-03-12,11,2008
"377",61.6481,63.5483,63.4887,61.489,2008-03-19,12,2008
"378",62.4366,57.2984,63.8161,61.2503,2008-03-26,13,2008
"379",63.4944,60.2172,64.1759,61.0344,2008-04-02,14,2008
"380",63.6691,60.2266,64.5462,60.847,2008-04-09,15,2008
"381",63.7275,59.5237,64.9038,60.6892,2008-04-16,16,2008
"382",64.5048,60.271,65.2243,60.5568,2008-04-23,17,2008
"383",65.3747,58.7786,65.4821,60.4426,2008-04-30,18,2008
"384",66.8414,59.5771,65.6535,60.3382,2008-05-07,19,2008
"385",66.9401,61.6939,65.7197,60.2388,2008-05-14,20,2008
"386",64.7308,59.4408,65.6711,60.1461,2008-05-21,21,2008
"387",64.9661,62.3409,65.5118,60.0724,2008-05-28,22,2008
"388",65.3845,62.406,65.2632,60.0426,2008-06-04,23,2008
"389",67.062,58.0134,64.9655,60.0946,2008-06-11,24,2008
"390",64.319,60.1536,64.6786,60.2777,2008-06-18,25,2008
"391",64.5953,63.4829,64.4786,60.649,2008-06-25,26,2008
"392",66.2153,64.9389,64.4538,61.2676,2008-07-02,27,2008
"393",67.2628,64.5078,64.6969,62.1876,2008-07-09,28,2008
"394",69.3918,71.1677,65.2957,63.4505,2008-07-16,29,2008
"395",65.254,65.1136,66.324,65.0782,2008-07-23,30,2008
"396",66.0534,68.0646,67.8318,67.0665,2008-07-30,31,2008
"397",70.8968,67.1649,69.8367,69.3817,2008-08-06,32,2008
"398",69.031,68.8698,72.3188,71.9593,2008-08-13,33,2008
"399",72.3577,71.1029,75.2173,74.7058,2008-08-20,34,2008
"400",70.5848,74.1961,78.4324,77.5041,2008-08-27,35,2008
"401",71.3243,72.5954,81.8293,80.2213,2008-09-03,36,2008
"402",77.9205,80.3127,85.2477,82.7185,2008-09-10,37,2008
"403",80.2494,82.2152,88.5124,84.8618,2008-09-17,38,2008
"404",82.976,78.4777,91.4468,86.5338,2008-09-24,39,2008
"405",79.6802,82.2276,93.8868,87.643,2008-10-01,40,2008
"406",78.7031,80.4503,95.6935,88.1319,2008-10-08,41,2008
"407",85.8643,87.8563,96.7647,87.9818,2008-10-15,42,2008
"408",91.8649,87.6922,97.0424,87.2139,2008-10-22,43,2008
"409",92.5239,91.6992,96.5172,85.8874,2008-10-29,44,2008
"410",89.1354,80.5309,95.2282,84.0933,2008-11-05,45,2008
"411",82.0075,75.8811,93.2586,81.9466,2008-11-12,46,2008
"412",83.2011,71.8229,90.728,79.5759,2008-11-19,47,2008
"413",78.1327,67.6524,87.7818,77.1121,2008-11-26,48,2008
"414",74.3273,68.9287,84.579,74.6784,2008-12-03,49,2008
"415",71.2641,65.453,81.2798,72.3808,2008-12-10,50,2008
"416",66.64,64.1154,78.0339,70.3014,2008-12-17,51,2008
"417",72.6132,64.1896,74.9702,68.4941,2008-12-24,52,2008
"418",66.4222,62.6692,72.1907,66.984,2008-12-31,53,2008
"419",64.1461,63.8978,69.7658,65.7694,2009-01-07,1,2009
"420",63.7004,61.987,67.7342,64.826,2009-01-14,2,2009
"421",66.9402,62.3155,66.105,64.1134,2009-01-21,3,2009
"422",63.1113,64.1204,64.8629,63.5821,2009-01-28,4,2009
"423",61.9725,68.3163,63.9736,63.1804,2009-02-04,5,2009
"424",64.8849,69.1687,63.3917,62.8613,2009-02-11,6,2009
"425",67.9425,63.3409,63.0663,62.5862,2009-02-18,7,2009
"426",62.148,64.2858,62.9474,62.3281,2009-02-25,8,2009
"427",65.2843,60.9593,62.9891,62.0724,2009-03-04,9,2009
"428",63.6375,58.2172,63.1523,61.8151,2009-03-11,10,2009
"429",60.4085,57.1618,63.4042,61.5602,2009-03-18,11,2009
"430",62.0284,59.2542,63.7183,61.3165,2009-03-25,12,2009
"431",58.8986,59.5318,64.071,61.0933,2009-04-01,13,2009
"432",60.5481,56.3171,64.4406,60.8975,2009-04-08,14,2009
"433",63.8226,56.8901,64.8043,60.7314,2009-04-15,15,2009
"434",63.813,59.242,65.138,60.5924,2009-04-22,16,2009
"435",63.3186,56.5022,65.4163,60.4739,2009-04-29,17,2009
"436",64.4765,59.2168,65.6146,60.3674,2009-05-06,18,2009
"437",68.0459,59.5985,65.7123,60.2667,2009-05-13,19,2009
"438",63.6056,57.2871,65.6967,60.1714,2009-05-20,20,2009
"439",65.7221,58.7241,65.5677,60.0903,2009-05-27,21,2009
"440",63.658,57.4658,65.3414,60.0446,2009-06-03,22,2009
"441",64.0331,57.5103,65.0525,60.0687,2009-06-10,23,2009
"442",66.2718,59.9249,64.7553,60.2088,2009-06-17,24,2009
"443",68.991,58.9496,64.5219,60.5202,2009-06-24,25,2009
"444",66.0279,60.581,64.4377,61.0623,2009-07-01,26,2009
"445",65.3982,60.5065,64.5948,61.8912,2009-07-08,27,2009
"446",64.6891,59.1773,65.0836,63.053,2009-07-15,28,2009
"447",64.2863,61.9806,65.9829,64.5756,2009-07-22,29,2009
"448",65.1182,63.5147,67.3503,66.463,2009-07-29,30,2009
"449",66.2441,65.0139,69.2136,68.6901,2009-08-05,31,2009
"450",67.3827,66.8732,71.5637,71.201,2009-08-12,32,2009
"451",68.5327,68.8652,74.3518,73.9103,2009-08-19,33,2009
"452",69.7037,70.8934,77.4888,76.7069,2009-08-26,34,2009
"453",70.934,72.9089,80.8492,79.4613,2009-09-02,35,2009
"454",72.2892,74.7992,84.2789,82.0355,2009-09-09,36,2009
"455",73.9876,76.3808,87.6057,84.2928,2009-09-16,37,2009
"456",76.5765,77.1538,90.6521,86.1101,2009-09-23,38,2009
"457",81.4754,75.8244,93.2488,87.3876,2009-09-30,39,2009
"458",88.0387,71.3773,95.2487,88.0574,2009-10-07,40,2009
"459",90.5254,72.744,96.5379,88.0894,2009-10-14,41,2009
"460",100.264,88.156,97.0455,87.4936,2009-10-21,42,2009
"461",87.8521,80.9881,96.7478,86.3186,2009-10-28,43,2009
"462",88.5008,79.6413,95.6704,84.6472,2009-11-04,44,2009
"463",81.2977,79.2311,93.8844,82.5886,2009-11-11,45,2009
"464",92.5022,89.2327,91.5002,80.2684,2009-11-18,46,2009
"465",78.9881,78.857,88.6568,77.8181,2009-11-25,47,2009
"466",79.9932,65.1685,85.5108,75.3641,2009-12-02,48,2009
"467",84.1943,71.3343,82.2233,73.0181,2009-12-09,49,2009
"468",84.7962,70.0899,78.9479,70.8696,2009-12-16,50,2009
"469",72.9054,64.6361,75.8204,68.9807,2009-12-23,51,2009
"470",64.721,61.9642,72.9511,67.3848,2009-12-30,52,2009
"471",56.3904,59.3855,70.0887,65.9256,2010-01-06,1,2010
"472",61.6457,62.7008,67.9997,64.9456,2010-01-13,2,2010
"473",63.5738,60.3866,66.3135,64.2029,2010-01-20,3,2010
"474",68.316,64.4607,65.0178,63.6488,2010-01-27,4,2010
"475",61.1846,57.2859,64.0807,63.2317,2010-02-03,5,2010
"476",59.6892,58.1362,63.4579,62.9034,2010-02-10,6,2010
"477",64.1332,59.0712,63.099,62.6239,2010-02-17,7,2010
"478",59.8015,60.1681,62.9536,62.3646,2010-02-24,8,2010
"479",61.8177,56.6313,62.9749,62.109,2010-03-03,9,2010
"480",60.0069,56.7145,63.1228,61.8518,2010-03-10,10,2010
"481",57.0741,58.5521,63.3639,61.5962,2010-03-17,11,2010
"482",57.408,60.7725,63.6705,61.3503,2010-03-24,12,2010
"483",59.2435,58.0445,64.0191,61.1236,2010-03-31,13,2010
"484",62.2136,58.4331,64.3876,60.9236,2010-04-07,14,2010
"485",61.5395,56.8648,64.7536,60.7534,2010-04-14,15,2010
"486",57.7235,57.3687,65.0931,60.6109,2010-04-21,16,2010
"487",64.307,56.908,65.3809,60.4899,2010-04-28,17,2010
"488",63.6421,58.3574,65.592,60.3822,2010-05-05,18,2010
"489",63.8252,58.1762,65.7051,60.2809,2010-05-12,19,2010
"490",63.2268,59.9601,65.706,60.1844,2010-05-19,20,2010
"491",63.1246,59.1456,65.5927,60.1003,2010-05-26,21,2010
"492",63.4297,59.7035,65.3786,60.0478,2010-06-02,22,2010
"493",64.2114,57.5608,65.0957,60.0593,2010-06-09,23,2010
"494",65.7916,59.9788,64.7957,60.1796,2010-06-16,24,2010
"495",63.7868,61.2046,64.5482,60.463,2010-06-23,25,2010
"496",63.5841,60.1168,64.4371,60.9685,2010-06-30,26,2010
"497",58.7482,60.444,64.5541,61.7534,2010-07-07,27,2010
"498",61.5758,63.4583,64.9903,62.8653,2010-07-14,28,2010
"499",63.9918,61.9114,65.8269,64.3356,2010-07-21,29,2010
"500",64.8238,63.7344,67.1249,66.1717,2010-07-28,30,2010
"501",64.1765,63.3154,68.9169,68.3529,2010-08-04,31,2010
"502",66.1221,66.282,71.1996,70.8279,2010-08-11,32,2010
"503",63.2753,66.7454,73.9296,73.5151,2010-08-18,33,2010
"504",65.6933,73.0636,77.0237,76.3068,2010-08-25,34,2010
"505",67.7357,74.2434,80.361,79.0756,2010-09-01,35,2010
"506",70.0046,83.8703,83.7911,81.684,2010-09-08,36,2010
"507",70.3202,76.8123,87.1435,83.9946,2010-09-15,37,2010
"508",74.8781,93.587,90.2406,85.8815,2010-09-22,38,2010
"509",87.3747,89.7074,92.9113,87.2411,2010-09-29,39,2010
"510",86.2781,99.6946,95.0042,88.0004,2010-10-06,40,2010
"511",93.3489,103.711,96.4005,88.1239,2010-10-13,41,2010
"512",92.3364,87.2566,97.0223,87.6157,2010-10-20,42,2010
"513",98.9498,97.2776,96.8392,86.5191,2010-10-27,43,2010
"514",91.9157,85.4361,95.8698,84.9125,2010-11-03,44,2010
"515",90.6652,80.9604,94.1791,82.9017,2010-11-10,45,2010
"516",82.9454,75.4478,91.8724,80.6109,2010-11-17,46,2010
"517",79.2716,75.5646,89.0853,78.1712,2010-11-24,47,2010
"518",73.8376,67.3795,85.9726,75.7104,2010-12-01,48,2010
"519",74.5155,66.2742,82.6956,73.343,2010-12-08,49,2010
"520",68.3471,63.9798,79.4096,71.1617,2010-12-15,50,2010
"521",65.8764,64.4209,76.2537,69.2331,2010-12-22,51,2010
"522",64.633,62.3542,73.3419,67.5944,2010-12-29,52,2010
"523",63.4612,64.137,70.4196,66.0874,2011-01-05,1,2011
"524",63.3792,61.4045,68.2734,65.07,2011-01-12,2,2011
"525",61.2961,58.2981,66.5299,64.2963,2011-01-19,3,2011
"526",61.2904,62.5281,65.18,63.7184,2011-01-26,4,2011
"527",60.4724,59.3058,64.1942,63.2848,2011-02-02,5,2011
"528",55.2849,58.3493,63.5295,62.9465,2011-02-09,6,2011
"529",57.8702,57.6473,63.1361,62.6621,2011-02-16,7,2011
"530",59.0702,58.8619,62.9631,62.4012,2011-02-23,8,2011
"531",60.8257,59.2346,62.9633,62.1456,2011-03-02,9,2011
"532",58.33,59.907,63.0953,61.8886,2011-03-09,10,2011
"533",56.0564,55.2312,63.3248,61.6323,2011-03-16,11,2011
"534",51.8162,51.0306,63.6236,61.3844,2011-03-23,12,2011
"535",51.4338,52.0292,63.9676,61.1545,2011-03-30,13,2011
"536",59.0672,57.9797,64.3346,60.9504,2011-04-06,14,2011
"537",59.5543,53.943,64.7024,60.7759,2011-04-13,15,2011
"538",59.6774,57.7573,65.0472,60.6297,2011-04-20,16,2011
"539",65.5109,57.5785,65.3439,60.5062,2011-04-27,17,2011
"540",66.7429,57.6152,65.5674,60.397,2011-05-04,18,2011
"541",63.6959,54.7568,65.6956,60.2951,2011-05-11,19,2011
"542",64.8857,54.8718,65.713,60.1978,2011-05-18,20,2011
"543",63.6828,54.7034,65.6156,60.111,2011-05-25,21,2011
"544",64.0023,58.3954,65.4143,60.0523,2011-06-01,22,2011
"545",67.3547,55.5049,65.1386,60.0522,2011-06-08,23,2011
"546",61.7835,58.3163,64.8371,60.1538,2011-06-15,24,2011
"547",63.158,59.31,64.5773,60.4103,2011-06-22,25,2011
"548",62.6965,60.2972,64.4412,60.8805,2011-06-29,26,2011
"549",62.1077,60.1807,64.5199,61.6222,2011-07-06,27,2011
"550",60.9041,62.2414,64.9052,62.685,2011-07-13,28,2011
"551",64.38,63.1448,65.6802,64.103,2011-07-20,29,2011
"552",68.9837,67.2208,66.9096,65.8874,2011-07-27,30,2011
"553",72.464,71.2962,68.6304,68.0218,2011-08-03,31,2011
"554",73.1357,66.144,70.8446,70.4591,2011-08-10,32,2011
"555",72.3956,72.1731,73.515,73.122,2011-08-17,33,2011
"556",72.6428,70.2189,76.5636,75.9062,2011-08-24,34,2011
"557",80.4346,75.5216,79.8748,78.6866,2011-08-31,35,2011
"558",83.0391,76.8314,83.3017,81.3265,2011-09-07,36,2011
"559",84.9174,79.4331,86.6761,83.6877,2011-09-14,37,2011
"560",109.105,96,89.8205,85.6421,2011-09-21,38,2011
"561",121.597,91.3617,92.5619,87.0823,2011-09-28,39,2011
"562",111.514,85.45,94.7455,87.9305,2011-10-05,40,2011
"563",110.602,92.5183,96.2471,88.1455,2011-10-12,41,2011
"564",115.308,88.6426,96.9825,87.7257,2011-10-19,42,2011
"565",105.929,95.3763,96.9144,86.7091,2011-10-26,43,2011
"566",109.838,80.8846,96.0544,85.1695,2011-11-02,44,2011
"567",106.366,89.2196,94.4612,83.2092,2011-11-09,45,2011
"568",101.919,88.8917,92.2348,80.9503,2011-11-16,46,2011
"569",78.4418,71.0477,89.5071,78.5239,2011-11-23,47,2011
"570",79.6127,67.5878,86.4311,76.0587,2011-11-30,48,2011
"571",74.612,65.295,83.1678,73.6717,2011-12-07,49,2011
"572",73.7875,62.5072,79.8741,71.4591,2011-12-14,50,2011
"573",72.3584,63.5245,76.6919,69.4914,2011-12-21,51,2011
"574",70.1375,61.7929,73.7393,67.8101,2011-12-28,52,2011
"575",75.8707,67.3717,70.7584,66.2549,2012-01-04,1,2012
"576",83.1964,69.8466,68.5555,65.1995,2012-01-11,2,2012
"577",70.46,64.019,66.7545,64.3936,2012-01-18,3,2012
"578",67.0476,61.7359,65.3497,63.7909,2012-01-25,4,2012
"579",66.454,60.1069,64.3143,63.3399,2012-02-01,5,2012
"580",64.3517,56.6745,63.6067,62.9907,2012-02-08,6,2012
"581",63.4986,58.526,63.1776,62.7007,2012-02-15,7,2012
"582",64.6043,64.9508,62.9762,62.4378,2012-02-22,8,2012
"583",57.2727,63.7024,62.9543,62.1822,2012-02-29,9,2012
"584",54.2328,58.6081,63.0697,61.9254,2012-03-07,10,2012
"585",58.8977,57.647,63.2872,61.6686,2012-03-14,11,2012
"586",63.5108,58.3708,63.5776,61.419,2012-03-21,12,2012
"587",62.6747,58.945,63.9165,61.1859,2012-03-28,13,2012
"588",63.8483,61.9508,64.2816,60.9778,2012-04-04,14,2012
"589",62.41,57.5899,64.6507,60.799,2012-04-11,15,2012
"590",62.7169,60.3376,65.0003,60.649,2012-04-18,16,2012
"591",62.8015,56.8195,65.3054,60.5227,2012-04-25,17,2012
"592",63.5597,57.4694,65.5409,60.4121,2012-05-02,18,2012
"593",65.2608,61.8987,65.6838,60.3094,2012-05-09,19,2012
"594",64.9309,59.2239,65.7176,60.2113,2012-05-16,20,2012
"595",65.629,59.4235,65.6363,60.1222,2012-05-23,21,2012
"596",61.3662,58.8102,65.4485,60.058,2012-05-30,22,2012
"597",62.4529,56.2626,65.1809,60.0471,2012-06-06,23,2012
"598",64.7898,60.0486,64.8794,60.1311,2012-06-13,24,2012
"599",65.7265,61.5278,64.6088,60.362,2012-06-20,25,2012
"600",65.2894,62.8703,64.4496,60.798,2012-06-27,26,2012
"601",65.9961,59.8926,64.4919,61.4976,2012-07-04,27,2012
"602",69.7351,63.4187,64.8281,62.512,2012-07-11,28,2012
"603",63.8247,63.065,65.543,63.878,2012-07-18,29,2012
"604",66.0551,64.543,66.7044,65.6104,2012-07-25,30,2012
"605",66.1023,63.2525,68.354,67.6969,2012-08-01,31,2012
"606",68.5158,68.019,70.4991,70.095,2012-08-08,32,2012
"607",73.6895,74.0814,73.1081,72.7315,2012-08-15,33,2012
"608",78.0098,75.5613,76.1089,75.5056,2012-08-22,34,2012
"609",83.5345,75.4813,79.391,78.2948,2012-08-29,35,2012
"610",78.5291,75.1871,82.8113,80.9633,2012-09-05,36,2012
"611",78.1593,77.4513,86.204,83.3725,2012-09-12,37,2012
"612",93.2469,86.2656,89.392,85.3922,2012-09-19,38,2012
"613",103.574,89.7922,92.2011,86.9113,2012-09-26,39,2012
"614",91.1906,89.0614,94.4728,87.8475,2012-10-03,40,2012
"615",95.9369,87.8996,96.078,88.154,2012-10-10,41,2012
"616",103.335,97.597,96.9263,87.8235,2012-10-17,42,2012
"617",105.649,94.2156,96.9734,86.8885,2012-10-24,43,2012
"618",107.023,87.2174,96.224,85.4178,2012-10-31,44,2012
"619",97.8991,79.3009,94.7303,83.5105,2012-11-07,45,2012
"620",91.5798,82.7283,92.5869,81.2863,2012-11-14,46,2012
"621",101.703,79.6983,89.9218,78.8758,2012-11-21,47,2012
"622",94.6412,86.1459,86.8858,76.4086,2012-11-28,48,2012
"623",96.831,75.3018,83.6394,74.004,2012-12-05,49,2012
"624",97.7868,79.4943,80.3409,71.7615,2012-12-12,50,2012
"625",94.7712,66.8228,77.1349,69.7556,2012-12-19,51,2012
"626",71.9396,64.7144,74.1434,68.0319,2012-12-26,52,2012
"627",69.9611,66.1977,71.4594,66.6076,2013-01-02,1,2013
"628",69.9734,69.9019,69.1443,65.4737,2013-01-09,2,2013
"629",71.802,73.397,67.2279,64.601,2013-01-16,3,2013
"630",76.1675,64.6926,65.7119,63.9454,2013-01-23,4,2013
"631",67.363,58.9576,64.5746,63.4563,2013-01-30,5,2013
"632",69.3272,60.831,63.7782,63.0827,2013-02-06,6,2013
"633",67.9935,62.0688,63.2748,62.7796,2013-02-13,7,2013
"634",61.7863,60.2903,63.0134,62.5116,2013-02-20,8,2013
"635",65.7046,60.8327,62.9448,62.2552,2013-02-27,9,2013
"636",61.1926,57.8972,63.0249,61.999,2013-03-06,10,2013
"637",61.429,60.8315,63.2164,61.7417,2013-03-13,11,2013
"638",62.0808,59.9922,63.4887,61.489,2013-03-20,12,2013
"639",57.9992,56.8499,63.8161,61.2503,2013-03-27,13,2013
"640",58.4028,59.1149,64.1759,61.0344,2013-04-03,14,2013
"641",61.4489,61.7947,64.5462,60.847,2013-04-10,15,2013
"642",63.1663,59.3882,64.9038,60.6892,2013-04-17,16,2013
"643",62.7594,57.5981,65.2243,60.5568,2013-04-24,17,2013
"644",65.2425,61.507,65.4821,60.4426,2013-05-01,18,2013
"645",64.0184,62.0288,65.6535,60.3382,2013-05-08,19,2013
"646",63.7276,58.1278,65.7197,60.2388,2013-05-15,20,2013
"647",64.6233,59.0022,65.6711,60.1461,2013-05-22,21,2013
"648",65.6877,61.8001,65.5118,60.0724,2013-05-29,22,2013
"649",64.3681,58.2088,65.2632,60.0426,2013-06-05,23,2013
"650",66.4055,60.5025,64.9655,60.0946,2013-06-12,24,2013
"651",65.7068,60.4282,64.6786,60.2777,2013-06-19,25,2013
"652",68.2599,61.9053,64.4786,60.649,2013-06-26,26,2013
"653",68.2088,65.2463,64.4538,61.2676,2013-07-03,27,2013
"654",67.068,64.7051,64.6969,62.1876,2013-07-10,28,2013
"655",67.379,65.022,65.2957,63.4505,2013-07-17,29,2013
"656",68.7454,64.0498,66.324,65.0782,2013-07-24,30,2013
"657",66.6151,63.5402,67.8318,67.0665,2013-07-31,31,2013
"658",69.7883,65.4371,69.8367,69.3817,2013-08-07,32,2013
"659",70.2909,66.9258,72.3188,71.9593,2013-08-14,33,2013
"660",73.2033,68.9289,75.2173,74.7058,2013-08-21,34,2013
"661",71.7767,70.0902,78.4324,77.5041,2013-08-28,35,2013
"662",79.6687,80.0177,81.8293,80.2213,2013-09-04,36,2013
"663",78.5456,78.3042,85.2477,82.7185,2013-09-11,37,2013
"664",83.4886,81.858,88.5124,84.8618,2013-09-18,38,2013
"665",93.5649,83.0184,91.4468,86.5338,2013-09-25,39,2013
"666",96.6338,88.0374,93.8868,87.643,2013-10-02,40,2013
"667",90.5043,79.2689,95.6935,88.1319,2013-10-09,41,2013
"668",85.704,78.1657,96.7647,87.9818,2013-10-16,42,2013
"669",82.8356,79.4164,97.0424,87.2139,2013-10-23,43,2013
"670",83.1621,76.1434,96.5172,85.8874,2013-10-30,44,2013
"671",81.7394,76.3292,95.2282,84.0933,2013-11-06,45,2013
"672",83.2749,66.3535,93.2586,81.9466,2013-11-13,46,2013
"673",79.5259,68.5208,90.728,79.5759,2013-11-20,47,2013
"674",75.8158,67.6209,87.7818,77.1121,2013-11-27,48,2013
"675",71.1524,66.2983,84.579,74.6784,2013-12-04,49,2013
"676",70.1034,61.6611,81.2798,72.3808,2013-12-11,50,2013
"677",66.7929,64.4646,78.0339,70.3014,2013-12-18,51,2013
"678",65.0808,61.256,74.9702,68.4941,2013-12-25,52,2013
"679",74.6954,64.3877,71.8213,66.7928,2014-01-01,1,2014
"680",67.9481,60.618,69.4509,65.6189,2014-01-08,2,2014
"681",65.079,68.9322,67.4769,64.7112,2014-01-15,3,2014
"682",71.1523,67.8777,65.9045,64.0276,2014-01-22,4,2014
"683",64.2387,62.6156,64.7152,63.5179,2014-01-29,5,2014
"684",60.5284,63.8491,63.8728,63.1308,2014-02-05,6,2014
"685",69.3684,68.3513,63.3307,62.8201,2014-02-12,7,2014
"686",67.1507,61.9872,63.0378,62.5487,2014-02-19,8,2014
"687",63.7632,61.7627,62.9445,62.2916,2014-02-26,9,2014
"688",62.412,60.103,63.0059,62.0357,2014-03-05,10,2014
"689",65.4647,64.3338,63.1835,61.7783,2014-03-12,11,2014
"690",65.2418,60.2802,63.4459,61.5245,2014-03-19,12,2014
"691",60.9262,58.8608,63.7668,61.2832,2014-03-26,13,2014
"692",61.0292,59.0447,64.1233,61.0635,2014-04-02,14,2014
"693",65.6039,58.7007,64.4935,60.8719,2014-04-09,15,2014
"694",65.8553,60.4979,64.8544,60.71,2014-04-16,16,2014
"695",66.6158,61.2506,65.1817,60.5744,2014-04-23,17,2014
"696",65.5376,59.248,65.4501,60.4581,2014-04-30,18,2014
"697",64.3733,57.4771,65.6351,60.3528,2014-05-07,19,2014
"698",64.5443,56.9768,65.7171,60.2527,2014-05-14,20,2014
"699",65.0796,62.5132,65.6851,60.1586,2014-05-21,21,2014
"700",66.5307,61.338,65.5408,60.0809,2014-05-28,22,2014
"701",63.5424,60.0435,65.3029,60.0429,2014-06-04,23,2014
"702",65.1493,61.9707,65.009,60.0804,2014-06-11,24,2014
"703",65.9004,62.0273,64.7162,60.2414,2014-06-18,25,2014
"704",66.3651,62.0882,64.4986,60.5822,2014-06-25,26,2014
"705",65.5787,62.8385,64.4432,61.1619,2014-07-02,27,2014
"706",66.7349,63.223,64.6423,62.0359,2014-07-09,28,2014
"707",65.8717,62.1392,65.1853,63.248,2014-07-16,29,2014
"708",67.3365,65.0209,66.1486,64.8232,2014-07-23,30,2014
"709",65.0061,64.5914,67.586,66.7613,2014-07-30,31,2014
"710",67.4365,65.7076,69.5202,69.0331,2014-08-06,32,2014
"711",71.5759,65.9136,71.9368,71.5782,2014-08-13,33,2014
"712",70.0035,66.3479,74.7811,74.3073,2014-08-20,34,2014
"713",76.2577,72.1385,77.9585,77.1061,2014-08-27,35,2014
"714",76.3475,70.3842,81.3388,79.8434,2014-09-03,36,2014
"715",78.8791,71.6016,84.7646,82.3804,2014-09-10,37,2014
"716",83.3235,73.8091,88.0622,84.582,2014-09-17,38,2014
"717",88.4424,81.6201,91.0543,86.3276,2014-09-24,39,2014
"718",86.9443,84.2802,93.5741,87.5216,2014-10-01,40,2014
"719",88.8135,82.2794,95.4785,88.1012,2014-10-08,41,2014
"720",87.7804,75.7238,96.6594,88.042,2014-10-15,42,2014
"721",98.1695,89.1852,97.0522,87.3596,2014-10-22,43,2014
"722",104.1,87.8915,96.6404,86.1079,2014-10-29,44,2014
"723",95.6055,82.0618,95.4564,84.374,2014-11-05,45,2014
"724",94.5714,89.8688,93.5775,82.2701,2014-11-12,46,2014
"725",98.9712,85.078,91.1186,79.9232,2014-11-19,47,2014
"726",89.2881,72.3731,88.2221,77.4649,2014-11-26,48,2014
"727",76.6814,70.4847,85.0461,75.02,2014-12-03,49,2014
"728",74.4092,67.0719,81.7512,72.6973,2014-12-10,50,2014
"729",73.0907,63.5173,78.4891,70.5827,2014-12-17,51,2014
"730",71.7974,62.4402,75.3925,68.7344,2014-12-24,52,2014
"731",65.9457,63.793,72.5673,67.1814,2014-12-31,53,2014
"732",57.3502,59.7314,69.7658,65.7694,2015-01-07,1,2015
"733",61.3849,60.1233,67.7342,64.826,2015-01-14,2,2015
"734",64.5816,60.9534,66.105,64.1134,2015-01-21,3,2015
"735",64.4437,56.815,64.8629,63.5821,2015-01-28,4,2015
"736",61.872,58.731,63.9736,63.1804,2015-02-04,5,2015
"737",61.7874,63.1935,63.3917,62.8613,2015-02-11,6,2015
"738",65.7918,63.7956,63.0663,62.5862,2015-02-18,7,2015
"739",68.2864,64.2477,62.9474,62.3281,2015-02-25,8,2015
"740",66.1004,63.0751,62.9891,62.0724,2015-03-04,9,2015
"741",63.9893,58.688,63.1523,61.8151,2015-03-11,10,2015
"742",65.0044,61.705,63.4042,61.5602,2015-03-18,11,2015
"743",68.0029,62.7155,63.7183,61.3165,2015-03-25,12,2015
"744",66.254,58.4524,64.071,61.0933,2015-04-01,13,2015
"745",64.5975,57.6992,64.4406,60.8975,2015-04-08,14,2015
"746",66.8711,63.5641,64.8043,60.7314,2015-04-15,15,2015
"747",65.0624,55.05,65.138,60.5924,2015-04-22,16,2015
"748",66.7374,57.4003,65.4163,60.4739,2015-04-29,17,2015
"749",64.9984,59.952,65.6146,60.3674,2015-05-06,18,2015
"750",62.9435,57.6217,65.7123,60.2667,2015-05-13,19,2015
"751",64.8625,57.6295,65.6967,60.1714,2015-05-20,20,2015
"752",67.3206,59.9585,65.5677,60.0903,2015-05-27,21,2015
"753",65.0815,59.7704,65.3414,60.0446,2015-06-03,22,2015
"754",66.7199,61.8138,65.0525,60.0687,2015-06-10,23,2015
"755",62.9285,57.9459,64.7553,60.2088,2015-06-17,24,2015
"756",62.86,59.7318,64.5219,60.5202,2015-06-24,25,2015
"757",64.0938,60.4504,64.4377,61.0623,2015-07-01,26,2015
"758",65.9927,62.4356,64.5948,61.8912,2015-07-08,27,2015
"759",67.1281,62.3426,65.0836,63.053,2015-07-15,28,2015
"760",69.5191,64.8452,65.9829,64.5756,2015-07-22,29,2015
"761",70.6496,66.6088,67.3503,66.463,2015-07-29,30,2015
"762",70.137,68.4174,69.2136,68.6901,2015-08-05,31,2015
"763",70.3745,67.8862,71.5637,71.201,2015-08-12,32,2015
"764",74.9569,71.2565,74.3518,73.9103,2015-08-19,33,2015
"765",73.9808,68.1641,77.4888,76.7069,2015-08-26,34,2015
"766",84.3393,74.2456,80.8492,79.4613,2015-09-02,35,2015
"767",84.7176,80.2571,84.2789,82.0355,2015-09-09,36,2015
"768",94.4776,82.12,87.6057,84.2928,2015-09-16,37,2015
"769",92.5421,80.5169,90.6521,86.1101,2015-09-23,38,2015
"770",98.436,87.2704,93.2488,87.3876,2015-09-30,39,2015
"771",99.1658,101.86,95.2487,88.0574,2015-10-07,40,2015
"772",103.181,90.347,96.5379,88.0894,2015-10-14,41,2015
"773",106.067,99.2015,97.0455,87.4936,2015-10-21,42,2015
"774",114.341,95.9414,96.7478,86.3186,2015-10-28,43,2015
"775",127.643,89.7583,95.6704,84.6472,2015-11-04,44,2015
"776",113.043,89.5992,93.8844,82.5886,2015-11-11,45,2015
"777",98.8259,91.9704,91.5002,80.2684,2015-11-18,46,2015
"778",107.708,92.9658,88.6568,77.8181,2015-11-25,47,2015
"779",93.717,78.7492,85.5108,75.3641,2015-12-02,48,2015
"780",87.3694,77.591,82.2233,73.0181,2015-12-09,49,2015
"781",82.0969,81.5306,78.9479,70.8696,2015-12-16,50,2015
"782",80.2141,76.5671,75.8204,68.9807,2015-12-23,51,2015
"783",74.558,71.7174,72.9511,67.3848,2015-12-30,52,2015
"784",73.5471,67.0479,70.0887,65.9256,2016-01-06,1,2016
"785",74.5951,70.3631,67.9997,64.9456,2016-01-13,2,2016
"786",68.5903,68.0489,66.3135,64.2029,2016-01-20,3,2016
"787",72.08,67.1117,65.0178,63.6488,2016-01-27,4,2016
"788",68.6759,62.941,64.0807,63.2317,2016-02-03,5,2016
"789",65.7323,67.0936,63.4579,62.9034,2016-02-10,6,2016
"790",71.0403,67.7855,63.099,62.6239,2016-02-17,7,2016
"791",72.0784,67.097,62.9536,62.3646,2016-02-24,8,2016
"792",69.6188,66.5583,62.9749,62.109,2016-03-02,9,2016
"793",67.1469,66.2873,63.1228,61.8518,2016-03-09,10,2016
"794",66.6373,65.9515,63.3639,61.5962,2016-03-16,11,2016
"795",66.3389,64.2373,63.6705,61.3503,2016-03-23,12,2016
"796",66.294,64.0287,64.0191,61.1236,2016-03-30,13,2016
"797",69.1826,63.6731,64.3876,60.9236,2016-04-06,14,2016
"798",65.8493,63.5594,64.7536,60.7534,2016-04-13,15,2016
"799",68.6853,63.4118,65.0931,60.6109,2016-04-20,16,2016
"800",67.4483,62.3501,65.3809,60.4899,2016-04-27,17,2016
"801",66.754,61.7878,65.592,60.3822,2016-05-04,18,2016
"802",66.4831,62.5497,65.7051,60.2809,2016-05-11,19,2016
"803",68.9055,62.4048,65.706,60.1844,2016-05-18,20,2016
"804",66.821,64.3129,65.5927,60.1003,2016-05-25,21,2016
"805",67.1735,60.0342,65.3786,60.0478,2016-06-01,22,2016
"806",65.8556,60.0239,65.0957,60.0593,2016-06-08,23,2016
"807",64.9923,58.4955,64.7957,60.1796,2016-06-15,24,2016
"808",63.4634,58.7957,64.5482,60.463,2016-06-22,25,2016
"809",64.7662,60.7694,64.4371,60.9685,2016-06-29,26,2016
"810",63.6572,61.9555,64.5541,61.7534,2016-07-06,27,2016
"811",63.6355,60.7322,64.9903,62.8653,2016-07-13,28,2016
"812",63.1111,61.847,65.8269,64.3356,2016-07-20,29,2016
"813",64.6276,62.34,67.1249,66.1717,2016-07-27,30,2016
"814",67.0771,64.0172,68.9169,68.3529,2016-08-03,31,2016
"815",68.547,66.9096,71.1996,70.8279,2016-08-10,32,2016
"816",69.807,71.2808,73.9296,73.5151,2016-08-17,33,2016
"817",71.5794,67.1992,77.0237,76.3068,2016-08-24,34,2016
"818",75.2065,70.9332,80.361,79.0756,2016-08-31,35,2016
"819",81.8291,89.9477,83.7911,81.684,2016-09-07,36,2016
"820",77.1048,79.7843,87.1435,83.9946,2016-09-14,37,2016
"821",74.9199,73.4669,90.2406,85.8815,2016-09-21,38,2016
"822",75.7073,75.4994,92.9113,87.2411,2016-09-28,39,2016
"823",82.9849,79.3044,95.0042,88.0004,2016-10-05,40,2016
"824",84.6433,77.8891,96.4005,88.1239,2016-10-12,41,2016
"825",81.3769,70.9585,97.0223,87.6157,2016-10-19,42,2016
"826",84.6625,81.4026,96.8392,86.5191,2016-10-26,43,2016
"827",81.6814,72.4635,95.8698,84.9125,2016-11-02,44,2016
"828",86.0029,77.3076,94.1791,82.9017,2016-11-09,45,2016
"829",81.0473,72.5392,91.8724,80.6109,2016-11-16,46,2016
"830",83.1388,71.3189,89.0853,78.1712,2016-11-23,47,2016
"831",77.159,67.0045,85.9726,75.7104,2016-11-30,48,2016
"832",83.4754,68.2813,82.6956,73.343,2016-12-07,49,2016
"833",69.9866,64.4075,79.4096,71.1617,2016-12-14,50,2016
"834",67.986,60.4205,76.2537,69.2331,2016-12-21,51,2016
"835",61.7661,64.9058,73.3419,67.5944,2016-12-28,52,2016
"836",59.9913,60.8575,70.7584,66.2549,2017-01-04,1,2017
"837",60.4328,63.0867,68.5555,65.1995,2017-01-11,2,2017
"838",57.9985,60.6747,66.7545,64.3936,2017-01-18,3,2017
"839",59.8547,59.2976,65.3497,63.7909,2017-01-25,4,2017
"840",58.8215,63.6699,64.3143,63.3399,2017-02-01,5,2017
"841",58.3041,62.3311,63.6067,62.9907,2017-02-08,6,2017
"842",61.579,60.1444,63.1776,62.7007,2017-02-15,7,2017
"843",62.4072,58.7098,62.9762,62.4378,2017-02-22,8,2017
"844",61.5994,57.794,62.9543,62.1822,2017-03-01,9,2017
"845",57.8951,53.4534,63.0697,61.9254,2017-03-08,10,2017
"846",57.683,55.061,63.2872,61.6686,2017-03-15,11,2017
"847",59.717,59.0177,63.5776,61.419,2017-03-22,12,2017
"848",61.3249,59.3903,63.9165,61.1859,2017-03-29,13,2017
"849",60.3633,56.2227,64.2816,60.9778,2017-04-05,14,2017
"850",59.5837,59.4043,64.6507,60.799,2017-04-12,15,2017
"851",62.3199,61.3577,65.0003,60.649,2017-04-19,16,2017
"852",60.0348,54.295,65.3054,60.5227,2017-04-26,17,2017
"853",61.3769,57.4679,65.5409,60.4121,2017-05-03,18,2017
"854",61.5754,57.8844,65.6838,60.3094,2017-05-10,19,2017
"855",62.2894,57.7148,65.7176,60.2113,2017-05-17,20,2017
"856",65.6928,58.2977,65.6363,60.1222,2017-05-24,21,2017
"857",66.8777,58.874,65.4485,60.058,2017-05-31,22,2017
"858",64.0839,57.0607,65.1809,60.0471,2017-06-07,23,2017
"859",64.2115,62.1222,64.8794,60.1311,2017-06-14,24,2017
"860",64.4574,62.3355,64.6088,60.362,2017-06-21,25,2017
"861",63.9674,59.2599,64.4496,60.798,2017-06-28,26,2017
"862",60.071,62.0233,64.4919,61.4976,2017-07-05,27,2017
"863",62.4127,60.0435,64.8281,62.512,2017-07-12,28,2017
"864",64.4526,63.9037,65.543,63.878,2017-07-19,29,2017
"865",65.7653,64.8301,66.7044,65.6104,2017-07-26,30,2017
"866",64.7577,62.5382,68.354,67.6969,2017-08-02,31,2017
"867",66.4941,64.0861,70.4991,70.095,2017-08-09,32,2017
"868",69.7273,66.9212,73.1081,72.7315,2017-08-16,33,2017
"869",68.2544,69.2483,76.1089,75.5056,2017-08-23,34,2017
"870",74.6304,69.8753,79.391,78.2948,2017-08-30,35,2017
"871",71.548,70.4066,82.8113,80.9633,2017-09-06,36,2017
"872",80.1459,76.0681,86.204,83.3725,2017-09-13,37,2017
"873",90.5216,92.3754,89.392,85.3922,2017-09-20,38,2017
"874",88.6493,85.7609,92.2011,86.9113,2017-09-27,39,2017
"875",84.5128,86.2495,94.4728,87.8475,2017-10-04,40,2017
"876",83.892,91.624,96.078,88.154,2017-10-11,41,2017
"877",84.4895,82.4713,96.9263,87.8235,2017-10-18,42,2017
"878",87.6521,83.6171,96.9734,86.8885,2017-10-25,43,2017
"879",96.7402,88.5583,96.224,85.4178,2017-11-01,44,2017
"880",101.474,79.0855,94.7303,83.5105,2017-11-08,45,2017
"881",86.8718,75.7245,92.5869,81.2863,2017-11-15,46,2017
"882",83.143,70.0459,89.9218,78.8758,2017-11-22,47,2017
"883",78.6607,75.3593,86.8858,76.4086,2017-11-29,48,2017
"884",75.2691,64.0385,83.6394,74.004,2017-12-06,49,2017
"885",75.2236,67.9053,80.3409,71.7615,2017-12-13,50,2017
"886",76.7523,68.8205,77.1349,69.7556,2017-12-20,51,2017
"887",76.4747,71.7997,74.1434,68.0319,2017-12-27,52,2017
"888",78.0824,64.4499,71.105,66.4283,2018-01-03,1,2018
"889",68.4719,66.9589,68.8457,65.334,2018-01-10,2,2018
"890",67.2486,66.4214,66.9871,64.4951,2018-01-17,3,2018
"891",69.4092,72.5471,65.5269,63.8665,2018-01-24,4,2018
"892",63.8019,62.5529,64.441,63.397,2018-01-31,5,2018
"893",59.8071,61.9726,63.6895,63.036,2018-02-07,6,2018
"894",65.8296,64.3542,63.2238,62.7398,2018-02-14,7,2018
"895",67.9931,65.0377,62.9929,62.4746,2018-02-21,8,2018
"896",65.0169,62.0722,62.9481,62.2187,2018-02-28,9,2018
"897",64.9358,57.6234,63.0462,61.9622,2018-03-07,10,2018
"898",54.6816,61.045,63.251,61.7051,2018-03-14,11,2018
"899",54.3559,60.4947,63.5326,61.4538,2018-03-21,12,2018
"900",59.481,59.5934,63.866,61.2179,2018-03-28,13,2018
"901",61.9398,63.0349,64.2287,61.0058,2018-04-04,14,2018
"902",62.4495,61.7935,64.5986,60.8227,2018-04-11,15,2018
"903",62.0082,59.099,64.9525,60.6688,2018-04-18,16,2018
"904",66.6378,60.7529,65.2655,60.5396,2018-04-25,17,2018
"905",65.8577,58.9365,65.5124,60.4272,2018-05-02,18,2018
"906",64.8655,58.4231,65.6697,60.3238,2018-05-09,19,2018
"907",65.7413,59.0959,65.7198,60.2249,2018-05-16,20,2018
"908",66.3798,61.164,65.6548,60.1339,2018-05-23,21,2018
"909",64.2149,58.9624,65.4811,60.0647,2018-05-30,22,2018
"910",64.8555,59.5507,65.2225,60.044,2018-06-06,23,2018
"911",65.2793,58.5938,64.9223,60.1114,2018-06-13,24,2018
"912",64.4462,59.35,64.6427,60.3178,2018-06-20,25,2018
"913",63.6273,59.8103,64.4622,60.7209,2018-06-27,26,2018
"914",62.3008,60.3349,64.47,61.3794,2018-07-04,27,2018
"915",63.5468,62.3992,64.7587,62.3463,2018-07-11,28,2018
"916",63.683,62.5408,65.4148,63.6605,2018-07-18,29,2018
"917",68.3557,65.9616,66.5093,65.3406,2018-07-25,30,2018
"918",67.9978,64.4542,68.0878,67.3784,2018-08-01,31,2018
"919",67.625,65.7162,70.1631,69.7358,2018-08-08,32,2018
"920",73.5534,75.2023,72.7093,72.3438,2018-08-15,33,2018
"921",71.5094,71.3135,75.66,75.1053,2018-08-22,34,2018
"922",74.2285,70.7518,78.91,77.9005,2018-08-29,35,2018
"923",73.3648,71.3331,82.3203,80.5947,2018-09-05,36,2018
"924",85.6523,91.6523,85.7277,83.0493,2018-09-12,37,2018
"925",79.0427,74.0533,88.9559,85.132,2018-09-19,38,2018
"926",86.3283,80.084,91.8292,86.7284,2018-09-26,39,2018
"927",88.6512,89.1485,94.1865,87.7517,2018-10-03,40,2018
"928",97.6261,79.0037,95.8934,88.1495,2018-10-10,41,2018
"929",89.4709,82.2009,96.8537,87.9089,2018-10-17,42,2018
"930",89.3344,81.8718,97.0161,87.0568,2018-10-24,43,2018
"931",93.1406,80.9896,96.3784,85.6572,2018-10-31,44,2018
"932",86.6614,72.4628,94.9861,83.8053,2018-11-07,45,2018
"933",89.2459,73.2797,92.9283,81.6186,2018-11-14,46,2018
"934",83.3447,69.1237,90.3289,79.2266,2018-11-21,47,2018
"935",83.0719,67.9836,87.3362,76.7599,2018-11-28,48,2018
"936",81.1972,68.892,84.1099,74.3396,2018-12-05,49,2018
"937",73.3497,67.5254,80.8096,72.0688,2018-12-12,50,2018
"938",73.0881,66.3547,77.5823,70.0256,2018-12-19,51,2018
"939",67.25,65.4617,74.5537,68.2599,2018-12-26,52,2018
"940",67.1026,67.329,71.4594,66.6076,2019-01-02,1,2019
"941",66.326,62.2789,69.1443,65.4737,2019-01-09,2,2019
"942",65.6664,70.0911,67.2279,64.601,2019-01-16,3,2019
"943",68.1339,71.2064,65.7119,63.9454,2019-01-23,4,2019
"944",64.8118,63.1002,64.5746,63.4563,2019-01-30,5,2019
"945",62.4488,62.7768,63.7782,63.0827,2019-02-06,6,2019
"946",64.5867,60.0592,63.2748,62.7796,2019-02-13,7,2019
"947",67.5498,64.3972,63.0134,62.5116,2019-02-20,8,2019
"948",67.514,65.0832,62.9448,62.2552,2019-02-27,9,2019
"949",63.9925,64.1225,63.0249,61.999,2019-03-06,10,2019
"950",65.9481,68.8647,63.2164,61.7417,2019-03-13,11,2019
"951",66.0416,62.8611,63.4887,61.489,2019-03-20,12,2019
"952",62.9305,55.65,63.8161,61.2503,2019-03-27,13,2019
"953",59.5151,57.6538,64.1759,61.0344,2019-04-03,14,2019
"954",63.6942,58.6944,64.5462,60.847,2019-04-10,15,2019
"955",61.6726,63.3851,64.9038,60.6892,2019-04-17,16,2019
"956",62.5727,56.9371,65.2243,60.5568,2019-04-24,17,2019
"957",61.5824,55.7147,65.4821,60.4426,2019-05-01,18,2019
"958",61.2363,58.5582,65.6535,60.3382,2019-05-08,19,2019
"959",60.6574,59.5854,65.7197,60.2388,2019-05-15,20,2019
"960",63.1495,61.4488,65.6711,60.1461,2019-05-22,21,2019
"961",63.5185,58.4023,65.5118,60.0724,2019-05-29,22,2019
"962",62.5598,58.0712,65.2632,60.0426,2019-06-05,23,2019
"963",63.2496,60.3364,64.9655,60.0946,2019-06-12,24,2019
"964",62.7844,58.7358,64.6786,60.2777,2019-06-19,25,2019
"965",64.844,64.184,64.4786,60.649,2019-06-26,26,2019
"966",64.8339,62.8257,64.4538,61.2676,2019-07-03,27,2019
"967",64.6358,63.0495,64.6969,62.1876,2019-07-10,28,2019
"968",63.022,63.0206,65.2957,63.4505,2019-07-17,29,2019
"969",66.0122,65.3273,66.324,65.0782,2019-07-24,30,2019
"970",68.1763,66.1648,67.8318,67.0665,2019-07-31,31,2019
"971",69.0828,65.7766,69.8367,69.3817,2019-08-07,32,2019
"972",69.7492,65.3318,72.3188,71.9593,2019-08-14,33,2019
"973",70.9575,65.9436,75.2173,74.7058,2019-08-21,34,2019
"974",74.0208,69.7627,78.4324,77.5041,2019-08-28,35,2019
"975",79.2907,77.4429,81.8293,80.2213,2019-09-04,36,2019
"976",82.9907,80.4421,85.2477,82.7185,2019-09-11,37,2019
"977",89.4945,83.4172,88.5124,84.8618,2019-09-18,38,2019
"978",86.9068,84.3928,91.4468,86.5338,2019-09-25,39,2019
"979",95.4098,89.713,93.8868,87.643,2019-10-02,40,2019
"980",100.063,89.4579,95.6935,88.1319,2019-10-09,41,2019
"981",96.7218,89.9729,96.7647,87.9818,2019-10-16,42,2019
"982",92.185,84.2393,97.0424,87.2139,2019-10-23,43,2019
"983",88.1037,79.8728,96.5172,85.8874,2019-10-30,44,2019
"984",84.4255,78.3773,95.2282,84.0933,2019-11-06,45,2019
"985",87.8217,76.9716,93.2586,81.9466,2019-11-13,46,2019
"986",89.8873,84.047,90.728,79.5759,2019-11-20,47,2019
"987",86.283,75.0668,87.7818,77.1121,2019-11-27,48,2019
"988",77.2961,70.6139,84.579,74.6784,2019-12-04,49,2019
"989",94.1137,79.1959,81.2798,72.3808,2019-12-11,50,2019
"990",91.9382,100,78.0339,70.3014,2019-12-18,51,2019
"991",110.789,112.021,74.9702,68.4941,2019-12-25,52,2019
"992",86.7045,86.795,71.8213,66.7928,2020-01-01,1,2020
"993",89.3138,116.581,69.4509,65.6189,2020-01-08,2,2020
"994",80.3533,78.1508,67.4769,64.7112,2020-01-15,3,2020
"995",72.3451,74.0362,65.9045,64.0276,2020-01-22,4,2020
"996",66.289,72.4463,64.7152,63.5179,2020-01-29,5,2020
"997",64.7222,68.7505,63.8728,63.1308,2020-02-05,6,2020
"998",69.9851,72.1237,63.3307,62.8201,2020-02-12,7,2020
"999",68.8858,66.719,63.0378,62.5487,2020-02-19,8,2020
"1000",66.9777,65.4706,62.9445,62.2916,2020-02-26,9,2020
"1001",66.6309,64.9691,63.0059,62.0357,2020-03-04,10,2020
"1002",67.4116,63.1021,63.1835,61.7783,2020-03-11,11,2020
"1003",66.0122,64.8493,63.4459,61.5245,2020-03-18,12,2020
"1004",68.0521,65.2174,63.7668,61.2832,2020-03-25,13,2020
"1005",68.1086,63.0195,64.1233,61.0635,2020-04-01,14,2020
"1006",67.0781,62.1731,64.4935,60.8719,2020-04-08,15,2020
"1007",66.8249,65.0187,64.8544,60.71,2020-04-15,16,2020
"1008",66.3716,64.2505,65.1817,60.5744,2020-04-22,17,2020
"1009",67.85,62.6407,65.4501,60.4581,2020-04-29,18,2020
"1010",68.7409,62.3013,65.6351,60.3528,2020-05-06,19,2020
"1011",67.9405,60.1681,65.7171,60.2527,2020-05-13,20,2020
"1012",67.5796,61.6619,65.6851,60.1586,2020-05-20,21,2020
"1013",67.706,63.8514,65.5408,60.0809,2020-05-27,22,2020
"1014",68.8872,62.2635,65.3029,60.0429,2020-06-03,23,2020
"1015",68.3804,64.886,65.009,60.0804,2020-06-10,24,2020
"1016",68.1185,65.9237,64.7162,60.2414,2020-06-17,25,2020
"1017",69.1683,65.1732,64.4986,60.5822,2020-06-24,26,2020
"1018",68.6005,66.3864,64.4432,61.1619,2020-07-01,27,2020
"1019",67.917,65.4601,64.6423,62.0359,2020-07-08,28,2020
"1020",67.3702,66.432,65.1853,63.248,2020-07-15,29,2020
"1021",67.8096,64.0375,66.1486,64.8232,2020-07-22,30,2020
"1022",67.9988,68.4476,67.586,66.7613,2020-07-29,31,2020
"1023",71.2584,66.4151,69.5202,69.0331,2020-08-05,32,2020
"1024",70.1398,64.1679,71.9368,71.5782,2020-08-12,33,2020
"1025",69.6169,68.6729,74.7811,74.3073,2020-08-19,34,2020
"1026",75.6555,79.063,77.9585,77.1061,2020-08-26,35,2020
"1027",81.815,86.8492,81.3388,79.8434,2020-09-02,36,2020
"1028",85.8461,82.5125,84.7646,82.3804,2020-09-09,37,2020
"1029",80.5437,82.9653,88.0622,84.582,2020-09-16,38,2020
"1030",85.2854,88.0466,91.0543,86.3276,2020-09-23,39,2020
"1031",98.6343,100.166,93.5741,87.5216,2020-09-30,40,2020
"1032",87.7836,90.2817,95.4785,88.1012,2020-10-07,41,2020
"1033",95.3369,91.2815,96.6594,88.042,2020-10-14,42,2020
"1034",95.1375,90.5652,97.0522,87.3596,2020-10-21,43,2020
"1035",92.6179,80.818,96.6404,86.1079,2020-10-28,44,2020
"1036",91.5283,84.1707,95.4564,84.374,2020-11-04,45,2020
"1037",91.2498,84.2509,93.5775,82.2701,2020-11-11,46,2020
"1038",93.7729,84.5662,91.1186,79.9232,2020-11-18,47,2020
"1039",84.6738,82.7687,88.2221,77.4649,2020-11-25,48,2020
"1040",78.5681,79.226,85.0461,75.02,2020-12-02,49,2020
"1041",79.8101,67.5296,81.7512,72.6973,2020-12-09,50,2020
"1042",72.0065,66.2627,78.4891,70.5827,2020-12-16,51,2020
"1043",69.2689,62.8677,75.3925,68.7344,2020-12-23,52,2020
"1044",63.5297,62.9402,72.5673,67.1814,2020-12-30,53,2020
"1045",65.4658,58.002,70.0887,65.9256,2021-01-06,1,2021
"1046",60.9776,58.6561,67.9997,64.9456,2021-01-13,2,2021
"1047",61.5886,59.6027,66.3135,64.2029,2021-01-20,3,2021
"1048",60.2762,61.5499,65.0178,63.6488,2021-01-27,4,2021
"1049",61.7214,58.2104,64.0807,63.2317,2021-02-03,5,2021
"1050",58.8655,59.2306,63.4579,62.9034,2021-02-10,6,2021
"1051",59.697,60.5003,63.099,62.6239,2021-02-17,7,2021
"1052",64.1165,61.0533,62.9536,62.3646,2021-02-24,8,2021
"1053",66.4783,60.9278,62.9749,62.109,2021-03-03,9,2021
"1054",63.2398,59.6232,63.1228,61.8518,2021-03-10,10,2021
"1055",60.5572,55.6134,63.3639,61.5962,2021-03-17,11,2021
"1056",57.666,58.9997,63.6705,61.3503,2021-03-24,12,2021
"1057",58.1933,59.9513,64.0191,61.1236,2021-03-31,13,2021
"1058",60.9368,58.6569,64.3876,60.9236,2021-04-07,14,2021
