"","time","NE_Aus_anomaly_co","SE_Aus_anomaly_co","week","year"
"1",2001-01-03,5.05381,6.74014,1,2001
"2",2001-01-10,9.39506,7.9474,2,2001
"3",2001-01-17,18.73,20.2604,3,2001
"4",2001-01-24,10.8904,16.7419,4,2001
"5",2001-01-31,7.87813,3.64503,5,2001
"6",2001-02-07,3.25011,-5.01686,6,2001
"7",2001-02-14,-2.41382,-6.78049,7,2001
"8",2001-02-21,-3.79587,-1.03675,8,2001
"9",2001-02-28,1.14625,1.70236,9,2001
"10",2001-03-07,-0.980045,-2.41483,10,2001
"11",2001-03-14,-0.0518412,1.45955,11,2001
"12",2001-03-21,2.6948,-2.82959,12,2001
"13",2001-03-28,-0.965962,-1.43339,13,2001
"14",2001-04-04,-4.30693,2.51604,14,2001
"15",2001-04-11,-2.45508,-1.09171,15,2001
"16",2001-04-18,-2.89668,0.826589,16,2001
"17",2001-04-25,-2.69004,0.186894,17,2001
"18",2001-05-02,5.97205,6.53927,18,2001
"19",2001-05-09,2.60775,3.72915,19,2001
"20",2001-05-16,0.177494,1.60434,20,2001
"21",2001-05-23,0.699004,1.74174,21,2001
"22",2001-05-30,2.42257,2.73149,22,2001
"23",2001-06-06,4.65233,4.00932,23,2001
"24",2001-06-13,7.09975,5.33753,24,2001
"25",2001-06-20,9.57497,6.56767,25,2001
"26",2001-06-27,11.9737,7.61974,26,2001
"27",2001-07-04,14.1894,8.42237,27,2001
"28",2001-07-11,16.1181,8.91612,28,2001
"29",2001-07-18,17.6553,9.05465,29,2001
"30",2001-07-25,18.6885,8.80462,30,2001
"31",2001-08-01,19.0662,8.13704,31,2001
"32",2001-08-08,18.5021,6.99411,32,2001
"33",2001-08-15,16.3076,5.19857,33,2001
"34",2001-08-22,10.6866,2.18514,34,2001
"35",2001-08-29,7.9226,1.68276,35,2001
"36",2001-09-05,26.9433,12.4055,36,2001
"37",2001-09-12,13.1461,5.50515,37,2001
"38",2001-09-19,9.45811,10.5636,38,2001
"39",2001-09-26,7.84316,9.28694,39,2001
"40",2001-10-03,4.23884,-1.77698,40,2001
"41",2001-10-10,10.5017,-4.76665,41,2001
"42",2001-10-17,-8.05596,-4.61918,42,2001
"43",2001-10-24,4.02504,5.70188,43,2001
"44",2001-10-31,10.5888,-0.789576,44,2001
"45",2001-11-07,25.6337,0.400711,45,2001
"46",2001-11-14,-2.5947,-5.07093,46,2001
"47",2001-11-21,3.39568,-3.59083,47,2001
"48",2001-11-28,-3.5344,-5.62222,48,2001
"49",2001-12-05,17.4291,8.08802,49,2001
"50",2001-12-12,10.4575,-3.10277,50,2001
"51",2001-12-19,-0.458144,0.798813,51,2001
"52",2001-12-26,9.4053,0.728484,52,2001
"53",2002-01-02,12.9268,-0.626315,1,2002
"54",2002-01-09,1.33311,-0.839279,2,2002
"55",2002-01-16,1.90081,0.80388,3,2002
"56",2002-01-23,3.77468,2.93982,4,2002
"57",2002-01-30,7.67365,3.31643,5,2002
"58",2002-02-06,11.2874,-0.991115,6,2002
"59",2002-02-13,8.20611,0.100833,7,2002
"60",2002-02-20,3.71944,1.97753,8,2002
"61",2002-02-27,1.09711,1.04897,9,2002
"62",2002-03-06,5.88098,4.26702,10,2002
"63",2002-03-13,6.74747,3.75922,11,2002
"64",2002-03-20,4.26552,8.93268,12,2002
"65",2002-03-27,-2.08054,-5.14523,13,2002
"66",2002-04-03,2.78239,2.39825,14,2002
"67",2002-04-10,-0.456545,5.4046,15,2002
"68",2002-04-17,0.176833,2.95084,16,2002
"69",2002-04-24,3.51861,4.82879,17,2002
"70",2002-05-01,1.34115,3.06702,18,2002
"71",2002-05-08,0.476064,4.20803,19,2002
"72",2002-05-15,1.41146,3.44215,20,2002
"73",2002-05-22,2.76916,0.883631,21,2002
"74",2002-05-29,2.8591,3.42639,22,2002
"75",2002-06-05,2.63625,4.4268,23,2002
"76",2002-06-12,2.59087,3.53431,24,2002
"77",2002-06-19,0.712205,2.9365,25,2002
"78",2002-06-26,0.728022,4.33565,26,2002
"79",2002-07-03,3.08761,3.50026,27,2002
"80",2002-07-10,2.70089,4.86344,28,2002
"81",2002-07-17,6.57474,4.68801,29,2002
"82",2002-07-24,5.7934,4.14314,30,2002
"83",2002-07-31,5.83925,6.75607,31,2002
"84",2002-08-07,2.74042,-0.6806,32,2002
"85",2002-08-14,-1.70876,2.89879,33,2002
"86",2002-08-21,2.30877,-0.560171,34,2002
"87",2002-08-28,7.29494,4.42743,35,2002
"88",2002-09-04,10.9031,10.8431,36,2002
"89",2002-09-11,11.132,3.33468,37,2002
"90",2002-09-18,10.1014,8.96185,38,2002
"91",2002-09-25,18.5359,5.76893,39,2002
"92",2002-10-02,22.3001,15.0313,40,2002
"93",2002-10-09,24.2772,17.0087,41,2002
"94",2002-10-16,24.225,19.8818,42,2002
"95",2002-10-23,19.7132,13.2101,43,2002
"96",2002-10-30,19.7902,14.6333,44,2002
"97",2002-11-06,26.4911,16.4624,45,2002
"98",2002-11-13,25.0247,21.513,46,2002
"99",2002-11-20,6.89695,17.3365,47,2002
"100",2002-11-27,2.15677,11.1005,48,2002
"101",2002-12-04,4.54445,10.2431,49,2002
"102",2002-12-11,8.30224,11.9353,50,2002
"103",2002-12-18,11.264,12.44,51,2002
"104",2002-12-25,10.5557,7.09645,52,2002
"105",2003-01-01,5.42634,-2.372,1,2003
"106",2003-01-08,3.74673,5.62898,2,2003
"107",2003-01-15,3.99971,7.06302,3,2003
"108",2003-01-22,19.5247,22.6806,4,2003
"109",2003-01-29,12.4926,12.0545,5,2003
"110",2003-02-05,5.04743,9.78719,6,2003
"111",2003-02-12,7.85422,12.2899,7,2003
"112",2003-02-19,2.81189,8.18249,8,2003
"113",2003-02-26,-2.07375,-0.777511,9,2003
"114",2003-03-05,6.47027,2.2888,10,2003
"115",2003-03-12,3.04605,-0.0354916,11,2003
"116",2003-03-19,4.30626,0.130044,12,2003
"117",2003-03-26,2.95461,1.01797,13,2003
"118",2003-04-02,2.4643,1.55723,14,2003
"119",2003-04-09,3.02506,1.41957,15,2003
"120",2003-04-16,-1.12863,-1.62623,16,2003
"121",2003-04-23,-0.997105,2.37835,17,2003
"122",2003-04-30,2.45667,0.737835,18,2003
"123",2003-05-07,0.795865,3.7645,19,2003
"124",2003-05-14,1.53357,1.80857,20,2003
"125",2003-05-21,2.32966,2.57555,21,2003
"126",2003-05-28,2.17181,2.71629,22,2003
"127",2003-06-04,5.24437,4.33636,23,2003
"128",2003-06-11,3.54311,4.18587,24,2003
"129",2003-06-18,3.97054,3.3614,25,2003
"130",2003-06-25,8.04589,3.23717,26,2003
"131",2003-07-02,7.42186,4.67351,27,2003
"132",2003-07-09,6.19669,5.02997,28,2003
"133",2003-07-16,2.79547,5.0803,29,2003
"134",2003-07-23,4.76854,4.0237,30,2003
"135",2003-07-30,4.82468,4.02849,31,2003
"136",2003-08-06,2.17538,3.79049,32,2003
"137",2003-08-13,-1.18921,1.86591,33,2003
"138",2003-08-20,2.19263,-1.61746,34,2003
"139",2003-08-27,1.01051,-2.99084,35,2003
"140",2003-09-03,-2.29056,-3.28508,36,2003
"141",2003-09-10,-2.1348,1.97244,37,2003
"142",2003-09-17,-1.52637,9.05369,38,2003
"143",2003-09-24,-0.424542,2.84433,39,2003
"144",2003-10-01,-3.65905,-3.28193,40,2003
"145",2003-10-08,-1.54255,-0.692147,41,2003
"146",2003-10-15,-5.09762,-4.70901,42,2003
"147",2003-10-22,-4.74508,2.76832,43,2003
"148",2003-10-29,13.3404,-1.64393,44,2003
"149",2003-11-05,3.00702,-0.108791,45,2003
"150",2003-11-12,-3.72759,0.0818261,46,2003
"151",2003-11-19,-1.73342,3.53671,47,2003
"152",2003-11-26,-2.9822,-2.94776,48,2003
"153",2003-12-03,-6.14954,-3.03032,49,2003
"154",2003-12-10,-1.24013,0.294889,50,2003
"155",2003-12-17,2.44729,2.4907,51,2003
"156",2003-12-24,3.86566,3.61067,52,2003
"157",2003-12-31,4.18197,4.04028,53,2003
"158",2004-01-07,4.10781,3.9669,1,2004
"159",2004-01-14,2.92648,2.70306,2,2004
"160",2004-01-21,0.777405,-0.547757,3,2004
"161",2004-01-28,-2.01055,-4.84924,4,2004
"162",2004-02-04,-2.83642,-1.61035,5,2004
"163",2004-02-11,-3.13467,2.29196,6,2004
"164",2004-02-18,-1.39311,1.69648,7,2004
"165",2004-02-25,-1.21899,-1.44286,8,2004
"166",2004-03-03,-2.39675,-2.52722,9,2004
"167",2004-03-10,-1.55029,-2.24899,10,2004
"168",2004-03-17,-0.488562,1.06672,11,2004
"169",2004-03-24,1.26851,0.839272,12,2004
"170",2004-03-31,0.662084,1.53192,13,2004
"171",2004-04-07,-0.718281,1.3168,14,2004
"172",2004-04-14,-0.529376,5.01139,15,2004
"173",2004-04-21,0.074003,0.690086,16,2004
"174",2004-04-28,-2.34125,-1.52506,17,2004
"175",2004-05-05,-1.74096,-0.579554,18,2004
"176",2004-05-12,-0.11763,1.35284,19,2004
"177",2004-05-19,2.24478,1.12577,20,2004
"178",2004-05-26,-0.251283,-2.28685,21,2004
"179",2004-06-02,-2.67286,-0.733085,22,2004
"180",2004-06-09,0.0922569,1.89908,23,2004
"181",2004-06-16,2.28604,1.71072,24,2004
"182",2004-06-23,0.240107,2.25546,25,2004
"183",2004-06-30,1.69486,1.99002,26,2004
"184",2004-07-07,2.13292,2.55952,27,2004
"185",2004-07-14,3.38422,1.75567,28,2004
"186",2004-07-21,5.11724,3.13756,29,2004
"187",2004-07-28,-0.117829,1.19051,30,2004
"188",2004-08-04,-2.15956,0.36944,31,2004
"189",2004-08-11,-0.371614,0.668436,32,2004
"190",2004-08-18,-2.92277,-0.445056,33,2004
"191",2004-08-25,4.62626,3.52831,34,2004
"192",2004-09-01,-2.05214,-2.76943,35,2004
"193",2004-09-08,-1.43995,-5.72273,36,2004
"194",2004-09-15,-2.89771,-3.44811,37,2004
"195",2004-09-22,1.10433,3.06755,38,2004
"196",2004-09-29,2.5011,9.83684,39,2004
"197",2004-10-06,8.17651,8.6744,40,2004
"198",2004-10-13,24.2798,24.8763,41,2004
"199",2004-10-20,16.0222,1.89117,42,2004
"200",2004-10-27,31.6191,8.0685,43,2004
"201",2004-11-03,18.3785,0.72626,44,2004
"202",2004-11-10,19.0371,-2.76297,45,2004
"203",2004-11-17,13.0609,2.03999,46,2004
"204",2004-11-24,-2.3723,-1.40622,47,2004
"205",2004-12-01,1.22304,6.78188,48,2004
"206",2004-12-08,-1.07333,-1.3024,49,2004
"207",2004-12-15,4.32184,0.874962,50,2004
"208",2004-12-22,2.72517,1.88442,51,2004
"209",2004-12-29,-4.85717,-2.57604,52,2004
"210",2005-01-05,-0.0691429,-3.91216,1,2005
"211",2005-01-12,0.0840146,6.17347,2,2005
"212",2005-01-19,-3.48009,-0.983995,3,2005
"213",2005-01-26,0.55099,-0.539195,4,2005
"214",2005-02-02,2.80228,0.327276,5,2005
"215",2005-02-09,2.39202,0.880796,6,2005
"216",2005-02-16,1.57439,0.481563,7,2005
"217",2005-02-23,4.39009,1.18233,8,2005
"218",2005-03-02,0.657572,2.33544,9,2005
"219",2005-03-09,3.93395,-2.06901,10,2005
"220",2005-03-16,-0.141263,0.427022,11,2005
"221",2005-03-23,5.42936,0.326907,12,2005
"222",2005-03-30,0.148432,3.73025,13,2005
"223",2005-04-06,0.664755,1.00753,14,2005
"224",2005-04-13,-0.112216,2.618,15,2005
"225",2005-04-20,2.54041,4.54408,16,2005
"226",2005-04-27,-0.366953,6.52896,17,2005
"227",2005-05-04,4.52039,6.36419,18,2005
"228",2005-05-11,2.38188,2.71207,19,2005
"229",2005-05-18,3.37744,4.18905,20,2005
"230",2005-05-25,3.58405,4.32487,21,2005
"231",2005-06-01,0.724171,4.36608,22,2005
"232",2005-06-08,3.21223,5.50467,23,2005
"233",2005-06-15,4.06828,3.21575,24,2005
"234",2005-06-22,2.15747,3.37583,25,2005
"235",2005-06-29,1.9311,2.43217,26,2005
"236",2005-07-06,-0.780766,1.21752,27,2005
"237",2005-07-13,0.588152,-0.225178,28,2005
"238",2005-07-20,-2.27311,0.0547686,29,2005
"239",2005-07-27,-0.657778,2.14974,30,2005
"240",2005-08-03,-2.89707,0.313022,31,2005
"241",2005-08-10,-0.968477,1.46238,32,2005
"242",2005-08-17,0.835726,1.20687,33,2005
"243",2005-08-24,0.877108,3.02118,34,2005
"244",2005-08-31,-0.212189,4.32687,35,2005
"245",2005-09-07,3.6686,23.3806,36,2005
"246",2005-09-14,2.77874,2.47207,37,2005
"247",2005-09-21,6.10079,13.5379,38,2005
"248",2005-09-28,3.55307,10.3372,39,2005
"249",2005-10-05,7.61396,16.1932,40,2005
"250",2005-10-12,2.18011,16.4264,41,2005
"251",2005-10-19,0.844111,7.68228,42,2005
"252",2005-10-26,-3.85808,2.74412,43,2005
"253",2005-11-02,-4.93152,6.03929,44,2005
"254",2005-11-09,-1.49456,7.2554,45,2005
"255",2005-11-16,-2.82448,-1.22779,46,2005
"256",2005-11-23,-3.53182,-1.70004,47,2005
"257",2005-11-30,-3.00663,-5.49694,48,2005
"258",2005-12-07,-3.10207,-0.335291,49,2005
"259",2005-12-14,5.35274,-0.875026,50,2005
"260",2005-12-21,1.49608,3.04352,51,2005
"261",2005-12-28,-0.580144,4.36265,52,2005
"262",2006-01-04,2.11041,5.24645,1,2006
"263",2006-01-11,1.55588,1.73513,2,2006
"264",2006-01-18,-6.8211,0.265743,3,2006
"265",2006-01-25,-4.53844,3.32814,4,2006
"266",2006-02-01,-4.90133,1.67149,5,2006
"267",2006-02-08,3.00469,-0.337558,6,2006
"268",2006-02-15,-0.085862,0.668017,7,2006
"269",2006-02-22,0.148397,-1.13206,8,2006
"270",2006-03-01,-2.00555,-3.14198,9,2006
"271",2006-03-08,-0.6576,0.341807,10,2006
"272",2006-03-15,-2.26793,0.645102,11,2006
"273",2006-03-22,-2.74076,-1.55341,12,2006
"274",2006-03-29,-1.64486,-1.1321,13,2006
"275",2006-04-05,-1.32397,-2.77294,14,2006
"276",2006-04-12,-3.65682,-3.30164,15,2006
"277",2006-04-19,-3.67456,-4.57625,16,2006
"278",2006-04-26,-2.89323,-0.745118,17,2006
"279",2006-05-03,-2.24659,-2.68217,18,2006
"280",2006-05-10,0.525944,-2.6581,19,2006
"281",2006-05-17,-0.140318,-1.00118,20,2006
"282",2006-05-24,-0.718885,-2.70223,21,2006
"283",2006-05-31,1.94685,0.355854,22,2006
"284",2006-06-07,-0.468738,-0.867754,23,2006
"285",2006-06-14,-2.84807,0.441695,24,2006
"286",2006-06-21,0.0858691,2.96522,25,2006
"287",2006-06-28,0.0993694,0.919833,26,2006
"288",2006-07-05,-1.08684,1.0584,27,2006
"289",2006-07-12,-0.820663,1.18161,28,2006
"290",2006-07-19,-0.425594,-1.37257,29,2006
"291",2006-07-26,-1.03687,-2.28056,30,2006
"292",2006-08-02,1.10314,1.17971,31,2006
"293",2006-08-09,0.341771,-0.392198,32,2006
"294",2006-08-16,2.50498,-0.227196,33,2006
"295",2006-08-23,3.01655,1.56314,34,2006
"296",2006-08-30,2.36531,1.409,35,2006
"297",2006-09-06,0.802892,-0.270674,36,2006
"298",2006-09-13,-0.737934,-2.55851,37,2006
"299",2006-09-20,6.02866,17.139,38,2006
"300",2006-09-27,6.0537,0.857234,39,2006
"301",2006-10-04,2.71488,-2.86961,40,2006
"302",2006-10-11,5.91721,1.71877,41,2006
"303",2006-10-18,6.0885,3.24338,42,2006
"304",2006-10-25,-0.406708,-4.33961,43,2006
"305",2006-11-01,10.8845,-10.1123,44,2006
"306",2006-11-08,1.77538,-3.04748,45,2006
"307",2006-11-15,11.7726,-4.67526,46,2006
"308",2006-11-22,11.468,13.2232,47,2006
"309",2006-11-29,21.0406,27.8633,48,2006
"310",2006-12-06,21.8306,-1.6701,49,2006
"311",2006-12-13,1.97,7.30171,50,2006
"312",2006-12-20,9.2466,13.1874,51,2006
"313",2006-12-27,-1.07365,-3.35243,52,2006
"314",2007-01-03,2.51844,0.449056,1,2007
"315",2007-01-10,1.79455,4.66732,2,2007
"316",2007-01-17,-0.232696,16.009,3,2007
"317",2007-01-24,5.30878,1.20408,4,2007
"318",2007-01-31,5.408,2.0348,5,2007
"319",2007-02-07,7.08656,5.77585,6,2007
"320",2007-02-14,4.57968,0.245606,7,2007
"321",2007-02-21,3.14916,4.85565,8,2007
"322",2007-02-28,5.0298,6.65316,9,2007
"323",2007-03-07,3.69766,4.40571,10,2007
"324",2007-03-14,5.91169,4.71724,11,2007
"325",2007-03-21,-1.31787,1.25217,12,2007
"326",2007-03-28,-2.6585,-1.01941,13,2007
"327",2007-04-04,1.60272,1.46017,14,2007
"328",2007-04-11,-1.01441,2.73643,15,2007
"329",2007-04-18,2.26651,3.95723,16,2007
"330",2007-04-25,2.90304,4.16572,17,2007
"331",2007-05-02,1.57414,2.89032,18,2007
"332",2007-05-09,1.44134,3.41922,19,2007
"333",2007-05-16,2.43462,1.05329,20,2007
"334",2007-05-23,3.47663,1.95132,21,2007
"335",2007-05-30,2.05851,1.20228,22,2007
"336",2007-06-06,0.917495,1.81683,23,2007
"337",2007-06-13,3.90833,3.42511,24,2007
"338",2007-06-20,1.42082,-0.254076,25,2007
"339",2007-06-27,-0.458549,2.21878,26,2007
"340",2007-07-04,1.09974,4.35095,27,2007
"341",2007-07-11,1.28445,3.33042,28,2007
"342",2007-07-18,3.53667,3.71409,29,2007
"343",2007-07-25,1.89596,1.27166,30,2007
"344",2007-08-01,-0.845994,-0.960064,31,2007
"345",2007-08-08,-0.96604,0.801826,32,2007
"346",2007-08-15,-1.78142,0.172982,33,2007
"347",2007-08-22,-2.39088,0.391289,34,2007
"348",2007-08-29,-6.67377,-2.0913,35,2007
"349",2007-09-05,-3.41034,-0.0871907,36,2007
"350",2007-09-12,-0.0952767,0.766747,37,2007
"351",2007-09-19,21.3003,21.4797,38,2007
"352",2007-09-26,8.50154,13.2899,39,2007
"353",2007-10-03,7.45558,18.0415,40,2007
"354",2007-10-10,12.3652,12.0853,41,2007
"355",2007-10-17,20.3448,29.3084,42,2007
"356",2007-10-24,2.90016,13.3904,43,2007
"357",2007-10-31,2.86761,3.2755,44,2007
"358",2007-11-07,-0.365851,-2.30752,45,2007
"359",2007-11-14,-4.0835,1.88625,46,2007
"360",2007-11-21,-5.48659,3.15197,47,2007
"361",2007-11-28,-6.05505,1.7171,48,2007
"362",2007-12-05,3.89672,2.78536,49,2007
"363",2007-12-12,4.51341,2.10337,50,2007
"364",2007-12-19,-2.7072,-2.60535,51,2007
"365",2007-12-26,-8.651,-3.6633,52,2007
"366",2008-01-02,-6.92393,-0.218243,1,2008
"367",2008-01-09,-0.567475,0.478117,2,2008
"368",2008-01-16,1.13987,-0.805983,3,2008
"369",2008-01-23,2.70077,-2.32318,4,2008
"370",2008-01-30,-1.15507,-2.01547,5,2008
"371",2008-02-06,2.56122,-4.44065,6,2008
"372",2008-02-13,5.94898,-4.87605,7,2008
"373",2008-02-20,1.60039,-0.69911,8,2008
"374",2008-02-27,3.34864,-3.8154,9,2008
"375",2008-03-05,1.32853,1.2288,10,2008
"376",2008-03-12,0.854158,5.52708,11,2008
"377",2008-03-19,-1.84058,2.05928,12,2008
"378",2008-03-26,-1.37944,-3.95187,13,2008
"379",2008-04-02,-0.681453,-0.81716,14,2008
"380",2008-04-09,-0.877101,-0.620425,15,2008
"381",2008-04-16,-1.17635,-1.16546,16,2008
"382",2008-04-23,-0.71946,-0.285866,17,2008
"383",2008-04-30,-0.10737,-1.66393,18,2008
"384",2008-05-07,1.18795,-0.761087,19,2008
"385",2008-05-14,1.2204,1.45518,20,2008
"386",2008-05-21,-0.940297,-0.705295,21,2008
"387",2008-05-28,-0.545725,2.26851,22,2008
"388",2008-06-04,0.121325,2.36347,23,2008
"389",2008-06-11,2.09644,-2.08119,24,2008
"390",2008-06-18,-0.359513,-0.124118,25,2008
"391",2008-06-25,0.116678,2.83391,26,2008
"392",2008-07-02,1.76147,3.67128,27,2008
"393",2008-07-09,2.5659,2.32018,28,2008
"394",2008-07-16,4.09612,7.71718,29,2008
"395",2008-07-23,-1.07002,0.035449,30,2008
"396",2008-07-30,-1.77835,0.998107,31,2008
"397",2008-08-06,1.06007,-2.21677,32,2008
"398",2008-08-13,-3.2878,-3.08944,33,2008
"399",2008-08-20,-2.8596,-3.60285,34,2008
"400",2008-08-27,-7.84755,-3.30803,35,2008
"401",2008-09-03,-10.505,-7.62587,36,2008
"402",2008-09-10,-7.3272,-2.40579,37,2008
"403",2008-09-17,-8.26301,-2.64666,38,2008
"404",2008-09-24,-8.47087,-8.05609,39,2008
"405",2008-10-01,-14.2066,-5.41537,40,2008
"406",2008-10-08,-16.9904,-7.68157,41,2008
"407",2008-10-15,-10.9004,-0.12551,42,2008
"408",2008-10-22,-5.17745,0.478281,43,2008
"409",2008-10-29,-3.99331,5.81186,44,2008
"410",2008-11-05,-6.0928,-3.56241,45,2008
"411",2008-11-12,-11.2512,-6.06549,46,2008
"412",2008-11-19,-7.52689,-7.75294,47,2008
"413",2008-11-26,-9.64909,-9.45966,48,2008
"414",2008-12-03,-10.2517,-5.74971,49,2008
"415",2008-12-10,-10.0158,-6.92786,50,2008
"416",2008-12-17,-11.3939,-6.18595,51,2008
"417",2008-12-24,-2.35703,-4.30448,52,2008
"418",2008-12-31,-5.76846,-4.3148,53,2008
"419",2009-01-07,-5.6197,-1.87166,1,2009
"420",2009-01-14,-4.03377,-2.83904,2,2009
"421",2009-01-21,0.835122,-1.79795,3,2009
"422",2009-01-28,-1.75158,0.538314,4,2009
"423",2009-02-04,-2.00118,5.1359,5,2009
"424",2009-02-11,1.49326,6.30737,6,2009
"425",2009-02-18,4.87621,0.75471,7,2009
"426",2009-02-25,-0.799439,1.95769,8,2009
"427",2009-03-04,2.29514,-1.11307,9,2009
"428",2009-03-11,0.485251,-3.59788,10,2009
"429",2009-03-18,-2.99578,-4.39842,11,2009
"430",2009-03-25,-1.68989,-2.06238,12,2009
"431",2009-04-01,-5.17243,-1.56154,13,2009
"432",2009-04-08,-3.89247,-4.58036,14,2009
"433",2009-04-15,-0.981757,-3.84129,15,2009
"434",2009-04-22,-1.32496,-1.35046,16,2009
"435",2009-04-29,-2.09769,-3.97168,17,2009
"436",2009-05-06,-1.1381,-1.15063,18,2009
"437",2009-05-13,2.33364,-0.668209,19,2009
"438",2009-05-20,-2.09108,-2.88428,20,2009
"439",2009-05-27,0.154316,-1.36615,21,2009
"440",2009-06-03,-1.68334,-2.57884,22,2009
"441",2009-06-10,-1.01932,-2.55833,23,2009
"442",2009-06-17,1.5165,-0.283805,24,2009
"443",2009-06-24,4.46915,-1.57063,25,2009
"444",2009-07-01,1.59027,-0.481315,26,2009
"445",2009-07-08,0.803368,-1.38478,27,2009
"446",2009-07-15,-0.394508,-3.87565,28,2009
"447",2009-07-22,-1.69661,-2.59499,29,2009
"448",2009-07-29,-2.23212,-2.94825,30,2009
"449",2009-08-05,-2.96949,-3.67613,31,2009
"450",2009-08-12,-4.181,-4.32783,32,2009
"451",2009-08-19,-5.81912,-5.04504,33,2009
"452",2009-08-26,-7.7851,-5.81345,34,2009
"453",2009-09-02,-9.91521,-6.5525,35,2009
"454",2009-09-09,-11.9897,-7.23623,36,2009
"455",2009-09-16,-13.6181,-7.91196,37,2009
"456",2009-09-23,-14.0756,-8.95625,38,2009
"457",2009-09-30,-11.7734,-11.5631,39,2009
"458",2009-10-07,-7.20996,-16.6801,40,2009
"459",2009-10-14,-6.01251,-15.3454,41,2009
"460",2009-10-21,3.21869,0.662467,42,2009
"461",2009-10-28,-8.89575,-5.33048,43,2009
"462",2009-11-04,-7.16962,-5.00598,44,2009
"463",2009-11-11,-12.5868,-3.35745,45,2009
"464",2009-11-18,1.00201,8.96429,46,2009
"465",2009-11-25,-9.66866,1.03889,47,2009
"466",2009-12-02,-5.51758,-10.1955,48,2009
"467",2009-12-09,1.971,-1.68382,49,2009
"468",2009-12-16,5.84835,-0.77965,50,2009
"469",2009-12-23,-2.91507,-4.34461,51,2009
"470",2009-12-30,-8.23009,-5.42062,52,2009
"471",2010-01-06,-13.6983,-6.54012,1,2010
"472",2010-01-13,-6.35396,-2.24478,2,2010
"473",2010-01-20,-2.73972,-3.8163,3,2010
"474",2010-01-27,3.2982,0.811831,4,2010
"475",2010-02-03,-2.89607,-5.94579,5,2010
"476",2010-02-10,-3.76868,-4.76725,6,2010
"477",2010-02-17,1.03417,-3.55276,7,2010
"478",2010-02-24,-3.15202,-2.19649,8,2010
"479",2010-03-03,-1.15723,-5.4777,9,2010
"480",2010-03-10,-3.11594,-5.1373,10,2010
"481",2010-03-17,-6.28978,-3.04403,11,2010
"482",2010-03-24,-6.26249,-0.577828,12,2010
"483",2010-03-31,-4.77559,-3.07916,13,2010
"484",2010-04-07,-2.17399,-2.49051,14,2010
"485",2010-04-14,-3.21411,-3.88852,15,2010
"486",2010-04-21,-7.36962,-3.24215,16,2010
"487",2010-04-28,-1.07386,-3.58191,17,2010
"488",2010-05-05,-1.94994,-2.0248,18,2010
"489",2010-05-12,-1.8799,-2.10466,19,2010
"490",2010-05-19,-2.47928,-0.224382,20,2010
"491",2010-05-26,-2.46806,-0.954785,21,2010
"492",2010-06-02,-1.94889,-0.344379,22,2010
"493",2010-06-09,-0.884278,-2.49855,23,2010
"494",2010-06-16,0.995925,-0.200849,24,2010
"495",2010-06-23,-0.761375,0.741608,25,2010
"496",2010-06-30,-0.852985,-0.851721,26,2010
"497",2010-07-07,-5.80583,-1.30936,27,2010
"498",2010-07-14,-3.41446,0.592955,28,2010
"499",2010-07-21,-1.83509,-2.4242,29,2010
"500",2010-07-28,-2.30117,-2.43723,30,2010
"501",2010-08-04,-4.74047,-5.03753,31,2010
"502",2010-08-11,-5.0775,-4.54588,32,2010
"503",2010-08-18,-10.6544,-6.76962,33,2010
"504",2010-08-25,-11.3304,-3.24314,34,2010
"505",2010-09-01,-12.6253,-4.83219,35,2010
"506",2010-09-08,-13.7865,2.18626,36,2010
"507",2010-09-15,-16.8233,-7.18232,37,2010
"508",2010-09-22,-15.3626,7.70553,38,2010
"509",2010-09-29,-5.53656,2.46636,39,2010
"510",2010-10-06,-8.72611,11.6941,40,2010
"511",2010-10-13,-3.05159,15.5869,41,2010
"512",2010-10-20,-4.68587,-0.359108,42,2010
"513",2010-10-27,2.11057,10.7585,43,2010
"514",2010-11-03,-3.95408,0.523606,44,2010
"515",2010-11-10,-3.51396,-1.94134,45,2010
"516",2010-11-17,-8.92698,-5.16305,46,2010
"517",2010-11-24,-9.81373,-2.60661,47,2010
"518",2010-12-01,-12.135,-8.33092,48,2010
"519",2010-12-08,-8.18009,-7.06878,49,2010
"520",2010-12-15,-11.0626,-7.18192,50,2010
"521",2010-12-22,-10.3773,-4.81212,51,2010
"522",2010-12-29,-8.7088,-5.2402,52,2010
"523",2011-01-05,-6.95842,-1.95038,1,2011
"524",2011-01-12,-4.89427,-3.66552,2,2011
"525",2011-01-19,-5.23387,-5.99818,3,2011
"526",2011-01-26,-3.88958,-1.19035,4,2011
"527",2011-02-02,-3.72176,-3.97904,5,2011
"528",2011-02-09,-8.24463,-4.59718,6,2011
"529",2011-02-16,-5.26589,-5.01481,7,2011
"530",2011-02-23,-3.89294,-3.53931,8,2011
"531",2011-03-02,-2.1376,-2.91105,9,2011
"532",2011-03-09,-4.76525,-1.98165,10,2011
"533",2011-03-16,-7.26844,-6.40111,11,2011
"534",2011-03-23,-11.8074,-10.3539,12,2011
"535",2011-03-30,-12.5338,-9.12535,13,2011
"536",2011-04-06,-5.26741,-2.97064,14,2011
"537",2011-04-13,-5.1481,-6.8329,15,2011
"538",2011-04-20,-5.36984,-2.87238,16,2011
"539",2011-04-27,0.16702,-2.92769,17,2011
"540",2011-05-04,1.17549,-2.78187,18,2011
"541",2011-05-11,-1.99967,-5.53834,19,2011
"542",2011-05-18,-0.827264,-5.32601,20,2011
"543",2011-05-25,-1.93281,-5.40759,21,2011
"544",2011-06-01,-1.41205,-1.65688,22,2011
"545",2011-06-08,2.21614,-4.54731,23,2011
"546",2011-06-15,-3.0536,-1.83748,24,2011
"547",2011-06-22,-1.41922,-1.10034,25,2011
"548",2011-06-29,-1.74471,-0.583235,26,2011
"549",2011-07-06,-2.41219,-1.44148,27,2011
"550",2011-07-13,-4.00113,-0.443691,28,2011
"551",2011-07-20,-1.30025,-0.958252,29,2011
"552",2011-07-27,2.07406,1.33336,30,2011
"553",2011-08-03,3.83356,3.27443,31,2011
"554",2011-08-10,2.29104,-4.31513,32,2011
"555",2011-08-17,-1.11938,-0.94888,33,2011
"556",2011-08-24,-3.9208,-5.6873,34,2011
"557",2011-08-31,0.55983,-3.16506,35,2011
"558",2011-09-07,-0.262631,-4.49513,36,2011
"559",2011-09-14,-1.75865,-4.25464,37,2011
"560",2011-09-21,19.2844,10.3578,38,2011
"561",2011-09-28,29.0353,4.27942,39,2011
"562",2011-10-05,16.7682,-2.48047,40,2011
"563",2011-10-12,14.3547,4.37284,41,2011
"564",2011-10-19,18.3259,0.916891,42,2011
"565",2011-10-26,9.01495,8.6672,43,2011
"566",2011-11-02,13.7837,-4.28489,44,2011
"567",2011-11-09,11.905,6.01044,45,2011
"568",2011-11-16,9.68424,7.94143,46,2011
"569",2011-11-23,-11.0654,-7.47621,47,2011
"570",2011-11-30,-6.81837,-8.47089,48,2011
"571",2011-12-07,-8.55578,-8.37665,49,2011
"572",2011-12-14,-6.08662,-8.95196,50,2011
"573",2011-12-21,-4.3335,-5.96688,51,2011
"574",2011-12-28,-3.60185,-6.01712,52,2011
"575",2012-01-04,5.11232,1.11677,1,2012
"576",2012-01-11,14.6409,4.64719,2,2012
"577",2012-01-18,3.70553,-0.374605,3,2012
"578",2012-01-25,1.69787,-2.05507,4,2012
"579",2012-02-01,2.13976,-3.23295,5,2012
"580",2012-02-08,0.745054,-6.31615,6,2012
"581",2012-02-15,0.321016,-4.17474,7,2012
"582",2012-02-22,1.6281,2.51295,8,2012
"583",2012-02-29,-5.68159,1.52023,9,2012
"584",2012-03-07,-8.83695,-3.31731,10,2012
"585",2012-03-14,-4.3895,-4.0216,11,2012
"586",2012-03-21,-0.0668479,-3.04821,12,2012
"587",2012-03-28,-1.24182,-2.24097,13,2012
"588",2012-04-04,-0.433253,0.973003,14,2012
"589",2012-04-11,-2.2407,-3.20909,15,2012
"590",2012-04-18,-2.28338,-0.311488,16,2012
"591",2012-04-25,-2.5039,-3.70323,17,2012
"592",2012-05-02,-1.98119,-2.94265,18,2012
"593",2012-05-09,-0.422922,1.58931,19,2012
"594",2012-05-16,-0.78672,-0.987395,20,2012
"595",2012-05-23,-0.00728306,-0.698741,21,2012
"596",2012-05-30,-4.08232,-1.24778,22,2012
"597",2012-06-06,-2.72796,-3.78449,23,2012
"598",2012-06-13,-0.089635,-0.0825011,24,2012
"599",2012-06-20,1.11768,1.16583,25,2012
"600",2012-06-27,0.839727,2.07233,26,2012
"601",2012-07-04,1.50412,-1.60493,27,2012
"602",2012-07-11,4.90705,0.906617,28,2012
"603",2012-07-18,-1.7183,-0.813017,29,2012
"604",2012-07-25,-0.649358,-1.06734,30,2012
"605",2012-08-01,-2.25172,-4.4444,31,2012
"606",2012-08-08,-1.9833,-2.07596,32,2012
"607",2012-08-15,0.58143,1.34995,33,2012
"608",2012-08-22,1.90087,0.055735,34,2012
"609",2012-08-29,4.14352,-2.81351,35,2012
"610",2012-09-05,-4.28218,-5.77614,36,2012
"611",2012-09-12,-8.0447,-5.92118,37,2012
"612",2012-09-19,3.85487,0.873413,38,2012
"613",2012-09-26,11.3726,2.88085,39,2012
"614",2012-10-03,-3.28225,1.2139,40,2012
"615",2012-10-10,-0.141156,-0.254481,41,2012
"616",2012-10-17,6.40859,9.77344,42,2012
"617",2012-10-24,8.67605,7.32717,43,2012
"618",2012-10-31,10.7987,1.79957,44,2012
"619",2012-11-07,3.16883,-4.20953,45,2012
"620",2012-11-14,-1.00702,1.44198,46,2012
"621",2012-11-21,11.7812,0.822503,47,2012
"622",2012-11-28,7.75542,9.73724,48,2012
"623",2012-12-05,13.1917,1.29785,49,2012
"624",2012-12-12,17.4459,7.73277,50,2012
"625",2012-12-19,17.6363,-2.93277,51,2012
"626",2012-12-26,-2.20376,-3.31753,52,2012
"627",2013-01-02,-1.49824,-0.409848,1,2013
"628",2013-01-09,0.829154,4.42814,2,2013
"629",2013-01-16,4.57414,8.79606,3,2013
"630",2013-01-23,10.4557,0.747228,4,2013
"631",2013-01-30,2.78833,-4.49863,5,2013
"632",2013-02-06,5.54901,-2.25174,6,2013
"633",2013-02-13,4.71873,-0.710841,7,2013
"634",2013-02-20,-1.22712,-2.22122,8,2013
"635",2013-02-27,2.7598,-1.42243,9,2013
"636",2013-03-06,-1.83234,-4.10179,10,2013
"637",2013-03-13,-1.78741,-0.910156,11,2013
"638",2013-03-20,-1.40789,-1.49679,12,2013
"639",2013-03-27,-5.81689,-4.40035,13,2013
"640",2013-04-03,-5.77312,-1.91941,14,2013
"641",2013-04-10,-3.09726,0.947743,15,2013
"642",2013-04-17,-1.73753,-1.30097,16,2013
"643",2013-04-24,-2.46487,-2.95879,17,2013
"644",2013-05-01,-0.239588,1.06441,18,2013
"645",2013-05-08,-1.63514,1.69062,19,2013
"646",2013-05-15,-1.99206,-2.11097,20,2013
"647",2013-05-22,-1.04774,-1.14391,21,2013
"648",2013-05-29,0.175802,1.72775,22,2013
"649",2013-06-05,-0.895135,-1.83375,23,2013
"650",2013-06-12,1.43994,0.407958,24,2013
"651",2013-06-19,1.0283,0.150479,25,2013
"652",2013-06-26,3.78135,1.25632,26,2013
"653",2013-07-03,3.75493,3.97867,27,2013
"654",2013-07-10,2.37117,2.51747,28,2013
"655",2013-07-17,2.08333,1.57145,29,2013
"656",2013-07-24,2.42134,-1.02836,30,2013
"657",2013-07-31,-1.21668,-3.52627,31,2013
"658",2013-08-07,-0.0483738,-3.94459,32,2013
"659",2013-08-14,-2.02784,-5.03346,33,2013
"660",2013-08-21,-2.014,-5.77683,34,2013
"661",2013-08-28,-6.65563,-7.41387,35,2013
"662",2013-09-04,-2.16064,-0.203649,36,2013
"663",2013-09-11,-6.7021,-4.4143,37,2013
"664",2013-09-18,-5.02376,-3.0038,38,2013
"665",2013-09-25,2.1181,-3.51537,39,2013
"666",2013-10-02,2.74706,0.394387,40,2013
"667",2013-10-09,-5.18918,-8.86305,41,2013
"668",2013-10-16,-11.0606,-9.81606,42,2013
"669",2013-10-23,-14.2068,-7.79757,43,2013
"670",2013-10-30,-13.3551,-9.744,44,2013
"671",2013-11-06,-13.4888,-7.76404,45,2013
"672",2013-11-13,-9.98377,-15.5931,46,2013
"673",2013-11-20,-11.2021,-11.055,47,2013
"674",2013-11-27,-11.9659,-9.49115,48,2013
"675",2013-12-04,-13.4266,-8.38006,49,2013
"676",2013-12-11,-11.1764,-10.7197,50,2013
"677",2013-12-18,-11.241,-5.83682,51,2013
"678",2013-12-25,-9.88938,-7.23809,52,2013
"679",2014-01-01,2.8741,-2.40509,1,2014
"680",2014-01-08,-1.50284,-5.00092,2,2014
"681",2014-01-15,-2.39788,4.22095,3,2014
"682",2014-01-22,5.24774,3.85008,4,2014
"683",2014-01-29,-0.476497,-0.90229,5,2014
"684",2014-02-05,-3.34445,0.718323,6,2014
"685",2014-02-12,6.03769,5.53127,7,2014
"686",2014-02-19,4.11288,-0.561549,8,2014
"687",2014-02-26,0.818694,-0.528978,9,2014
"688",2014-03-05,-0.59385,-1.93267,10,2014
"689",2014-03-12,2.28119,2.55551,11,2014
"690",2014-03-19,1.79593,-1.24432,12,2014
"691",2014-03-26,-2.84062,-2.42238,13,2014
"692",2014-04-02,-3.09415,-2.01882,14,2014
"693",2014-04-09,1.11038,-2.17127,15,2014
"694",2014-04-16,1.00091,-0.212097,16,2014
"695",2014-04-23,1.43405,0.676117,17,2014
"696",2014-04-30,0.0875389,-1.21011,18,2014
"697",2014-05-07,-1.26179,-2.87563,19,2014
"698",2014-05-14,-1.17284,-3.27595,20,2014
"699",2014-05-21,-0.605503,2.35469,21,2014
"700",2014-05-28,0.989893,1.25703,22,2014
"701",2014-06-04,-1.76048,0.000646594,23,2014
"702",2014-06-11,0.140339,1.89036,24,2014
"703",2014-06-18,1.18429,1.78592,25,2014
"704",2014-06-25,1.86654,1.50603,26,2014
"705",2014-07-02,1.13552,1.6766,27,2014
"706",2014-07-09,2.09259,1.18703,28,2014
"707",2014-07-16,0.686349,-1.10881,29,2014
"708",2014-07-23,1.18788,0.197758,30,2014
"709",2014-07-30,-2.5799,-2.16992,31,2014
"710",2014-08-06,-2.08363,-3.32547,32,2014
"711",2014-08-13,-0.36097,-5.66465,33,2014
"712",2014-08-20,-4.7776,-7.95937,34,2014
"713",2014-08-27,-1.7008,-4.96758,35,2014
"714",2014-09-03,-4.99126,-9.45913,36,2014
"715",2014-09-10,-5.8855,-10.7788,37,2014
"716",2014-09-17,-4.73869,-10.7729,38,2014
"717",2014-09-24,-2.61187,-4.7075,39,2014
"718",2014-10-01,-6.62978,-3.24139,40,2014
"719",2014-10-08,-6.66503,-5.82175,41,2014
"720",2014-10-15,-8.87896,-12.3182,42,2014
"721",2014-10-22,1.11732,1.82566,43,2014
"722",2014-10-29,7.45986,1.7836,44,2014
"723",2014-11-05,0.149036,-2.31227,45,2014
"724",2014-11-12,0.993929,7.59867,46,2014
"725",2014-11-19,7.85263,5.15475,47,2014
"726",2014-11-26,1.06596,-5.09179,48,2014
"727",2014-12-03,-8.36473,-4.53525,49,2014
"728",2014-12-10,-7.34195,-5.62546,50,2014
"729",2014-12-17,-5.39848,-7.06543,51,2014
"730",2014-12-24,-3.59515,-6.29412,52,2014
"731",2014-12-31,-6.62165,-3.38834,53,2014
"732",2015-01-07,-12.4156,-6.03804,1,2015
"733",2015-01-14,-6.3493,-4.70276,2,2015
"734",2015-01-21,-1.52346,-3.16,3,2015
"735",2015-01-28,-0.419178,-6.76705,4,2015
"736",2015-02-04,-2.10159,-4.44947,5,2015
"737",2015-02-11,-1.6043,0.332172,6,2015
"738",2015-02-18,2.72547,1.20949,7,2015
"739",2015-02-25,5.33903,1.91958,8,2015
"740",2015-03-04,3.11125,1.00275,9,2015
"741",2015-03-11,0.837034,-3.12706,10,2015
"742",2015-03-18,1.60019,0.144823,11,2015
"743",2015-03-25,4.28469,1.39901,12,2015
"744",2015-04-01,2.18292,-2.64086,13,2015
"745",2015-04-08,0.156867,-3.19822,14,2015
"746",2015-04-15,2.06673,2.83269,15,2015
"747",2015-04-22,-0.0756302,-5.54245,16,2015
"748",2015-04-29,1.32109,-3.07356,17,2015
"749",2015-05-06,-0.616154,-0.415405,18,2015
"750",2015-05-13,-2.76874,-2.64506,19,2015
"751",2015-05-20,-0.834213,-2.5419,20,2015
"752",2015-05-27,1.75281,-0.131813,21,2015
"753",2015-06-03,-0.259838,-0.274206,22,2015
"754",2015-06-10,1.66749,1.7451,23,2015
"755",2015-06-17,-1.82677,-2.2629,24,2015
"756",2015-06-24,-1.66187,-0.78844,25,2015
"757",2015-07-01,-0.343881,-0.611855,26,2015
"758",2015-07-08,1.39789,0.544325,27,2015
"759",2015-07-15,2.04447,-0.710365,28,2015
"760",2015-07-22,3.53617,0.26953,29,2015
"761",2015-07-29,3.29926,0.145789,30,2015
"762",2015-08-05,0.923478,-0.272685,31,2015
"763",2015-08-12,-1.18916,-3.31481,32,2015
"764",2015-08-19,0.605112,-2.65376,33,2015
"765",2015-08-26,-3.50796,-8.54279,34,2015
"766",2015-09-02,3.49011,-5.2157,35,2015
"767",2015-09-09,0.438739,-1.7784,36,2015
"768",2015-09-16,6.87184,-2.17281,37,2015
"769",2015-09-23,1.89004,-5.59322,38,2015
"770",2015-09-30,5.1872,-0.117176,39,2015
"771",2015-10-07,3.9171,13.8026,40,2015
"772",2015-10-14,6.64308,2.25766,41,2015
"773",2015-10-21,9.02111,11.708,42,2015
"774",2015-10-28,17.5928,9.62277,43,2015
"775",2015-11-04,31.9726,5.11105,44,2015
"776",2015-11-11,19.1586,7.01061,45,2015
"777",2015-11-18,7.32574,11.702,46,2015
"778",2015-11-25,19.0514,15.1477,47,2015
"779",2015-12-02,8.20618,3.38512,48,2015
"780",2015-12-09,5.14618,4.57288,49,2015
"781",2015-12-16,3.14903,10.661,50,2015
"782",2015-12-23,4.3937,7.58644,51,2015
"783",2015-12-30,1.60686,4.33262,52,2015
"784",2016-01-06,3.4584,1.12227,1,2016
"785",2016-01-13,6.59545,5.41747,2,2016
"786",2016-01-20,2.27683,3.84601,3,2016
"787",2016-01-27,7.06226,3.46291,4,2016
"788",2016-02-03,4.59515,-0.290747,5,2016
"789",2016-02-10,2.27436,4.19021,6,2016
"790",2016-02-17,7.94123,5.16153,7,2016
"791",2016-02-24,9.12486,4.73234,8,2016
"792",2016-03-02,6.64386,4.44926,9,2016
"793",2016-03-09,4.02407,4.43551,10,2016
"794",2016-03-16,3.27341,4.35534,11,2016
"795",2016-03-23,2.66842,2.88702,12,2016
"796",2016-03-30,2.27489,2.90508,13,2016
"797",2016-04-06,4.79494,2.74947,14,2016
"798",2016-04-13,1.09568,2.80604,15,2016
"799",2016-04-20,3.59213,2.8009,16,2016
"800",2016-04-27,2.06747,1.86026,17,2016
"801",2016-05-04,1.16204,1.40561,18,2016
"802",2016-05-11,0.778066,2.26886,19,2016
"803",2016-05-18,3.19945,2.22036,20,2016
"804",2016-05-25,1.22834,4.2126,21,2016
"805",2016-06-01,1.79494,-0.0136282,22,2016
"806",2016-06-08,0.759925,-0.0354703,23,2016
"807",2016-06-15,0.196678,-1.68411,24,2016
"808",2016-06-22,-1.08474,-1.66732,25,2016
"809",2016-06-29,0.329123,-0.199144,26,2016
"810",2016-07-06,-0.896918,0.202185,27,2016
"811",2016-07-13,-1.35482,-2.13318,28,2016
"812",2016-07-20,-2.71579,-2.48861,29,2016
"813",2016-07-27,-2.4973,-3.83162,30,2016
"814",2016-08-03,-1.83984,-4.3357,31,2016
"815",2016-08-10,-2.65258,-3.91823,32,2016
"816",2016-08-17,-4.12268,-2.23431,33,2016
"817",2016-08-24,-5.44429,-9.1076,34,2016
"818",2016-08-31,-5.15454,-8.14246,35,2016
"819",2016-09-07,-1.96199,8.2637,36,2016
"820",2016-09-14,-10.0387,-4.21031,37,2016
"821",2016-09-21,-15.3208,-12.4146,38,2016
"822",2016-09-28,-17.204,-11.7417,39,2016
"823",2016-10-05,-12.0194,-8.69606,40,2016
"824",2016-10-12,-11.7572,-10.2348,41,2016
"825",2016-10-19,-15.6453,-16.6571,42,2016
"826",2016-10-26,-12.1767,-5.11654,43,2016
"827",2016-11-02,-14.1884,-12.449,44,2016
"828",2016-11-09,-8.17629,-5.59412,45,2016
"829",2016-11-16,-10.8251,-8.07165,46,2016
"830",2016-11-23,-5.94648,-6.85225,47,2016
"831",2016-11-30,-8.81363,-8.70589,48,2016
"832",2016-12-07,0.779806,-5.0617,49,2016
"833",2016-12-14,-9.42298,-6.75422,50,2016
"834",2016-12-21,-8.26768,-8.81254,51,2016
"835",2016-12-28,-11.5757,-2.68857,52,2016
"836",2017-01-04,-10.7671,-5.39738,1,2017
"837",2017-01-11,-8.12264,-2.11271,2,2017
"838",2017-01-18,-8.75593,-3.71893,3,2017
"839",2017-01-25,-5.49497,-4.49336,4,2017
"840",2017-02-01,-5.4928,0.330047,5,2017
"841",2017-02-08,-5.30252,-0.659568,6,2017
"842",2017-02-15,-1.59866,-2.55633,7,2017
"843",2017-02-22,-0.568953,-3.72804,8,2017
"844",2017-03-01,-1.35486,-4.38817,9,2017
"845",2017-03-08,-5.17464,-8.47198,10,2017
"846",2017-03-15,-5.60421,-6.60763,11,2017
"847",2017-03-22,-3.86063,-2.40128,12,2017
"848",2017-03-29,-2.59163,-1.79568,13,2017
"849",2017-04-05,-3.91825,-4.75505,14,2017
"850",2017-04-12,-5.067,-1.39473,15,2017
"851",2017-04-19,-2.68035,0.708667,16,2017
"852",2017-04-26,-5.27067,-6.22777,17,2017
"853",2017-05-03,-4.16397,-2.94418,18,2017
"854",2017-05-10,-4.10834,-2.42504,19,2017
"855",2017-05-17,-3.42818,-2.49646,20,2017
"856",2017-05-24,0.0565024,-1.82454,21,2017
"857",2017-05-31,1.42919,-1.18398,22,2017
"858",2017-06-07,-1.09704,-2.98637,23,2017
"859",2017-06-14,-0.667846,1.99113,24,2017
"860",2017-06-21,-0.151445,1.97349,25,2017
"861",2017-06-28,-0.482274,-1.53808,26,2017
"862",2017-07-05,-4.42093,0.525752,27,2017
"863",2017-07-12,-2.41541,-2.46851,28,2017
"864",2017-07-19,-1.0904,0.0257003,29,2017
"865",2017-07-26,-0.939139,-0.78029,30,2017
"866",2017-08-02,-3.59626,-5.15867,31,2017
"867",2017-08-09,-4.00502,-6.0089,32,2017
"868",2017-08-16,-3.38076,-5.81026,33,2017
"869",2017-08-23,-7.85449,-6.25728,34,2017
"870",2017-08-30,-4.76061,-8.41954,35,2017
"871",2017-09-06,-11.2633,-10.5567,36,2017
"872",2017-09-13,-6.05807,-7.30443,37,2017
"873",2017-09-20,1.12952,6.98324,38,2017
"874",2017-09-27,-3.5518,-1.15048,39,2017
"875",2017-10-04,-9.96009,-1.59807,40,2017
"876",2017-10-11,-12.186,3.47001,41,2017
"877",2017-10-18,-12.4368,-5.35222,42,2017
"878",2017-10-25,-9.32133,-3.2714,43,2017
"879",2017-11-01,0.516138,3.14049,44,2017
"880",2017-11-08,6.74342,-4.425,45,2017
"881",2017-11-15,-5.7151,-5.56183,46,2017
"882",2017-11-22,-6.77882,-8.82991,47,2017
"883",2017-11-29,-8.22513,-1.04936,48,2017
"884",2017-12-06,-8.37024,-9.96543,49,2017
"885",2017-12-13,-5.11728,-3.85629,50,2017
"886",2017-12-20,-0.382613,-0.935117,51,2017
"887",2017-12-27,2.33134,3.76777,52,2017
"888",2018-01-03,6.97737,-1.97835,1,2018
"889",2018-01-10,-0.373831,1.62489,2,2018
"890",2018-01-17,0.261501,1.9263,3,2018
"891",2018-01-24,3.88224,8.68062,4,2018
"892",2018-01-31,-0.639076,-0.844075,5,2018
"893",2018-02-07,-3.88236,-1.06348,6,2018
"894",2018-02-14,2.6058,1.61438,7,2018
"895",2018-02-21,5.00023,2.56306,8,2018
"896",2018-02-28,2.06882,-0.1465,9,2018
"897",2018-03-07,1.88955,-4.33879,10,2018
"898",2018-03-14,-8.56941,-0.660066,11,2018
"899",2018-03-21,-9.17669,-0.959176,12,2018
"900",2018-03-28,-4.38495,-1.62442,13,2018
"901",2018-04-04,-2.28885,2.02916,14,2018
"902",2018-04-11,-2.14904,0.970815,15,2018
"903",2018-04-18,-2.94426,-1.56982,16,2018
"904",2018-04-25,1.37223,0.213319,17,2018
"905",2018-05-02,0.345253,-1.49071,18,2018
"906",2018-05-09,-0.804185,-1.90063,19,2018
"907",2018-05-16,0.0214797,-1.12908,20,2018
"908",2018-05-23,0.724995,1.03006,21,2018
"909",2018-05-30,-1.26618,-1.10233,22,2018
"910",2018-06-06,-0.366939,-0.493298,23,2018
"911",2018-06-13,0.357026,-1.51762,24,2018
"912",2018-06-20,-0.196486,-0.967784,25,2018
"913",2018-06-27,-0.834852,-0.91061,26,2018
"914",2018-07-04,-2.16922,-1.04457,27,2018
"915",2018-07-11,-1.21187,0.0529852,28,2018
"916",2018-07-18,-1.73186,-1.11972,29,2018
"917",2018-07-25,1.84643,0.621043,30,2018
"918",2018-08-01,-0.089976,-2.9242,31,2018
"919",2018-08-08,-2.53809,-4.01958,32,2018
"920",2018-08-15,0.844153,2.85852,33,2018
"921",2018-08-22,-4.15061,-3.79184,34,2018
"922",2018-08-29,-4.6815,-7.14871,35,2018
"923",2018-09-05,-8.95552,-9.26162,36,2018
"924",2018-09-12,-0.0753957,8.60304,37,2018
"925",2018-09-19,-9.91316,-11.0787,38,2018
"926",2018-09-26,-5.50089,-6.64449,39,2018
"927",2018-10-03,-5.53533,1.39681,40,2018
"928",2018-10-10,1.73264,-9.14584,41,2018
"929",2018-10-17,-7.38274,-5.708,42,2018
"930",2018-10-24,-7.68168,-5.18502,43,2018
"931",2018-10-31,-3.23775,-4.66758,44,2018
"932",2018-11-07,-8.32469,-11.3425,45,2018
"933",2018-11-14,-3.68243,-8.33888,46,2018
"934",2018-11-21,-6.98423,-10.1029,47,2018
"935",2018-11-28,-4.26425,-8.7763,48,2018
"936",2018-12-05,-2.9127,-5.4477,49,2018
"937",2018-12-12,-7.4599,-4.54347,50,2018
"938",2018-12-19,-4.49423,-3.67094,51,2018
"939",2018-12-26,-7.30371,-2.79821,52,2018
"940",2019-01-02,-4.35674,0.721478,1,2019
"941",2019-01-09,-2.81823,-3.19486,2,2019
"942",2019-01-16,-1.56146,5.49019,3,2019
"943",2019-01-23,2.42201,7.26097,4,2019
"944",2019-01-30,0.237193,-0.35606,5,2019
"945",2019-02-06,-1.32937,-0.305938,6,2019
"946",2019-02-13,1.31197,-2.72042,7,2019
"947",2019-02-20,4.53645,1.88563,8,2019
"948",2019-02-27,4.56923,2.828,9,2019
"949",2019-03-06,0.967603,2.12352,10,2019
"950",2019-03-13,2.73168,7.12304,11,2019
"951",2019-03-20,2.55292,1.37208,12,2019
"952",2019-03-27,-0.885521,-5.60025,13,2019
"953",2019-04-03,-4.66076,-3.38054,14,2019
"954",2019-04-10,-0.851912,-2.15259,15,2019
"955",2019-04-17,-3.23123,2.6959,16,2019
"956",2019-04-24,-2.65156,-3.61976,17,2019
"957",2019-05-01,-3.89975,-4.7279,18,2019
"958",2019-05-08,-4.41715,-1.78003,19,2019
"959",2019-05-15,-5.0623,-0.65333,20,2019
"960",2019-05-22,-2.52157,1.30277,21,2019
"961",2019-05-29,-1.99338,-1.67007,22,2019
"962",2019-06-05,-2.70337,-1.97138,23,2019
"963",2019-06-12,-1.71593,0.24184,24,2019
"964",2019-06-19,-1.89412,-1.54189,25,2019
"965",2019-06-26,0.365439,3.53503,26,2019
"966",2019-07-03,0.380027,1.55808,27,2019
"967",2019-07-10,-0.0610783,0.861874,28,2019
"968",2019-07-17,-2.27364,-0.429928,29,2019
"969",2019-07-24,-0.311829,0.249131,30,2019
"970",2019-07-31,0.344514,-0.901721,31,2019
"971",2019-08-07,-0.753893,-3.60509,32,2019
"972",2019-08-14,-2.56958,-6.62748,33,2019
"973",2019-08-21,-4.25985,-8.76223,34,2019
"974",2019-08-28,-4.41159,-7.74141,35,2019
"975",2019-09-04,-2.53866,-2.77839,36,2019
"976",2019-09-11,-2.25697,-2.27636,37,2019
"977",2019-09-18,0.982119,-1.44463,38,2019
"978",2019-09-25,-4.54001,-2.14098,39,2019
"979",2019-10-02,1.52303,2.07003,40,2019
"980",2019-10-09,4.36932,1.32598,41,2019
"981",2019-10-16,-0.0428884,1.99115,42,2019
"982",2019-10-23,-4.85736,-2.97461,43,2019
"983",2019-10-30,-8.41357,-6.01452,44,2019
"984",2019-11-06,-10.8027,-5.71596,45,2019
"985",2019-11-13,-5.4369,-4.97499,46,2019
"986",2019-11-20,-0.840707,4.4711,47,2019
"987",2019-11-27,-1.49875,-2.0453,48,2019
"988",2019-12-04,-7.28294,-4.06452,49,2019
"989",2019-12-11,12.8339,6.81505,50,2019
"990",2019-12-18,13.9043,29.6988,51,2019
"991",2019-12-25,35.8188,43.5265,52,2019
"992",2020-01-01,14.8832,20.0022,1,2020
"993",2020-01-08,19.8628,50.9623,2,2020
"994",2020-01-15,12.8764,13.4396,3,2020
"995",2020-01-22,6.44057,10.0086,4,2020
"996",2020-01-29,1.57382,8.92834,5,2020
"997",2020-02-05,0.84934,5.61965,6,2020
"998",2020-02-12,6.65445,9.3037,7,2020
"999",2020-02-19,5.84802,4.17025,8,2020
"1000",2020-02-26,4.0332,3.17893,9,2020
"1001",2020-03-04,3.62501,2.93338,10,2020
"1002",2020-03-11,4.22814,1.32376,11,2020
"1003",2020-03-18,2.56637,3.32484,12,2020
"1004",2020-03-25,4.28531,3.93424,13,2020
"1005",2020-04-01,3.98526,1.956,14,2020
"1006",2020-04-08,2.58459,1.30113,15,2020
"1007",2020-04-15,1.97043,4.30873,16,2020
"1008",2020-04-22,1.18984,3.67609,17,2020
"1009",2020-04-29,2.3999,2.18257,18,2020
"1010",2020-05-06,3.1058,1.94851,19,2020
"1011",2020-05-13,2.22335,-0.0845901,20,2020
"1012",2020-05-20,1.8945,1.50336,21,2020
"1013",2020-05-27,2.16526,3.77044,22,2020
"1014",2020-06-03,3.58436,2.22067,23,2020
"1015",2020-06-10,3.37141,4.80562,24,2020
"1016",2020-06-17,3.40238,5.68228,25,2020
"1017",2020-06-24,4.66975,4.59106,26,2020
"1018",2020-07-01,4.15739,5.22443,27,2020
"1019",2020-07-08,3.27468,3.42411,28,2020
"1020",2020-07-15,2.1849,3.18402,29,2020
"1021",2020-07-22,1.66101,-0.785668,30,2020
"1022",2020-07-29,0.412882,1.68629,31,2020
"1023",2020-08-05,1.73823,-2.61799,32,2020
"1024",2020-08-12,-1.79706,-7.4103,33,2020
"1025",2020-08-19,-5.16425,-5.63438,34,2020
"1026",2020-08-26,-2.30295,1.95685,35,2020
"1027",2020-09-02,0.476263,7.00583,36,2020
"1028",2020-09-09,1.08147,0.13214,37,2020
"1029",2020-09-16,-7.51849,-1.61664,38,2020
"1030",2020-09-23,-5.76893,1.71903,39,2020
"1031",2020-09-30,5.06024,12.6444,40,2020
"1032",2020-10-07,-7.6949,2.18054,41,2020
"1033",2020-10-14,-1.3225,3.23953,42,2020
"1034",2020-10-21,-1.91466,3.20558,43,2020
"1035",2020-10-28,-4.02255,-5.28995,44,2020
"1036",2020-11-04,-3.92814,-0.203379,45,2020
"1037",2020-11-11,-2.32767,1.98082,46,2020
"1038",2020-11-18,2.65432,4.64292,47,2020
"1039",2020-11-25,-3.54836,5.3038,48,2020
"1040",2020-12-02,-6.47802,4.20598,49,2020
"1041",2020-12-09,-1.94114,-5.16776,50,2020
"1042",2020-12-16,-6.48267,-4.32006,51,2020
"1043",2020-12-23,-6.12359,-5.86667,52,2020
"1044",2020-12-30,-9.03761,-4.24121,53,2020
"1045",2021-01-06,-4.62287,-7.92359,1,2021
"1046",2021-01-13,-7.0221,-6.28952,2,2021
"1047",2021-01-20,-4.72487,-4.60023,3,2021
"1048",2021-01-27,-4.74159,-2.09893,4,2021
"1049",2021-02-03,-2.35929,-5.0213,5,2021
"1050",2021-02-10,-4.59238,-3.67283,6,2021
"1051",2021-02-17,-3.40201,-2.1236,7,2021
"1052",2021-02-24,1.163,-1.31136,8,2021
"1053",2021-03-03,3.50335,-1.18128,9,2021
"1054",2021-03-10,0.116955,-2.22865,10,2021
"1055",2021-03-17,-2.80667,-5.98275,11,2021
"1056",2021-03-24,-6.00448,-2.35058,12,2021
"1057",2021-03-31,-5.82585,-1.17233,13,2021
"1058",2021-04-07,-3.45084,-2.26671,14,2021
"1059",2021-04-14,-0.458421,-2.51937,15,2021
"1060",2021-04-21,1.39871,-0.370385,16,2021
"1061",2021-04-28,-0.187306,-0.119648,17,2021
"1062",2021-05-05,-0.347079,-1.79925,18,2021
"1063",2021-05-12,-2.65423,-2.64913,19,2021
"1064",2021-05-19,-0.505203,-1.92548,20,2021
"1065",2021-05-26,-1.33398,-2.17419,21,2021
"1066",2021-06-02,0.444992,-0.940229,22,2021
"1067",2021-06-09,-0.142059,-1.64023,23,2021
"1068",2021-06-16,2.64721,-0.70855,24,2021
"1069",2021-06-23,-0.492832,-2.15559,25,2021
"1070",2021-06-30,-2.06776,-1.37725,26,2021
"1071",2021-07-07,0.91066,0.00666489,27,2021
"1072",2021-07-14,1.03161,-1.84336,28,2021
"1073",2021-07-21,0.115612,-1.4487,29,2021
"1074",2021-07-28,1.51987,-2.36638,30,2021
"1075",2021-08-04,-2.2356,-4.6302,31,2021
"1076",2021-08-11,-4.06703,-4.83846,32,2021
"1077",2021-08-18,-3.15676,-2.49018,33,2021
"1078",2021-08-25,-1.09961,-1.43584,34,2021
"1079",2021-09-01,3.74106,21.0004,35,2021
"1080",2021-09-08,-5.13899,0.830987,36,2021
"1081",2021-09-15,-7.98577,-4.34146,37,2021
"1082",2021-09-22,-9.35896,-1.83869,38,2021
"1083",2021-09-29,-9.83992,-7.10821,39,2021
"1084",2021-10-06,-6.28116,1.06756,40,2021
"1085",2021-10-13,-10.3402,-11.9368,41,2021
"1086",2021-10-20,-4.97472,-6.18486,42,2021
"1087",2021-10-27,3.42622,-4.77745,43,2021
"1088",2021-11-03,-6.61304,-7.93819,44,2021
"1089",2021-11-10,-15.9334,-14.6104,45,2021
"1090",2021-11-17,-13.0729,-8.55408,46,2021
"1091",2021-11-24,-11.9303,-13.2587,47,2021
"1092",2021-12-01,-11.2878,-8.22769,48,2021
"1093",2021-12-08,-9.65936,-8.50891,49,2021
"1094",2021-12-15,-4.21169,-3.957,50,2021
"1095",2021-12-22,-0.761084,-2.84954,51,2021
"1096",2021-12-29,-5.77478,-9.42017,52,2021
